2026-01-06 15:49:48,344 - Knowledge - INFO - Created shared MongoDB connection pool
2026-01-06 15:49:48,658 - Knowledge - INFO - Starting Knowledge Graph processing with 20 threads
2026-01-06 15:49:48,851 - Knowledge - INFO - Initial configuration: chunk_size=65536, max_cache_size=500
2026-01-06 15:49:49,004 - Knowledge - INFO - Knowledge Graph concurrency configuration: workers=20, max_batch_size=10, max_concurrent_llm_calls=50
2026-01-06 15:49:50,791 - Knowledge - INFO - 🔍 _load_persisted_knowledge called - checking for Redis optimization
2026-01-06 15:49:50,978 - Knowledge - WARNING - ❌ load_from_redis method not found - Redis support not attached
2026-01-06 15:49:51,160 - Knowledge - INFO - load persisted knowledge: begin
2026-01-06 15:49:51,387 - Knowledge - INFO - Loaded 0 files from persisted knowledge
2026-01-06 15:49:51,560 - Knowledge - INFO - load persisted knowledge: end
2026-01-06 15:49:51,729 - Knowledge - WARNING - No persisted knowledge found. Files will be queued during start()
2026-01-06 15:49:51,919 - Knowledge - INFO - Redis support added with prefix knowledge:b5516nj:
2026-01-06 15:49:53,460 - Knowledge - INFO - Starting knowledge initialization for ID: F9Bt04-b5516nj
2026-01-06 15:49:53,630 - Knowledge - INFO - 🔍 Checking Redis for build_id: b5516nj
2026-01-06 15:49:53,815 - Knowledge - INFO - 🔍 Full session ID: F9Bt04-b5516nj
2026-01-06 15:49:53,997 - Knowledge - INFO - 🔍 Redis prefix will be: knowledge:b5516nj:
2026-01-06 15:49:54,207 - Knowledge - INFO - 🔍 Using attached load_from_redis() method
2026-01-06 15:49:54,412 - Knowledge - INFO - 🔍 Attempting to load knowledge from Redis...
2026-01-06 15:49:54,552 - Knowledge - INFO - 🔍 Using derived instance_id for Redis lookup: b5516nj
2026-01-06 15:49:54,754 - Knowledge - WARNING - ❌ No Redis cache found
2026-01-06 15:49:54,954 - Knowledge - INFO - 📁 Loading knowledge from disk...
2026-01-06 15:49:55,170 - Knowledge - INFO - load persisted docinfo: begin
2026-01-06 15:49:55,319 - Knowledge - INFO - load persisted docinfo: end
2026-01-06 15:49:55,543 - Knowledge - INFO - 🔍 _load_persisted_knowledge called - checking for Redis optimization
2026-01-06 15:49:55,757 - Knowledge - INFO - ✅ load_from_redis method found - attempting Redis load
2026-01-06 15:49:55,936 - Knowledge - INFO - 🔍 Attempting to load knowledge from Redis...
2026-01-06 15:49:56,142 - Knowledge - INFO - 🔍 Using derived instance_id for Redis lookup: b5516nj
2026-01-06 15:49:56,297 - Knowledge - WARNING - ❌ No Redis cache found
2026-01-06 15:49:56,495 - Knowledge - INFO - ❌ Redis load returned False - falling back to file loading
2026-01-06 15:49:56,658 - Knowledge - INFO - load persisted knowledge: begin
2026-01-06 15:49:56,867 - Knowledge - INFO - Loaded 0 files from persisted knowledge
2026-01-06 15:49:57,043 - Knowledge - INFO - load persisted knowledge: end
2026-01-06 15:49:57,193 - Knowledge - INFO - 📁 Disk load complete in 2.08s
2026-01-06 15:49:57,376 - Knowledge - INFO - Populating ingest queue with source files...
2026-01-06 15:49:57,824 - Knowledge - INFO - Added 146 files from /app/data/T0015/303209/b5516nj/internet-banking-concept-microservices-303209 to ingest queue
2026-01-06 15:49:57,988 - Knowledge - INFO - [WEBSOCKET] Sent: Type=progress_update, Size: 160, Duration: 0ms
2026-01-06 15:49:58,202 - Knowledge - INFO - Worker kw1 created using shared MongoDB connection pool
2026-01-06 15:49:58,388 - Knowledge - INFO - knowledge worker kw1 start
2026-01-06 15:49:58,388 - Knowledge - INFO - Worker kw2 created using shared MongoDB connection pool
2026-01-06 15:49:58,576 - Knowledge - INFO - [kw1] Queue=146, InProgress=0, PendingWorkers=0/1, Completed=0/146 (0.0%)
2026-01-06 15:49:58,687 - Knowledge - INFO - knowledge worker kw2 start
2026-01-06 15:49:58,687 - Knowledge - INFO - Worker kw3 created using shared MongoDB connection pool
2026-01-06 15:49:58,779 - Knowledge - INFO - Batch sizing: calculated=5, max_allowed=10, queue=146, active_workers=0/2
2026-01-06 15:49:58,896 - Knowledge - INFO - [kw2] Queue=146, InProgress=0, PendingWorkers=0/2, Completed=0/146 (0.0%)
2026-01-06 15:49:58,990 - Knowledge - INFO - knowledge worker kw3 start
2026-01-06 15:49:58,990 - Knowledge - INFO - Worker kw4 created using shared MongoDB connection pool
2026-01-06 15:49:59,107 - Knowledge - INFO - Worker kw1 processing /app/data/T0015/303209/b5516nj/internet-banking-concept-microservices-303209/internet-banking-service-registry/src/test/java/com/javatodev/finance/InternetBankingServiceRegistryApplicationTests.java
2026-01-06 15:49:59,187 - Knowledge - INFO - Batch sizing: calculated=5, max_allowed=10, queue=146, active_workers=1/3
2026-01-06 15:49:59,272 - Knowledge - INFO - [kw3] Queue=141, InProgress=0, PendingWorkers=1/3, Completed=0/146 (0.0%)
2026-01-06 15:49:59,361 - Knowledge - INFO - knowledge worker kw4 start
2026-01-06 15:49:59,361 - Knowledge - INFO - Worker kw5 created using shared MongoDB connection pool
2026-01-06 15:49:59,489 - Knowledge - INFO - Fast-tracked /app/data/T0015/303209/b5516nj/internet-banking-concept-microservices-303209/internet-banking-service-registry/src/test/java/com/javatodev/finance/InternetBankingServiceRegistryApplicationTests.java (ext=.java, size=246)
2026-01-06 15:49:59,563 - Knowledge - INFO - Worker kw2 processing /app/data/T0015/303209/b5516nj/internet-banking-concept-microservices-303209/internet-banking-fund-transfer-service/src/test/java/com/javatodev/finance/InternetBankingFundTransferServiceApplicationTests.java
2026-01-06 15:49:59,638 - Knowledge - INFO - Batch sizing: calculated=5, max_allowed=10, queue=141, active_workers=2/4
2026-01-06 15:49:59,723 - Knowledge - INFO - [kw4] Queue=136, InProgress=0, PendingWorkers=2/4, Completed=0/146 (0.0%)
2026-01-06 15:49:59,842 - Knowledge - INFO - knowledge worker kw5 start
2026-01-06 15:49:59,844 - Knowledge - INFO - Worker kw6 created using shared MongoDB connection pool
2026-01-06 15:49:59,916 - Knowledge - INFO - Worker kw1 processing /app/data/T0015/303209/b5516nj/internet-banking-concept-microservices-303209/internet-banking-service-registry/src/main/java/com/javatodev/finance/InternetBankingServiceRegistryApplication.java
2026-01-06 15:50:00,020 - Knowledge - INFO - Fast-tracked /app/data/T0015/303209/b5516nj/internet-banking-concept-microservices-303209/internet-banking-fund-transfer-service/src/test/java/com/javatodev/finance/InternetBankingFundTransferServiceApplicationTests.java (ext=.java, size=250)
2026-01-06 15:50:00,111 - Knowledge - INFO - Worker kw3 processing /app/data/T0015/303209/b5516nj/internet-banking-concept-microservices-303209/internet-banking-fund-transfer-service/src/main/java/com/javatodev/finance/service/rest/client/BankingCoreFeignClient.java
2026-01-06 15:50:00,196 - Knowledge - INFO - Batch sizing: calculated=5, max_allowed=10, queue=136, active_workers=3/5
2026-01-06 15:50:00,284 - Knowledge - INFO - [kw5] Queue=131, InProgress=0, PendingWorkers=3/5, Completed=0/146 (0.0%)
2026-01-06 15:50:00,399 - Knowledge - INFO - knowledge worker kw6 start
2026-01-06 15:50:00,399 - Knowledge - INFO - Worker kw7 created using shared MongoDB connection pool
2026-01-06 15:50:00,508 - Knowledge - INFO - Fast-tracked /app/data/T0015/303209/b5516nj/internet-banking-concept-microservices-303209/internet-banking-service-registry/src/main/java/com/javatodev/finance/InternetBankingServiceRegistryApplication.java (ext=.java, size=469)
2026-01-06 15:50:00,574 - Knowledge - INFO - Worker kw2 processing /app/data/T0015/303209/b5516nj/internet-banking-concept-microservices-303209/internet-banking-fund-transfer-service/src/test/resources/application.yml
2026-01-06 15:50:00,685 - Knowledge - INFO - Fast-tracked /app/data/T0015/303209/b5516nj/internet-banking-concept-microservices-303209/internet-banking-fund-transfer-service/src/main/java/com/javatodev/finance/service/rest/client/BankingCoreFeignClient.java (ext=.java, size=1156)
2026-01-06 15:50:00,792 - Knowledge - INFO - Worker kw4 processing /app/data/T0015/303209/b5516nj/internet-banking-concept-microservices-303209/internet-banking-fund-transfer-service/src/main/java/com/javatodev/finance/model/mapper/FundTransferMapper.java
2026-01-06 15:50:00,868 - Knowledge - INFO - Batch sizing: calculated=5, max_allowed=10, queue=131, active_workers=4/6
2026-01-06 15:50:00,966 - Knowledge - INFO - [kw6] Queue=126, InProgress=0, PendingWorkers=4/6, Completed=0/146 (0.0%)
2026-01-06 15:50:01,022 - Knowledge - INFO - knowledge worker kw7 start
2026-01-06 15:50:01,023 - Knowledge - INFO - Worker kw8 created using shared MongoDB connection pool
2026-01-06 15:50:01,113 - Knowledge - INFO - Worker kw1 processing /app/data/T0015/303209/b5516nj/internet-banking-concept-microservices-303209/internet-banking-service-registry/src/main/resources/application.yml
2026-01-06 15:50:01,223 - Knowledge - INFO - Fast-tracked /app/data/T0015/303209/b5516nj/internet-banking-concept-microservices-303209/internet-banking-fund-transfer-service/src/test/resources/application.yml (ext=.yml, size=520)
2026-01-06 15:50:01,286 - Knowledge - INFO - Worker kw3 processing /app/data/T0015/303209/b5516nj/internet-banking-concept-microservices-303209/internet-banking-fund-transfer-service/src/main/java/com/javatodev/finance/service/FundTransferService.java
2026-01-06 15:50:01,402 - Knowledge - INFO - Fast-tracked /app/data/T0015/303209/b5516nj/internet-banking-concept-microservices-303209/internet-banking-fund-transfer-service/src/main/java/com/javatodev/finance/model/mapper/FundTransferMapper.java (ext=.java, size=830)
2026-01-06 15:50:01,514 - Knowledge - INFO - Worker kw5 processing /app/data/T0015/303209/b5516nj/internet-banking-concept-microservices-303209/internet-banking-fund-transfer-service/src/main/java/com/javatodev/finance/model/dto/response/AccountResponse.java
2026-01-06 15:50:01,589 - Knowledge - INFO - Batch sizing: calculated=5, max_allowed=10, queue=126, active_workers=5/7
2026-01-06 15:50:01,671 - Knowledge - INFO - [kw7] Queue=121, InProgress=0, PendingWorkers=5/7, Completed=0/146 (0.0%)
2026-01-06 15:50:01,781 - Knowledge - INFO - knowledge worker kw8 start
2026-01-06 15:50:01,782 - Knowledge - INFO - Worker kw9 created using shared MongoDB connection pool
2026-01-06 15:50:01,866 - Knowledge - INFO - Fast-tracked /app/data/T0015/303209/b5516nj/internet-banking-concept-microservices-303209/internet-banking-service-registry/src/main/resources/application.yml (ext=.yml, size=226)
2026-01-06 15:50:01,946 - Knowledge - INFO - Worker kw2 processing /app/data/T0015/303209/b5516nj/internet-banking-concept-microservices-303209/internet-banking-fund-transfer-service/src/main/java/com/javatodev/finance/configuration/CustomFeignClientConfiguration.java
2026-01-06 15:50:02,067 - Knowledge - INFO - Worker kw3 processing /app/data/T0015/303209/b5516nj/internet-banking-concept-microservices-303209/internet-banking-fund-transfer-service/src/main/java/com/javatodev/finance/model/repository/FundTransferRepository.java
2026-01-06 15:50:02,130 - Knowledge - INFO - Worker kw4 processing /app/data/T0015/303209/b5516nj/internet-banking-concept-microservices-303209/internet-banking-fund-transfer-service/src/main/java/com/javatodev/finance/model/entity/FundTransferEntity.java
2026-01-06 15:50:02,213 - Knowledge - INFO - Fast-tracked /app/data/T0015/303209/b5516nj/internet-banking-concept-microservices-303209/internet-banking-fund-transfer-service/src/main/java/com/javatodev/finance/model/dto/response/AccountResponse.java (ext=.java, size=318)
2026-01-06 15:50:02,317 - Knowledge - INFO - Worker kw6 processing /app/data/T0015/303209/b5516nj/internet-banking-concept-microservices-303209/internet-banking-fund-transfer-service/src/main/java/com/javatodev/finance/exception/ErrorResponse.java
2026-01-06 15:50:02,459 - Knowledge - INFO - Batch sizing: calculated=5, max_allowed=10, queue=121, active_workers=6/8
2026-01-06 15:50:02,544 - Knowledge - INFO - [kw8] Queue=116, InProgress=0, PendingWorkers=6/8, Completed=0/146 (0.0%)
2026-01-06 15:50:02,653 - Knowledge - INFO - knowledge worker kw9 start
2026-01-06 15:50:02,653 - Knowledge - INFO - Worker kw10 created using shared MongoDB connection pool
2026-01-06 15:50:02,736 - Knowledge - INFO - Worker kw1 processing /app/data/T0015/303209/b5516nj/internet-banking-concept-microservices-303209/internet-banking-service-registry/settings.gradle
2026-01-06 15:50:02,860 - Knowledge - INFO - Fast-tracked /app/data/T0015/303209/b5516nj/internet-banking-concept-microservices-303209/internet-banking-fund-transfer-service/src/main/java/com/javatodev/finance/configuration/CustomFeignClientConfiguration.java (ext=.java, size=367)
2026-01-06 15:50:02,937 - Knowledge - INFO - Fast-tracked /app/data/T0015/303209/b5516nj/internet-banking-concept-microservices-303209/internet-banking-fund-transfer-service/src/main/java/com/javatodev/finance/model/repository/FundTransferRepository.java (ext=.java, size=266)
2026-01-06 15:50:03,023 - Knowledge - INFO - Fast-tracked /app/data/T0015/303209/b5516nj/internet-banking-concept-microservices-303209/internet-banking-fund-transfer-service/src/main/java/com/javatodev/finance/model/entity/FundTransferEntity.java (ext=.java, size=587)
2026-01-06 15:50:03,102 - Knowledge - INFO - Worker kw5 processing /app/data/T0015/303209/b5516nj/internet-banking-concept-microservices-303209/internet-banking-fund-transfer-service/src/main/java/com/javatodev/finance/model/dto/response/FundTransferResponse.java
2026-01-06 15:50:03,180 - Knowledge - INFO - Fast-tracked /app/data/T0015/303209/b5516nj/internet-banking-concept-microservices-303209/internet-banking-fund-transfer-service/src/main/java/com/javatodev/finance/exception/ErrorResponse.java (ext=.java, size=219)
2026-01-06 15:50:03,254 - Knowledge - INFO - Worker kw7 processing /app/data/T0015/303209/b5516nj/internet-banking-concept-microservices-303209/internet-banking-user-service/src/test/java/com/javatodev/finance/InternetBankingUserServiceApplicationTests.java
2026-01-06 15:50:03,358 - Knowledge - INFO - Batch sizing: calculated=5, max_allowed=10, queue=116, active_workers=7/9
2026-01-06 15:50:03,433 - Knowledge - INFO - [kw9] Queue=111, InProgress=0, PendingWorkers=7/9, Completed=0/146 (0.0%)
2026-01-06 15:50:03,530 - Knowledge - INFO - knowledge worker kw10 start
2026-01-06 15:50:03,530 - Knowledge - INFO - Worker kw11 created using shared MongoDB connection pool
2026-01-06 15:50:03,611 - Knowledge - INFO - Fast-tracked /app/data/T0015/303209/b5516nj/internet-banking-concept-microservices-303209/internet-banking-service-registry/settings.gradle (ext=.gradle, size=55)
2026-01-06 15:50:03,715 - Knowledge - INFO - Worker kw2 processing /app/data/T0015/303209/b5516nj/internet-banking-concept-microservices-303209/internet-banking-fund-transfer-service/src/main/java/com/javatodev/finance/controller/FundTransferController.java
2026-01-06 15:50:03,791 - Knowledge - INFO - Worker kw3 processing /app/data/T0015/303209/b5516nj/internet-banking-concept-microservices-303209/internet-banking-fund-transfer-service/src/main/java/com/javatodev/finance/model/TransactionStatus.java
2026-01-06 15:50:03,897 - Knowledge - INFO - Worker kw4 processing /app/data/T0015/303209/b5516nj/internet-banking-concept-microservices-303209/internet-banking-fund-transfer-service/src/main/java/com/javatodev/finance/model/dto/FundTransfer.java
2026-01-06 15:50:03,969 - Knowledge - INFO - Fast-tracked /app/data/T0015/303209/b5516nj/internet-banking-concept-microservices-303209/internet-banking-fund-transfer-service/src/main/java/com/javatodev/finance/model/dto/response/FundTransferResponse.java (ext=.java, size=178)
2026-01-06 15:50:04,063 - Knowledge - INFO - Worker kw6 processing /app/data/T0015/303209/b5516nj/internet-banking-concept-microservices-303209/internet-banking-fund-transfer-service/src/main/resources/application.yml
2026-01-06 15:50:04,149 - Knowledge - INFO - Fast-tracked /app/data/T0015/303209/b5516nj/internet-banking-concept-microservices-303209/internet-banking-user-service/src/test/java/com/javatodev/finance/InternetBankingUserServiceApplicationTests.java (ext=.java, size=242)
2026-01-06 15:50:04,244 - Knowledge - INFO - Worker kw8 processing /app/data/T0015/303209/b5516nj/internet-banking-concept-microservices-303209/internet-banking-user-service/src/main/java/com/javatodev/finance/configuration/CustomFeignClientConfiguration.java
2026-01-06 15:50:04,323 - Knowledge - INFO - Batch sizing: calculated=5, max_allowed=10, queue=111, active_workers=8/10
2026-01-06 15:50:04,423 - Knowledge - INFO - [kw10] Queue=106, InProgress=0, PendingWorkers=8/10, Completed=0/146 (0.0%)
2026-01-06 15:50:04,497 - Knowledge - INFO - knowledge worker kw11 start
2026-01-06 15:50:04,497 - Knowledge - INFO - Worker kw12 created using shared MongoDB connection pool
2026-01-06 15:50:04,589 - Knowledge - INFO - Worker kw1 processing /app/data/T0015/303209/b5516nj/internet-banking-concept-microservices-303209/internet-banking-service-registry/build.gradle
2026-01-06 15:50:04,703 - Knowledge - INFO - Fast-tracked /app/data/T0015/303209/b5516nj/internet-banking-concept-microservices-303209/internet-banking-fund-transfer-service/src/main/java/com/javatodev/finance/controller/FundTransferController.java (ext=.java, size=1102)
2026-01-06 15:50:04,782 - Knowledge - INFO - Fast-tracked /app/data/T0015/303209/b5516nj/internet-banking-concept-microservices-303209/internet-banking-fund-transfer-service/src/main/java/com/javatodev/finance/model/TransactionStatus.java (ext=.java, size=113)
2026-01-06 15:50:04,874 - Knowledge - INFO - Fast-tracked /app/data/T0015/303209/b5516nj/internet-banking-concept-microservices-303209/internet-banking-fund-transfer-service/src/main/java/com/javatodev/finance/model/dto/FundTransfer.java (ext=.java, size=311)
2026-01-06 15:50:04,955 - Knowledge - INFO - Worker kw5 processing /app/data/T0015/303209/b5516nj/internet-banking-concept-microservices-303209/internet-banking-fund-transfer-service/src/main/java/com/javatodev/finance/model/dto/response/UtilityPaymentResponse.java
2026-01-06 15:50:05,040 - Knowledge - INFO - Fast-tracked /app/data/T0015/303209/b5516nj/internet-banking-concept-microservices-303209/internet-banking-fund-transfer-service/src/main/resources/application.yml (ext=.yml, size=72)
2026-01-06 15:50:05,134 - Knowledge - INFO - Worker kw7 processing /app/data/T0015/303209/b5516nj/internet-banking-concept-microservices-303209/internet-banking-user-service/src/test/resources/application.yml
2026-01-06 15:50:05,213 - Knowledge - INFO - Fast-tracked /app/data/T0015/303209/b5516nj/internet-banking-concept-microservices-303209/internet-banking-user-service/src/main/java/com/javatodev/finance/configuration/CustomFeignClientConfiguration.java (ext=.java, size=482)
2026-01-06 15:50:05,313 - Knowledge - INFO - Worker kw9 processing /app/data/T0015/303209/b5516nj/internet-banking-concept-microservices-303209/internet-banking-user-service/src/main/java/com/javatodev/finance/model/repository/UserRepository.java
2026-01-06 15:50:05,386 - Knowledge - INFO - Batch sizing: calculated=5, max_allowed=10, queue=106, active_workers=9/11
2026-01-06 15:50:05,470 - Knowledge - INFO - [kw11] Queue=101, InProgress=0, PendingWorkers=9/11, Completed=0/146 (0.0%)
2026-01-06 15:50:05,562 - Knowledge - INFO - knowledge worker kw12 start
2026-01-06 15:50:05,563 - Knowledge - INFO - Worker kw13 created using shared MongoDB connection pool
2026-01-06 15:50:05,646 - Knowledge - INFO - Fast-tracked /app/data/T0015/303209/b5516nj/internet-banking-concept-microservices-303209/internet-banking-service-registry/build.gradle (ext=.gradle, size=817)
2026-01-06 15:50:05,764 - Knowledge - INFO - Worker kw2 processing /app/data/T0015/303209/b5516nj/internet-banking-concept-microservices-303209/internet-banking-fund-transfer-service/src/main/java/com/javatodev/finance/InternetBankingFundTransferServiceApplication.java
2026-01-06 15:50:05,857 - Knowledge - INFO - Worker kw3 processing /app/data/T0015/303209/b5516nj/internet-banking-concept-microservices-303209/internet-banking-fund-transfer-service/src/main/java/com/javatodev/finance/model/mapper/BaseMapper.java
2026-01-06 15:50:05,945 - Knowledge - INFO - Worker kw4 processing /app/data/T0015/303209/b5516nj/internet-banking-concept-microservices-303209/internet-banking-fund-transfer-service/src/main/java/com/javatodev/finance/model/dto/request/UtilityPaymentRequest.java
2026-01-06 15:50:06,024 - Knowledge - INFO - Fast-tracked /app/data/T0015/303209/b5516nj/internet-banking-concept-microservices-303209/internet-banking-fund-transfer-service/src/main/java/com/javatodev/finance/model/dto/response/UtilityPaymentResponse.java (ext=.java, size=91)
2026-01-06 15:50:06,102 - Knowledge - INFO - Worker kw6 processing /app/data/T0015/303209/b5516nj/internet-banking-concept-microservices-303209/internet-banking-fund-transfer-service/src/main/resources/bootstrap.yml
2026-01-06 15:50:06,189 - Knowledge - INFO - Fast-tracked /app/data/T0015/303209/b5516nj/internet-banking-concept-microservices-303209/internet-banking-user-service/src/test/resources/application.yml (ext=.yml, size=723)
2026-01-06 15:50:06,297 - Knowledge - INFO - Worker kw8 processing /app/data/T0015/303209/b5516nj/internet-banking-concept-microservices-303209/internet-banking-user-service/src/main/java/com/javatodev/finance/controller/UserController.java
2026-01-06 15:50:06,416 - Knowledge - INFO - Fast-tracked /app/data/T0015/303209/b5516nj/internet-banking-concept-microservices-303209/internet-banking-user-service/src/main/java/com/javatodev/finance/model/repository/UserRepository.java (ext=.java, size=242)
2026-01-06 15:50:06,494 - Knowledge - INFO - Worker kw10 processing /app/data/T0015/303209/b5516nj/internet-banking-concept-microservices-303209/internet-banking-user-service/src/main/java/com/javatodev/finance/model/entity/UserEntity.java
2026-01-06 15:50:06,604 - Knowledge - INFO - Batch sizing: calculated=5, max_allowed=10, queue=101, active_workers=10/12
2026-01-06 15:50:06,683 - Knowledge - INFO - [kw12] Queue=96, InProgress=0, PendingWorkers=10/12, Completed=0/146 (0.0%)
2026-01-06 15:50:06,766 - Knowledge - INFO - knowledge worker kw13 start
2026-01-06 15:50:06,766 - Knowledge - INFO - Worker kw14 created using shared MongoDB connection pool
2026-01-06 15:50:06,852 - Knowledge - INFO - Processing batch of 5 files
2026-01-06 15:50:06,976 - Knowledge - INFO - Fast-tracked /app/data/T0015/303209/b5516nj/internet-banking-concept-microservices-303209/internet-banking-fund-transfer-service/src/main/java/com/javatodev/finance/InternetBankingFundTransferServiceApplication.java (ext=.java, size=553)
2026-01-06 15:50:07,039 - Knowledge - INFO - Fast-tracked /app/data/T0015/303209/b5516nj/internet-banking-concept-microservices-303209/internet-banking-fund-transfer-service/src/main/java/com/javatodev/finance/model/mapper/BaseMapper.java (ext=.java, size=1330)
2026-01-06 15:50:07,198 - Knowledge - INFO - Fast-tracked /app/data/T0015/303209/b5516nj/internet-banking-concept-microservices-303209/internet-banking-fund-transfer-service/src/main/java/com/javatodev/finance/model/dto/request/UtilityPaymentRequest.java (ext=.java, size=270)
2026-01-06 15:50:07,246 - Knowledge - INFO - Worker kw5 processing /app/data/T0015/303209/b5516nj/internet-banking-concept-microservices-303209/internet-banking-fund-transfer-service/src/main/java/com/javatodev/finance/exception/SimpleBankingGlobalException.java
2026-01-06 15:50:07,378 - Knowledge - INFO - Fast-tracked /app/data/T0015/303209/b5516nj/internet-banking-concept-microservices-303209/internet-banking-fund-transfer-service/src/main/resources/bootstrap.yml (ext=.yml, size=62)
2026-01-06 15:50:07,474 - Knowledge - INFO - Worker kw7 processing /app/data/T0015/303209/b5516nj/internet-banking-concept-microservices-303209/internet-banking-user-service/src/main/java/com/javatodev/finance/configuration/KeycloakProperties.java
2026-01-06 15:50:07,595 - Knowledge - INFO - Fast-tracked /app/data/T0015/303209/b5516nj/internet-banking-concept-microservices-303209/internet-banking-user-service/src/main/java/com/javatodev/finance/controller/UserController.java (ext=.java, size=1732)
2026-01-06 15:50:07,691 - Knowledge - INFO - Worker kw9 processing /app/data/T0015/303209/b5516nj/internet-banking-concept-microservices-303209/internet-banking-user-service/src/main/java/com/javatodev/finance/model/rest/response/AccountResponse.java
2026-01-06 15:50:07,785 - Knowledge - INFO - Fast-tracked /app/data/T0015/303209/b5516nj/internet-banking-concept-microservices-303209/internet-banking-user-service/src/main/java/com/javatodev/finance/model/entity/UserEntity.java (ext=.java, size=452)
2026-01-06 15:50:07,873 - Knowledge - INFO - Worker kw11 processing /app/data/T0015/303209/b5516nj/internet-banking-concept-microservices-303209/internet-banking-user-service/src/main/java/com/javatodev/finance/exception/SimpleBankingGlobalException.java
2026-01-06 15:50:07,988 - Knowledge - INFO - Batch sizing: calculated=4, max_allowed=10, queue=96, active_workers=11/13
2026-01-06 15:50:08,076 - Knowledge - INFO - [kw13] Queue=91, InProgress=0, PendingWorkers=11/13, Completed=5/146 (3.4%)
2026-01-06 15:50:08,178 - Knowledge - INFO - knowledge worker kw14 start
2026-01-06 15:50:08,178 - Knowledge - INFO - Worker kw15 created using shared MongoDB connection pool
2026-01-06 15:50:08,299 - Knowledge - INFO - process ingested knowledge for /app/data/T0015/303209/b5516nj/internet-banking-concept-microservices-303209/internet-banking-service-registry/src/test/java/com/javatodev/finance/InternetBankingServiceRegistryApplicationTests.java
2026-01-06 15:50:08,389 - Knowledge - INFO - Processing batch of 5 files
2026-01-06 15:50:08,586 - Knowledge - INFO - Worker kw4 processing /app/data/T0015/303209/b5516nj/internet-banking-concept-microservices-303209/internet-banking-fund-transfer-service/src/main/java/com/javatodev/finance/model/dto/request/FundTransferRequest.java
2026-01-06 15:50:08,593 - Knowledge - INFO - Fast-tracked /app/data/T0015/303209/b5516nj/internet-banking-concept-microservices-303209/internet-banking-fund-transfer-service/src/main/java/com/javatodev/finance/service/FundTransferService.java (small file (2068 bytes))
2026-01-06 15:50:08,687 - Knowledge - INFO - Fast-tracked /app/data/T0015/303209/b5516nj/internet-banking-concept-microservices-303209/internet-banking-fund-transfer-service/src/main/java/com/javatodev/finance/exception/SimpleBankingGlobalException.java (ext=.java, size=423)
2026-01-06 15:50:08,758 - Knowledge - INFO - Worker kw6 processing /app/data/T0015/303209/b5516nj/internet-banking-concept-microservices-303209/internet-banking-fund-transfer-service/settings.gradle
2026-01-06 15:50:08,858 - Knowledge - INFO - Fast-tracked /app/data/T0015/303209/b5516nj/internet-banking-concept-microservices-303209/internet-banking-user-service/src/main/java/com/javatodev/finance/configuration/KeycloakProperties.java (ext=.java, size=1211)
2026-01-06 15:50:08,908 - Knowledge - INFO - Worker kw8 processing /app/data/T0015/303209/b5516nj/internet-banking-concept-microservices-303209/internet-banking-user-service/src/main/java/com/javatodev/finance/service/UserService.java
2026-01-06 15:50:09,069 - Knowledge - INFO - Fast-tracked /app/data/T0015/303209/b5516nj/internet-banking-concept-microservices-303209/internet-banking-user-service/src/main/java/com/javatodev/finance/model/rest/response/AccountResponse.java (ext=.java, size=358)
2026-01-06 15:50:09,092 - Knowledge - INFO - Worker kw10 processing /app/data/T0015/303209/b5516nj/internet-banking-concept-microservices-303209/internet-banking-user-service/src/main/java/com/javatodev/finance/model/dto/Status.java
2026-01-06 15:50:09,166 - Knowledge - INFO - Fast-tracked /app/data/T0015/303209/b5516nj/internet-banking-concept-microservices-303209/internet-banking-user-service/src/main/java/com/javatodev/finance/exception/SimpleBankingGlobalException.java (ext=.java, size=423)
2026-01-06 15:50:09,238 - Knowledge - INFO - Worker kw12 processing /app/data/T0015/303209/b5516nj/internet-banking-concept-microservices-303209/internet-banking-user-service/src/main/java/com/javatodev/finance/exception/ErrorResponse.java
2026-01-06 15:50:09,319 - Knowledge - INFO - Batch sizing: calculated=4, max_allowed=10, queue=91, active_workers=12/14
2026-01-06 15:50:09,434 - Knowledge - INFO - [kw14] Queue=87, InProgress=0, PendingWorkers=12/14, Completed=10/146 (6.8%)
2026-01-06 15:50:09,542 - Knowledge - INFO - knowledge worker kw15 start
2026-01-06 15:50:09,543 - Knowledge - INFO - Worker kw16 created using shared MongoDB connection pool
2026-01-06 15:50:09,627 - Knowledge - INFO - process ingested knowledge for /app/data/T0015/303209/b5516nj/internet-banking-concept-microservices-303209/internet-banking-service-registry/src/main/java/com/javatodev/finance/InternetBankingServiceRegistryApplication.java
2026-01-06 15:50:09,744 - Knowledge - INFO - process ingested knowledge for /app/data/T0015/303209/b5516nj/internet-banking-concept-microservices-303209/internet-banking-fund-transfer-service/src/test/java/com/javatodev/finance/InternetBankingFundTransferServiceApplicationTests.java
2026-01-06 15:50:09,850 - Knowledge - INFO - Fast-tracked /app/data/T0015/303209/b5516nj/internet-banking-concept-microservices-303209/internet-banking-fund-transfer-service/src/main/java/com/javatodev/finance/model/dto/request/FundTransferRequest.java (ext=.java, size=264)
2026-01-06 15:50:09,962 - Knowledge - INFO - Processing batch of 5 files
2026-01-06 15:50:10,049 - Knowledge - INFO - Worker kw5 processing /app/data/T0015/303209/b5516nj/internet-banking-concept-microservices-303209/internet-banking-fund-transfer-service/src/main/java/com/javatodev/finance/exception/GlobalExceptionHandler.java
2026-01-06 15:50:10,160 - Knowledge - INFO - Fast-tracked /app/data/T0015/303209/b5516nj/internet-banking-concept-microservices-303209/internet-banking-fund-transfer-service/settings.gradle (ext=.gradle, size=60)
2026-01-06 15:50:10,219 - Knowledge - INFO - Worker kw7 processing /app/data/T0015/303209/b5516nj/internet-banking-concept-microservices-303209/internet-banking-user-service/src/main/java/com/javatodev/finance/configuration/CustomFeignErrorDecoder.java
2026-01-06 15:50:10,330 - Knowledge - INFO - Worker kw8 processing /app/data/T0015/303209/b5516nj/internet-banking-concept-microservices-303209/internet-banking-user-service/src/main/java/com/javatodev/finance/service/rest/BankingCoreRestClient.java
2026-01-06 15:50:10,420 - Knowledge - INFO - Worker kw9 processing /app/data/T0015/303209/b5516nj/internet-banking-concept-microservices-303209/internet-banking-user-service/src/main/java/com/javatodev/finance/model/rest/response/UserResponse.java
2026-01-06 15:50:10,535 - Knowledge - INFO - Fast-tracked /app/data/T0015/303209/b5516nj/internet-banking-concept-microservices-303209/internet-banking-user-service/src/main/java/com/javatodev/finance/model/dto/Status.java (ext=.java, size=108)
2026-01-06 15:50:10,576 - Knowledge - INFO - Worker kw11 processing /app/data/T0015/303209/b5516nj/internet-banking-concept-microservices-303209/internet-banking-user-service/src/main/java/com/javatodev/finance/exception/GlobalErrorCode.java
2026-01-06 15:50:10,751 - Knowledge - INFO - Fast-tracked /app/data/T0015/303209/b5516nj/internet-banking-concept-microservices-303209/internet-banking-user-service/src/main/java/com/javatodev/finance/exception/ErrorResponse.java (ext=.java, size=219)
2026-01-06 15:50:10,807 - Knowledge - INFO - Worker kw13 processing /app/data/T0015/303209/b5516nj/internet-banking-concept-microservices-303209/internet-banking-user-service/src/main/resources/bootstrap.yml
2026-01-06 15:50:10,882 - Knowledge - INFO - Batch sizing: calculated=4, max_allowed=10, queue=87, active_workers=13/15
2026-01-06 15:50:10,951 - Knowledge - INFO - [kw15] Queue=83, InProgress=0, PendingWorkers=13/15, Completed=15/146 (10.3%)
2026-01-06 15:50:11,058 - Knowledge - INFO - knowledge worker kw16 start
2026-01-06 15:50:11,058 - Knowledge - INFO - Worker kw17 created using shared MongoDB connection pool
2026-01-06 15:50:11,157 - Knowledge - INFO - process ingested knowledge for /app/data/T0015/303209/b5516nj/internet-banking-concept-microservices-303209/internet-banking-service-registry/src/main/resources/application.yml
2026-01-06 15:50:11,233 - Knowledge - INFO - process ingested knowledge for /app/data/T0015/303209/b5516nj/internet-banking-concept-microservices-303209/internet-banking-fund-transfer-service/src/test/resources/application.yml
2026-01-06 15:50:11,349 - Knowledge - INFO - Processing batch of 5 files
2026-01-06 15:50:11,465 - Knowledge - INFO - process ingested knowledge for /app/data/T0015/303209/b5516nj/internet-banking-concept-microservices-303209/internet-banking-fund-transfer-service/src/main/java/com/javatodev/finance/service/rest/client/BankingCoreFeignClient.java
2026-01-06 15:50:11,543 - Knowledge - INFO - Fast-tracked /app/data/T0015/303209/b5516nj/internet-banking-concept-microservices-303209/internet-banking-fund-transfer-service/src/main/java/com/javatodev/finance/exception/GlobalExceptionHandler.java (ext=.java, size=974)
2026-01-06 15:50:11,659 - Knowledge - INFO - Worker kw6 processing /app/data/T0015/303209/b5516nj/internet-banking-concept-microservices-303209/internet-banking-fund-transfer-service/build.gradle
2026-01-06 15:50:11,780 - Knowledge - INFO - Worker kw7 processing /app/data/T0015/303209/b5516nj/internet-banking-concept-microservices-303209/internet-banking-user-service/src/main/java/com/javatodev/finance/configuration/KeycloakManager.java
2026-01-06 15:50:11,870 - Knowledge - INFO - Fast-tracked /app/data/T0015/303209/b5516nj/internet-banking-concept-microservices-303209/internet-banking-user-service/src/main/java/com/javatodev/finance/service/rest/BankingCoreRestClient.java (ext=.java, size=740)
2026-01-06 15:50:11,949 - Knowledge - INFO - Fast-tracked /app/data/T0015/303209/b5516nj/internet-banking-concept-microservices-303209/internet-banking-user-service/src/main/java/com/javatodev/finance/model/rest/response/UserResponse.java (ext=.java, size=365)
2026-01-06 15:50:12,021 - Knowledge - INFO - Worker kw10 processing /app/data/T0015/303209/b5516nj/internet-banking-concept-microservices-303209/internet-banking-user-service/src/main/java/com/javatodev/finance/model/dto/UserUpdateRequest.java
2026-01-06 15:50:12,155 - Knowledge - INFO - Fast-tracked /app/data/T0015/303209/b5516nj/internet-banking-concept-microservices-303209/internet-banking-user-service/src/main/java/com/javatodev/finance/exception/GlobalErrorCode.java (ext=.java, size=389)
2026-01-06 15:50:12,188 - Knowledge - INFO - Worker kw12 processing /app/data/T0015/303209/b5516nj/internet-banking-concept-microservices-303209/internet-banking-user-service/src/main/java/com/javatodev/finance/exception/EntityNotFoundException.java
2026-01-06 15:50:12,293 - Knowledge - INFO - Fast-tracked /app/data/T0015/303209/b5516nj/internet-banking-concept-microservices-303209/internet-banking-user-service/src/main/resources/bootstrap.yml (ext=.yml, size=62)
2026-01-06 15:50:12,368 - Knowledge - INFO - Worker kw14 processing /app/data/T0015/303209/b5516nj/internet-banking-concept-microservices-303209/internet-banking-utility-payment-service/src/test/resources/application.yml
2026-01-06 15:50:12,467 - Knowledge - INFO - Batch sizing: calculated=4, max_allowed=10, queue=83, active_workers=14/16
2026-01-06 15:50:12,553 - Knowledge - INFO - [kw16] Queue=79, InProgress=0, PendingWorkers=14/16, Completed=20/146 (13.7%)
2026-01-06 15:50:12,667 - Knowledge - INFO - knowledge worker kw17 start
2026-01-06 15:50:12,667 - Knowledge - INFO - Worker kw18 created using shared MongoDB connection pool
2026-01-06 15:50:12,776 - Knowledge - INFO - process ingested knowledge for /app/data/T0015/303209/b5516nj/internet-banking-concept-microservices-303209/internet-banking-service-registry/settings.gradle
2026-01-06 15:50:12,893 - Knowledge - INFO - process ingested knowledge for /app/data/T0015/303209/b5516nj/internet-banking-concept-microservices-303209/internet-banking-fund-transfer-service/src/main/java/com/javatodev/finance/configuration/CustomFeignClientConfiguration.java
2026-01-06 15:50:12,981 - Knowledge - INFO - process ingested knowledge for /app/data/T0015/303209/b5516nj/internet-banking-concept-microservices-303209/internet-banking-fund-transfer-service/src/main/java/com/javatodev/finance/model/mapper/FundTransferMapper.java
2026-01-06 15:50:13,081 - Knowledge - INFO - process ingested knowledge for /app/data/T0015/303209/b5516nj/internet-banking-concept-microservices-303209/internet-banking-fund-transfer-service/src/main/java/com/javatodev/finance/service/FundTransferService.java
2026-01-06 15:50:13,157 - Knowledge - INFO - Processing batch of 5 files
2026-01-06 15:50:13,281 - Knowledge - INFO - Fast-tracked /app/data/T0015/303209/b5516nj/internet-banking-concept-microservices-303209/internet-banking-fund-transfer-service/build.gradle (ext=.gradle, size=1339)
2026-01-06 15:50:13,313 - Knowledge - INFO - Fast-tracked /app/data/T0015/303209/b5516nj/internet-banking-concept-microservices-303209/internet-banking-user-service/src/main/java/com/javatodev/finance/configuration/KeycloakManager.java (ext=.java, size=471)
2026-01-06 15:50:13,378 - Knowledge - INFO - Worker kw8 processing /app/data/T0015/303209/b5516nj/internet-banking-concept-microservices-303209/internet-banking-user-service/src/main/java/com/javatodev/finance/service/KeycloakUserService.java
2026-01-06 15:50:13,459 - Knowledge - INFO - Worker kw9 processing /app/data/T0015/303209/b5516nj/internet-banking-concept-microservices-303209/internet-banking-user-service/src/main/java/com/javatodev/finance/model/mapper/BaseMapper.java
2026-01-06 15:50:13,601 - Knowledge - INFO - Fast-tracked /app/data/T0015/303209/b5516nj/internet-banking-concept-microservices-303209/internet-banking-user-service/src/main/java/com/javatodev/finance/model/dto/UserUpdateRequest.java (ext=.java, size=131)
2026-01-06 15:50:13,694 - Knowledge - INFO - Worker kw11 processing /app/data/T0015/303209/b5516nj/internet-banking-concept-microservices-303209/internet-banking-user-service/src/main/java/com/javatodev/finance/exception/GlobalExceptionHandler.java
2026-01-06 15:50:13,896 - Knowledge - INFO - Fast-tracked /app/data/T0015/303209/b5516nj/internet-banking-concept-microservices-303209/internet-banking-user-service/src/main/java/com/javatodev/finance/exception/EntityNotFoundException.java (ext=.java, size=388)
2026-01-06 15:50:13,942 - Knowledge - INFO - Worker kw13 processing /app/data/T0015/303209/b5516nj/internet-banking-concept-microservices-303209/internet-banking-user-service/settings.gradle
2026-01-06 15:50:14,090 - Knowledge - INFO - Worker kw15 processing /app/data/T0015/303209/b5516nj/internet-banking-concept-microservices-303209/internet-banking-utility-payment-service/src/main/java/com/javatodev/finance/InternetBankingUtilityPaymentServiceApplication.java
2026-01-06 15:50:14,126 - Knowledge - INFO - Fast-tracked /app/data/T0015/303209/b5516nj/internet-banking-concept-microservices-303209/internet-banking-utility-payment-service/src/test/resources/application.yml (ext=.yml, size=532)
2026-01-06 15:50:14,161 - Knowledge - INFO - Batch sizing: calculated=4, max_allowed=10, queue=79, active_workers=15/17
2026-01-06 15:50:14,257 - Knowledge - INFO - [kw17] Queue=75, InProgress=0, PendingWorkers=15/17, Completed=25/146 (17.1%)
2026-01-06 15:50:14,352 - Knowledge - INFO - knowledge worker kw18 start
2026-01-06 15:50:14,353 - Knowledge - INFO - Worker kw19 created using shared MongoDB connection pool
2026-01-06 15:50:14,427 - Knowledge - INFO - process ingested knowledge for /app/data/T0015/303209/b5516nj/internet-banking-concept-microservices-303209/internet-banking-service-registry/build.gradle
2026-01-06 15:50:14,530 - Knowledge - INFO - process ingested knowledge for /app/data/T0015/303209/b5516nj/internet-banking-concept-microservices-303209/internet-banking-fund-transfer-service/src/main/java/com/javatodev/finance/controller/FundTransferController.java
2026-01-06 15:50:14,616 - Knowledge - INFO - process ingested knowledge for /app/data/T0015/303209/b5516nj/internet-banking-concept-microservices-303209/internet-banking-fund-transfer-service/src/main/java/com/javatodev/finance/model/entity/FundTransferEntity.java
2026-01-06 15:50:14,728 - Knowledge - INFO - process ingested knowledge for /app/data/T0015/303209/b5516nj/internet-banking-concept-microservices-303209/internet-banking-fund-transfer-service/src/main/java/com/javatodev/finance/model/repository/FundTransferRepository.java
2026-01-06 15:50:14,806 - Knowledge - INFO - process ingested knowledge for /app/data/T0015/303209/b5516nj/internet-banking-concept-microservices-303209/internet-banking-fund-transfer-service/src/main/java/com/javatodev/finance/model/dto/response/AccountResponse.java
2026-01-06 15:50:14,886 - Knowledge - INFO - Processing batch of 5 files
2026-01-06 15:50:15,013 - Knowledge - INFO - Fast-tracked /app/data/T0015/303209/b5516nj/internet-banking-concept-microservices-303209/internet-banking-user-service/src/main/java/com/javatodev/finance/configuration/CustomFeignErrorDecoder.java (small file (2570 bytes))
2026-01-06 15:50:15,126 - Knowledge - INFO - Fast-tracked /app/data/T0015/303209/b5516nj/internet-banking-concept-microservices-303209/internet-banking-user-service/src/main/java/com/javatodev/finance/service/KeycloakUserService.java (ext=.java, size=1493)
2026-01-06 15:50:15,205 - Knowledge - INFO - Fast-tracked /app/data/T0015/303209/b5516nj/internet-banking-concept-microservices-303209/internet-banking-user-service/src/main/java/com/javatodev/finance/model/mapper/BaseMapper.java (ext=.java, size=1330)
2026-01-06 15:50:15,277 - Knowledge - INFO - Worker kw10 processing /app/data/T0015/303209/b5516nj/internet-banking-concept-microservices-303209/internet-banking-user-service/src/main/java/com/javatodev/finance/model/dto/User.java
2026-01-06 15:50:15,404 - Knowledge - INFO - Fast-tracked /app/data/T0015/303209/b5516nj/internet-banking-concept-microservices-303209/internet-banking-user-service/src/main/java/com/javatodev/finance/exception/GlobalExceptionHandler.java (ext=.java, size=1159)
2026-01-06 15:50:15,438 - Knowledge - INFO - Worker kw12 processing /app/data/T0015/303209/b5516nj/internet-banking-concept-microservices-303209/internet-banking-user-service/src/main/java/com/javatodev/finance/exception/InvalidBankingUserException.java
2026-01-06 15:50:15,546 - Knowledge - INFO - Fast-tracked /app/data/T0015/303209/b5516nj/internet-banking-concept-microservices-303209/internet-banking-user-service/settings.gradle (ext=.gradle, size=51)
2026-01-06 15:50:15,658 - Knowledge - INFO - Fast-tracked /app/data/T0015/303209/b5516nj/internet-banking-concept-microservices-303209/internet-banking-utility-payment-service/src/main/java/com/javatodev/finance/InternetBankingUtilityPaymentServiceApplication.java (ext=.java, size=545)
2026-01-06 15:50:15,690 - Knowledge - INFO - Worker kw14 processing /app/data/T0015/303209/b5516nj/internet-banking-concept-microservices-303209/internet-banking-utility-payment-service/src/main/java/com/javatodev/finance/repository/UtilityPaymentRepository.java
2026-01-06 15:50:15,806 - Knowledge - INFO - Worker kw16 processing /app/data/T0015/303209/b5516nj/internet-banking-concept-microservices-303209/internet-banking-utility-payment-service/src/main/java/com/javatodev/finance/model/rest/request/UtilityPaymentRequest.java
2026-01-06 15:50:15,913 - Knowledge - INFO - Batch sizing: calculated=4, max_allowed=10, queue=75, active_workers=16/18
2026-01-06 15:50:16,025 - Knowledge - INFO - [kw18] Queue=71, InProgress=0, PendingWorkers=16/18, Completed=30/146 (20.5%)
2026-01-06 15:50:16,128 - Knowledge - INFO - knowledge worker kw19 start
2026-01-06 15:50:16,128 - Knowledge - INFO - Worker kw20 created using shared MongoDB connection pool
2026-01-06 15:50:16,670 - Knowledge - INFO - process ingested knowledge for /app/data/T0015/303209/b5516nj/internet-banking-concept-microservices-303209/internet-banking-fund-transfer-service/src/main/java/com/javatodev/finance/exception/ErrorResponse.java
2026-01-06 15:50:16,895 - Knowledge - INFO - Worker kw9 processing /app/data/T0015/303209/b5516nj/internet-banking-concept-microservices-303209/internet-banking-user-service/src/main/java/com/javatodev/finance/model/mapper/UserMapper.java
2026-01-06 15:50:17,020 - Knowledge - INFO - Fast-tracked /app/data/T0015/303209/b5516nj/internet-banking-concept-microservices-303209/internet-banking-user-service/src/main/java/com/javatodev/finance/model/dto/User.java (ext=.java, size=261)
2026-01-06 15:50:17,088 - Knowledge - INFO - Worker kw11 processing /app/data/T0015/303209/b5516nj/internet-banking-concept-microservices-303209/internet-banking-user-service/src/main/java/com/javatodev/finance/exception/InvalidEmailException.java
2026-01-06 15:50:17,224 - Knowledge - INFO - Fast-tracked /app/data/T0015/303209/b5516nj/internet-banking-concept-microservices-303209/internet-banking-user-service/src/main/java/com/javatodev/finance/exception/InvalidBankingUserException.java (ext=.java, size=230)
2026-01-06 15:50:17,272 - Knowledge - INFO - Worker kw13 processing /app/data/T0015/303209/b5516nj/internet-banking-concept-microservices-303209/internet-banking-user-service/build.gradle
2026-01-06 15:50:17,381 - Knowledge - INFO - Worker kw15 processing /app/data/T0015/303209/b5516nj/internet-banking-concept-microservices-303209/internet-banking-utility-payment-service/src/main/java/com/javatodev/finance/service/rest/BankingCoreRestClient.java
2026-01-06 15:50:17,403 - Knowledge - INFO - process ingested knowledge for /app/data/T0015/303209/b5516nj/internet-banking-concept-microservices-303209/internet-banking-fund-transfer-service/src/main/java/com/javatodev/finance/InternetBankingFundTransferServiceApplication.java
2026-01-06 15:50:17,403 - Knowledge - INFO - process ingested knowledge for /app/data/T0015/303209/b5516nj/internet-banking-concept-microservices-303209/internet-banking-fund-transfer-service/src/main/java/com/javatodev/finance/model/dto/FundTransfer.java
2026-01-06 15:50:17,403 - Knowledge - INFO - process ingested knowledge for /app/data/T0015/303209/b5516nj/internet-banking-concept-microservices-303209/internet-banking-fund-transfer-service/src/main/java/com/javatodev/finance/model/dto/response/FundTransferResponse.java
2026-01-06 15:50:17,403 - Knowledge - INFO - process ingested knowledge for /app/data/T0015/303209/b5516nj/internet-banking-concept-microservices-303209/internet-banking-fund-transfer-service/src/main/java/com/javatodev/finance/model/TransactionStatus.java
2026-01-06 15:50:17,404 - Knowledge - INFO - Processing batch of 5 files
2026-01-06 15:50:17,532 - Knowledge - INFO - Fast-tracked /app/data/T0015/303209/b5516nj/internet-banking-concept-microservices-303209/internet-banking-utility-payment-service/src/main/java/com/javatodev/finance/repository/UtilityPaymentRepository.java (ext=.java, size=331)
2026-01-06 15:50:17,662 - Knowledge - INFO - Worker kw17 processing /app/data/T0015/303209/b5516nj/internet-banking-concept-microservices-303209/internet-banking-utility-payment-service/src/main/java/com/javatodev/finance/model/mapper/UtilityPaymentMapper.java
2026-01-06 15:50:17,664 - Knowledge - INFO - Fast-tracked /app/data/T0015/303209/b5516nj/internet-banking-concept-microservices-303209/internet-banking-utility-payment-service/src/main/java/com/javatodev/finance/model/rest/request/UtilityPaymentRequest.java (ext=.java, size=271)
2026-01-06 15:50:17,763 - Knowledge - INFO - Batch sizing: calculated=4, max_allowed=10, queue=71, active_workers=17/19
2026-01-06 15:50:17,971 - Knowledge - INFO - knowledge worker kw20 start
2026-01-06 15:50:18,258 - Knowledge - INFO - Fast-tracked /app/data/T0015/303209/b5516nj/internet-banking-concept-microservices-303209/internet-banking-user-service/src/main/java/com/javatodev/finance/model/mapper/UserMapper.java (ext=.java, size=740)
2026-01-06 15:50:18,364 - Knowledge - INFO - Worker kw10 processing /app/data/T0015/303209/b5516nj/internet-banking-concept-microservices-303209/internet-banking-user-service/src/main/java/com/javatodev/finance/InternetBankingUserServiceApplication.java
2026-01-06 15:50:18,537 - Knowledge - INFO - Fast-tracked /app/data/T0015/303209/b5516nj/internet-banking-concept-microservices-303209/internet-banking-user-service/src/main/java/com/javatodev/finance/exception/InvalidEmailException.java (ext=.java, size=218)
2026-01-06 15:50:18,546 - Knowledge - INFO - Worker kw12 processing /app/data/T0015/303209/b5516nj/internet-banking-concept-microservices-303209/internet-banking-user-service/src/main/resources/application.yml
2026-01-06 15:50:18,660 - Knowledge - INFO - Fast-tracked /app/data/T0015/303209/b5516nj/internet-banking-concept-microservices-303209/internet-banking-user-service/build.gradle (ext=.gradle, size=1504)
2026-01-06 15:50:18,794 - Knowledge - INFO - Fast-tracked /app/data/T0015/303209/b5516nj/internet-banking-concept-microservices-303209/internet-banking-utility-payment-service/src/main/java/com/javatodev/finance/service/rest/BankingCoreRestClient.java (ext=.java, size=1154)
2026-01-06 15:50:19,205 - Knowledge - INFO - process ingested knowledge for /app/data/T0015/303209/b5516nj/internet-banking-concept-microservices-303209/internet-banking-user-service/src/test/java/com/javatodev/finance/InternetBankingUserServiceApplicationTests.java
2026-01-06 15:50:19,298 - Knowledge - INFO - Worker kw14 processing /app/data/T0015/303209/b5516nj/internet-banking-concept-microservices-303209/internet-banking-utility-payment-service/src/main/java/com/javatodev/finance/configuration/CustomFeignClientConfiguration.java
2026-01-06 15:50:19,415 - Knowledge - INFO - Fast-tracked /app/data/T0015/303209/b5516nj/internet-banking-concept-microservices-303209/internet-banking-utility-payment-service/src/main/java/com/javatodev/finance/model/mapper/UtilityPaymentMapper.java (ext=.java, size=856)
2026-01-06 15:50:19,472 - Knowledge - INFO - Worker kw16 processing /app/data/T0015/303209/b5516nj/internet-banking-concept-microservices-303209/internet-banking-utility-payment-service/src/main/java/com/javatodev/finance/model/rest/response/AccountResponse.java
2026-01-06 15:50:19,913 - Knowledge - INFO - Fast-tracked /app/data/T0015/303209/b5516nj/internet-banking-concept-microservices-303209/internet-banking-user-service/src/main/java/com/javatodev/finance/InternetBankingUserServiceApplication.java (ext=.java, size=537)
2026-01-06 15:50:19,927 - Knowledge - INFO - Worker kw11 processing /app/data/T0015/303209/b5516nj/internet-banking-concept-microservices-303209/internet-banking-user-service/src/main/java/com/javatodev/finance/exception/UserAlreadyRegisteredException.java
2026-01-06 15:50:20,349 - Knowledge - INFO - [kw19] Queue=67, InProgress=0, PendingWorkers=17/20, Completed=35/146 (24.0%)
2026-01-06 15:50:20,356 - Knowledge - INFO - process ingested knowledge for /app/data/T0015/303209/b5516nj/internet-banking-concept-microservices-303209/internet-banking-fund-transfer-service/src/main/resources/application.yml
2026-01-06 15:50:20,399 - Knowledge - INFO - Fast-tracked /app/data/T0015/303209/b5516nj/internet-banking-concept-microservices-303209/internet-banking-user-service/src/main/resources/application.yml (ext=.yml, size=63)
2026-01-06 15:50:20,451 - Knowledge - INFO - Worker kw13 processing /app/data/T0015/303209/b5516nj/internet-banking-concept-microservices-303209/internet-banking-utility-payment-service/src/test/java/com/javatodev/finance/InternetBankingUtilityPaymentServiceApplicationTests.java
2026-01-06 15:50:20,539 - Knowledge - INFO - Worker kw15 processing /app/data/T0015/303209/b5516nj/internet-banking-concept-microservices-303209/internet-banking-utility-payment-service/src/main/java/com/javatodev/finance/service/UtilityPaymentService.java
2026-01-06 15:50:20,740 - Knowledge - INFO - Fast-tracked /app/data/T0015/303209/b5516nj/internet-banking-concept-microservices-303209/internet-banking-utility-payment-service/src/main/java/com/javatodev/finance/configuration/CustomFeignClientConfiguration.java (ext=.java, size=292)
2026-01-06 15:50:20,839 - Knowledge - INFO - Worker kw17 processing /app/data/T0015/303209/b5516nj/internet-banking-concept-microservices-303209/internet-banking-utility-payment-service/src/main/java/com/javatodev/finance/model/entity/UtilityPaymentEntity.java
2026-01-06 15:50:20,964 - Knowledge - INFO - Fast-tracked /app/data/T0015/303209/b5516nj/internet-banking-concept-microservices-303209/internet-banking-utility-payment-service/src/main/java/com/javatodev/finance/model/rest/response/AccountResponse.java (ext=.java, size=319)
2026-01-06 15:50:21,039 - Knowledge - INFO - Worker kw18 processing /app/data/T0015/303209/b5516nj/internet-banking-concept-microservices-303209/internet-banking-utility-payment-service/src/main/java/com/javatodev/finance/exception/GlobalExceptionHandler.java
2026-01-06 15:50:21,040 - Knowledge - INFO - [kw20] Queue=63, InProgress=0, PendingWorkers=18/20, Completed=35/146 (24.0%)
2026-01-06 15:50:21,041 - Knowledge - INFO - process ingested knowledge for /app/data/T0015/303209/b5516nj/internet-banking-concept-microservices-303209/internet-banking-fund-transfer-service/src/main/java/com/javatodev/finance/model/dto/response/UtilityPaymentResponse.java
2026-01-06 15:50:21,041 - Knowledge - INFO - process ingested knowledge for /app/data/T0015/303209/b5516nj/internet-banking-concept-microservices-303209/internet-banking-user-service/src/test/resources/application.yml
2026-01-06 15:50:21,153 - Knowledge - INFO - Fast-tracked /app/data/T0015/303209/b5516nj/internet-banking-concept-microservices-303209/internet-banking-user-service/src/main/java/com/javatodev/finance/exception/UserAlreadyRegisteredException.java (ext=.java, size=236)
2026-01-06 15:50:21,229 - Knowledge - INFO - Batch sizing: calculated=4, max_allowed=10, queue=67, active_workers=18/20
2026-01-06 15:50:21,548 - Knowledge - INFO - Fast-tracked /app/data/T0015/303209/b5516nj/internet-banking-concept-microservices-303209/internet-banking-utility-payment-service/src/test/java/com/javatodev/finance/InternetBankingUtilityPaymentServiceApplicationTests.java (ext=.java, size=243)
2026-01-06 15:50:21,554 - Knowledge - INFO - process ingested knowledge for /app/data/T0015/303209/b5516nj/internet-banking-concept-microservices-303209/internet-banking-fund-transfer-service/src/main/java/com/javatodev/finance/model/mapper/BaseMapper.java
2026-01-06 15:50:21,555 - Knowledge - INFO - Processing batch of 5 files
2026-01-06 15:50:21,711 - Knowledge - INFO - Worker kw15 processing /app/data/T0015/303209/b5516nj/internet-banking-concept-microservices-303209/internet-banking-utility-payment-service/src/main/java/com/javatodev/finance/model/TransactionStatus.java
2026-01-06 15:50:21,736 - Knowledge - INFO - Worker kw14 processing /app/data/T0015/303209/b5516nj/internet-banking-concept-microservices-303209/internet-banking-utility-payment-service/src/main/java/com/javatodev/finance/controller/UtilityPaymentController.java
2026-01-06 15:50:21,860 - Knowledge - INFO - Fast-tracked /app/data/T0015/303209/b5516nj/internet-banking-concept-microservices-303209/internet-banking-utility-payment-service/src/main/java/com/javatodev/finance/model/entity/UtilityPaymentEntity.java (ext=.java, size=615)
2026-01-06 15:50:21,911 - Knowledge - INFO - Worker kw16 processing /app/data/T0015/303209/b5516nj/internet-banking-concept-microservices-303209/internet-banking-utility-payment-service/src/main/java/com/javatodev/finance/model/rest/response/UtilityPaymentResponse.java
2026-01-06 15:50:21,997 - Knowledge - INFO - Fast-tracked /app/data/T0015/303209/b5516nj/internet-banking-concept-microservices-303209/internet-banking-utility-payment-service/src/main/java/com/javatodev/finance/exception/GlobalExceptionHandler.java (ext=.java, size=1159)
2026-01-06 15:50:22,068 - Knowledge - INFO - Batch sizing: calculated=4, max_allowed=10, queue=63, active_workers=18/20
2026-01-06 15:50:22,733 - Knowledge - INFO - process ingested knowledge for /app/data/T0015/303209/b5516nj/internet-banking-concept-microservices-303209/internet-banking-user-service/src/main/java/com/javatodev/finance/model/repository/UserRepository.java
2026-01-06 15:50:22,832 - Knowledge - INFO - Fast-tracked /app/data/T0015/303209/b5516nj/internet-banking-concept-microservices-303209/internet-banking-utility-payment-service/src/main/java/com/javatodev/finance/model/TransactionStatus.java (ext=.java, size=113)
2026-01-06 15:50:22,848 - Knowledge - INFO - process ingested knowledge for /app/data/T0015/303209/b5516nj/internet-banking-concept-microservices-303209/internet-banking-fund-transfer-service/src/main/resources/bootstrap.yml
2026-01-06 15:50:22,848 - Knowledge - INFO - process ingested knowledge for /app/data/T0015/303209/b5516nj/internet-banking-concept-microservices-303209/internet-banking-fund-transfer-service/src/main/java/com/javatodev/finance/model/dto/request/UtilityPaymentRequest.java
2026-01-06 15:50:22,994 - Knowledge - INFO - Fast-tracked /app/data/T0015/303209/b5516nj/internet-banking-concept-microservices-303209/internet-banking-utility-payment-service/src/main/java/com/javatodev/finance/controller/UtilityPaymentController.java (ext=.java, size=926)
2026-01-06 15:50:23,013 - Knowledge - INFO - Worker kw17 processing /app/data/T0015/303209/b5516nj/internet-banking-concept-microservices-303209/internet-banking-utility-payment-service/src/main/java/com/javatodev/finance/model/dto/UtilityPayment.java
2026-01-06 15:50:23,129 - Knowledge - INFO - Fast-tracked /app/data/T0015/303209/b5516nj/internet-banking-concept-microservices-303209/internet-banking-utility-payment-service/src/main/java/com/javatodev/finance/model/rest/response/UtilityPaymentResponse.java (ext=.java, size=213)
2026-01-06 15:50:23,197 - Knowledge - INFO - Worker kw18 processing /app/data/T0015/303209/b5516nj/internet-banking-concept-microservices-303209/internet-banking-utility-payment-service/src/main/java/com/javatodev/finance/exception/ErrorResponse.java
2026-01-06 15:50:23,493 - Knowledge - INFO - process ingested knowledge for /app/data/T0015/303209/b5516nj/internet-banking-concept-microservices-303209/internet-banking-fund-transfer-service/src/main/java/com/javatodev/finance/exception/SimpleBankingGlobalException.java
2026-01-06 15:50:23,494 - Knowledge - INFO - process ingested knowledge for /app/data/T0015/303209/b5516nj/internet-banking-concept-microservices-303209/internet-banking-user-service/src/main/java/com/javatodev/finance/configuration/KeycloakProperties.java
2026-01-06 15:50:23,494 - Knowledge - INFO - Worker kw19 processing /app/data/T0015/303209/b5516nj/internet-banking-concept-microservices-303209/internet-banking-utility-payment-service/settings.gradle
2026-01-06 15:50:23,623 - Knowledge - INFO - Fast-tracked /app/data/T0015/303209/b5516nj/internet-banking-concept-microservices-303209/internet-banking-utility-payment-service/src/main/java/com/javatodev/finance/service/UtilityPaymentService.java (small file (2446 bytes))
2026-01-06 15:50:24,039 - Knowledge - INFO - Worker kw16 processing /app/data/T0015/303209/b5516nj/internet-banking-concept-microservices-303209/internet-banking-utility-payment-service/src/main/java/com/javatodev/finance/model/mapper/BaseMapper.java
2026-01-06 15:50:24,077 - Knowledge - INFO - Fast-tracked /app/data/T0015/303209/b5516nj/internet-banking-concept-microservices-303209/internet-banking-utility-payment-service/src/main/java/com/javatodev/finance/model/dto/UtilityPayment.java (ext=.java, size=347)
2026-01-06 15:50:24,155 - Knowledge - INFO - Fast-tracked /app/data/T0015/303209/b5516nj/internet-banking-concept-microservices-303209/internet-banking-utility-payment-service/src/main/java/com/javatodev/finance/exception/ErrorResponse.java (ext=.java, size=219)
2026-01-06 15:50:24,443 - Knowledge - INFO - Worker kw20 processing /app/data/T0015/303209/b5516nj/internet-banking-concept-microservices-303209/internet-banking-api-gateway/src/main/java/com/javatodev/finance/configuration/GatewayConfiguration.java
2026-01-06 15:50:24,444 - Knowledge - INFO - process ingested knowledge for /app/data/T0015/303209/b5516nj/internet-banking-concept-microservices-303209/internet-banking-user-service/src/main/java/com/javatodev/finance/model/rest/response/AccountResponse.java
2026-01-06 15:50:24,445 - Knowledge - INFO - Processing batch of 5 files
2026-01-06 15:50:24,445 - Knowledge - INFO - Processing batch of 5 files
2026-01-06 15:50:24,509 - Knowledge - INFO - Fast-tracked /app/data/T0015/303209/b5516nj/internet-banking-concept-microservices-303209/internet-banking-utility-payment-service/settings.gradle (ext=.gradle, size=62)
2026-01-06 15:50:24,840 - Knowledge - INFO - Fast-tracked /app/data/T0015/303209/b5516nj/internet-banking-concept-microservices-303209/internet-banking-utility-payment-service/src/main/java/com/javatodev/finance/model/mapper/BaseMapper.java (ext=.java, size=1330)
2026-01-06 15:50:24,867 - Knowledge - INFO - Worker kw17 processing /app/data/T0015/303209/b5516nj/internet-banking-concept-microservices-303209/internet-banking-utility-payment-service/src/main/java/com/javatodev/finance/exception/SimpleBankingGlobalException.java
2026-01-06 15:50:24,960 - Knowledge - INFO - Worker kw18 processing /app/data/T0015/303209/b5516nj/internet-banking-concept-microservices-303209/internet-banking-utility-payment-service/src/main/resources/application.yml
2026-01-06 15:50:24,969 - Knowledge - INFO - [LLM_CALL] Completed: UserService.java:chunk1, Duration: 8158ms, PromptTokens: 2618, CompletionTokens: 644, Cost: $0.00052
2026-01-06 15:50:25,093 - Knowledge - INFO - Fast-tracked /app/data/T0015/303209/b5516nj/internet-banking-concept-microservices-303209/internet-banking-api-gateway/src/main/java/com/javatodev/finance/configuration/GatewayConfiguration.java (ext=.java, size=1080)
2026-01-06 15:50:25,279 - Knowledge - INFO - process ingested knowledge for /app/data/T0015/303209/b5516nj/internet-banking-concept-microservices-303209/internet-banking-user-service/src/main/java/com/javatodev/finance/exception/SimpleBankingGlobalException.java
2026-01-06 15:50:25,388 - Knowledge - INFO - process ingested knowledge for /app/data/T0015/303209/b5516nj/internet-banking-concept-microservices-303209/internet-banking-user-service/src/main/java/com/javatodev/finance/model/entity/UserEntity.java
2026-01-06 15:50:25,477 - Knowledge - INFO - Worker kw19 processing /app/data/T0015/303209/b5516nj/internet-banking-concept-microservices-303209/internet-banking-utility-payment-service/build.gradle
2026-01-06 15:50:25,656 - Knowledge - INFO - Fast-tracked /app/data/T0015/303209/b5516nj/internet-banking-concept-microservices-303209/internet-banking-utility-payment-service/src/main/java/com/javatodev/finance/exception/SimpleBankingGlobalException.java (ext=.java, size=423)
2026-01-06 15:50:25,704 - Knowledge - INFO - process ingested knowledge for /app/data/T0015/303209/b5516nj/internet-banking-concept-microservices-303209/internet-banking-user-service/src/main/java/com/javatodev/finance/configuration/CustomFeignErrorDecoder.java
2026-01-06 15:50:25,704 - Knowledge - INFO - process ingested knowledge for /app/data/T0015/303209/b5516nj/internet-banking-concept-microservices-303209/internet-banking-fund-transfer-service/settings.gradle
2026-01-06 15:50:25,704 - Knowledge - INFO - process ingested knowledge for /app/data/T0015/303209/b5516nj/internet-banking-concept-microservices-303209/internet-banking-fund-transfer-service/src/main/java/com/javatodev/finance/exception/GlobalExceptionHandler.java
2026-01-06 15:50:25,785 - Knowledge - INFO - Fast-tracked /app/data/T0015/303209/b5516nj/internet-banking-concept-microservices-303209/internet-banking-utility-payment-service/src/main/resources/application.yml (ext=.yml, size=75)
2026-01-06 15:50:25,864 - Knowledge - INFO - done ingest for /app/data/T0015/303209/b5516nj/internet-banking-concept-microservices-303209/internet-banking-user-service/src/main/java/com/javatodev/finance/service/UserService.java
2026-01-06 15:50:25,966 - Knowledge - INFO - Worker kw20 processing /app/data/T0015/303209/b5516nj/internet-banking-concept-microservices-303209/internet-banking-api-gateway/src/main/java/com/javatodev/finance/InternetBankingApiGatewayApplication.java
2026-01-06 15:50:26,274 - Knowledge - INFO - Fast-tracked /app/data/T0015/303209/b5516nj/internet-banking-concept-microservices-303209/internet-banking-utility-payment-service/build.gradle (ext=.gradle, size=1342)
2026-01-06 15:50:26,516 - Knowledge - INFO - process ingested knowledge for /app/data/T0015/303209/b5516nj/internet-banking-concept-microservices-303209/internet-banking-user-service/src/main/java/com/javatodev/finance/model/rest/response/UserResponse.java
2026-01-06 15:50:26,517 - Knowledge - INFO - Processing batch of 4 files
2026-01-06 15:50:26,518 - Knowledge - INFO - process ingested knowledge for /app/data/T0015/303209/b5516nj/internet-banking-concept-microservices-303209/internet-banking-fund-transfer-service/src/main/java/com/javatodev/finance/model/dto/request/FundTransferRequest.java
2026-01-06 15:50:26,805 - Knowledge - INFO - Worker kw18 processing /app/data/T0015/303209/b5516nj/internet-banking-concept-microservices-303209/internet-banking-utility-payment-service/src/main/resources/bootstrap.yml
2026-01-06 15:50:27,051 - Knowledge - INFO - Fast-tracked /app/data/T0015/303209/b5516nj/internet-banking-concept-microservices-303209/internet-banking-api-gateway/src/main/java/com/javatodev/finance/InternetBankingApiGatewayApplication.java (ext=.java, size=452)
2026-01-06 15:50:27,057 - Knowledge - INFO - Worker kw19 processing /app/data/T0015/303209/b5516nj/internet-banking-concept-microservices-303209/internet-banking-api-gateway/src/test/java/com/javatodev/finance/InternetBankingApiGatewayApplicationTests.java
2026-01-06 15:50:27,211 - Knowledge - INFO - process ingested knowledge for /app/data/T0015/303209/b5516nj/internet-banking-concept-microservices-303209/internet-banking-user-service/src/main/java/com/javatodev/finance/exception/ErrorResponse.java
2026-01-06 15:50:27,420 - Knowledge - INFO - Fast-tracked /app/data/T0015/303209/b5516nj/internet-banking-concept-microservices-303209/internet-banking-utility-payment-service/src/main/resources/bootstrap.yml (ext=.yml, size=62)
2026-01-06 15:50:27,453 - Knowledge - INFO - Worker kw20 processing /app/data/T0015/303209/b5516nj/internet-banking-concept-microservices-303209/internet-banking-api-gateway/src/main/resources/application.yml
2026-01-06 15:50:27,597 - Knowledge - INFO - Fast-tracked /app/data/T0015/303209/b5516nj/internet-banking-concept-microservices-303209/internet-banking-api-gateway/src/test/java/com/javatodev/finance/InternetBankingApiGatewayApplicationTests.java (ext=.java, size=241)
2026-01-06 15:50:27,675 - Knowledge - INFO - process ingested knowledge for /app/data/T0015/303209/b5516nj/internet-banking-concept-microservices-303209/internet-banking-user-service/src/main/java/com/javatodev/finance/exception/GlobalErrorCode.java
2026-01-06 15:50:27,675 - Knowledge - INFO - process ingested knowledge for /app/data/T0015/303209/b5516nj/internet-banking-concept-microservices-303209/internet-banking-user-service/src/main/java/com/javatodev/finance/model/dto/Status.java
2026-01-06 15:50:27,676 - Knowledge - INFO - process ingested knowledge for /app/data/T0015/303209/b5516nj/internet-banking-concept-microservices-303209/internet-banking-user-service/src/main/java/com/javatodev/finance/configuration/KeycloakManager.java
2026-01-06 15:50:27,676 - Knowledge - INFO - Processing batch of 4 files
2026-01-06 15:50:27,676 - Knowledge - INFO - Processing batch of 4 files
2026-01-06 15:50:27,877 - Knowledge - INFO - Worker kw19 processing /app/data/T0015/303209/b5516nj/internet-banking-concept-microservices-303209/internet-banking-api-gateway/src/main/java/com/javatodev/finance/configuration/security/SecurityConfiguration.java
2026-01-06 15:50:27,935 - Knowledge - INFO - Fast-tracked /app/data/T0015/303209/b5516nj/internet-banking-concept-microservices-303209/internet-banking-api-gateway/src/main/resources/application.yml (ext=.yml, size=62)
2026-01-06 15:50:28,214 - Knowledge - INFO - process ingested knowledge for /app/data/T0015/303209/b5516nj/internet-banking-concept-microservices-303209/internet-banking-utility-payment-service/src/main/java/com/javatodev/finance/model/rest/request/UtilityPaymentRequest.java
2026-01-06 15:50:28,293 - Knowledge - INFO - process ingested knowledge for /app/data/T0015/303209/b5516nj/internet-banking-concept-microservices-303209/internet-banking-utility-payment-service/src/main/java/com/javatodev/finance/InternetBankingUtilityPaymentServiceApplication.java
2026-01-06 15:50:28,514 - Knowledge - INFO - Worker kw20 processing /app/data/T0015/303209/b5516nj/internet-banking-concept-microservices-303209/internet-banking-api-gateway/src/main/resources/bootstrap.yml
2026-01-06 15:50:28,576 - Knowledge - INFO - Fast-tracked /app/data/T0015/303209/b5516nj/internet-banking-concept-microservices-303209/internet-banking-api-gateway/src/main/java/com/javatodev/finance/configuration/security/SecurityConfiguration.java (ext=.java, size=1117)
2026-01-06 15:50:28,731 - Knowledge - INFO - process ingested knowledge for /app/data/T0015/303209/b5516nj/internet-banking-concept-microservices-303209/internet-banking-user-service/src/main/java/com/javatodev/finance/model/mapper/BaseMapper.java
2026-01-06 15:50:28,883 - Knowledge - INFO - Fast-tracked /app/data/T0015/303209/b5516nj/internet-banking-concept-microservices-303209/internet-banking-api-gateway/src/main/resources/bootstrap.yml (ext=.yml, size=62)
2026-01-06 15:50:29,901 - Knowledge - INFO - Processing batch of 4 files
2026-01-06 15:50:29,903 - Knowledge - INFO - process ingested knowledge for /app/data/T0015/303209/b5516nj/internet-banking-concept-microservices-303209/internet-banking-fund-transfer-service/build.gradle
2026-01-06 15:50:29,903 - Knowledge - INFO - process ingested knowledge for /app/data/T0015/303209/b5516nj/internet-banking-concept-microservices-303209/internet-banking-utility-payment-service/src/main/java/com/javatodev/finance/model/rest/response/AccountResponse.java
2026-01-06 15:50:29,904 - Knowledge - INFO - process ingested knowledge for /app/data/T0015/303209/b5516nj/internet-banking-concept-microservices-303209/internet-banking-user-service/src/main/java/com/javatodev/finance/exception/EntityNotFoundException.java
2026-01-06 15:50:30,075 - Knowledge - INFO - process ingested knowledge for /app/data/T0015/303209/b5516nj/internet-banking-concept-microservices-303209/internet-banking-utility-payment-service/src/test/resources/application.yml
2026-01-06 15:50:31,213 - Knowledge - INFO - process ingested knowledge for /app/data/T0015/303209/b5516nj/internet-banking-concept-microservices-303209/internet-banking-user-service/src/main/java/com/javatodev/finance/model/mapper/UserMapper.java
2026-01-06 15:50:32,833 - Knowledge - INFO - process ingested knowledge for /app/data/T0015/303209/b5516nj/internet-banking-concept-microservices-303209/internet-banking-user-service/src/main/java/com/javatodev/finance/exception/GlobalExceptionHandler.java
2026-01-06 15:50:32,835 - Knowledge - INFO - process ingested knowledge for /app/data/T0015/303209/b5516nj/internet-banking-concept-microservices-303209/internet-banking-user-service/src/main/java/com/javatodev/finance/model/dto/UserUpdateRequest.java
2026-01-06 15:50:32,835 - Knowledge - INFO - process ingested knowledge for /app/data/T0015/303209/b5516nj/internet-banking-concept-microservices-303209/internet-banking-utility-payment-service/src/main/java/com/javatodev/finance/service/rest/BankingCoreRestClient.java
2026-01-06 15:50:32,835 - Knowledge - INFO - process ingested knowledge for /app/data/T0015/303209/b5516nj/internet-banking-concept-microservices-303209/internet-banking-utility-payment-service/src/main/java/com/javatodev/finance/model/rest/response/UtilityPaymentResponse.java
2026-01-06 15:50:32,836 - Knowledge - INFO - [WEBSOCKET] Sent: Type=progress_update, Size: 271, Duration: 0ms
2026-01-06 15:50:32,836 - Knowledge - INFO - process ingested knowledge for /app/data/T0015/303209/b5516nj/internet-banking-concept-microservices-303209/internet-banking-user-service/src/main/java/com/javatodev/finance/exception/InvalidBankingUserException.java
2026-01-06 15:50:33,386 - Knowledge - INFO - Processing batch of 4 files
2026-01-06 15:50:33,388 - Knowledge - INFO - [WEBSOCKET] Sent: Type=unknown, Size: ?, Duration: 552ms
2026-01-06 15:50:33,616 - Knowledge - INFO - process ingested knowledge for /app/data/T0015/303209/b5516nj/internet-banking-concept-microservices-303209/internet-banking-api-gateway/src/main/java/com/javatodev/finance/configuration/GatewayConfiguration.java
2026-01-06 15:50:33,722 - Knowledge - INFO - Progress: 51.4% | Files: 79/146 | Rate: 1.88 files/sec | Queue: 55
2026-01-06 15:50:37,141 - Knowledge - INFO - Processing batch of 4 files
2026-01-06 15:50:37,142 - Knowledge - INFO - process ingested knowledge for /app/data/T0015/303209/b5516nj/internet-banking-concept-microservices-303209/internet-banking-utility-payment-service/src/main/java/com/javatodev/finance/repository/UtilityPaymentRepository.java
2026-01-06 15:50:37,143 - Knowledge - INFO - [WEBSOCKET] Sent: Type=progress_update, Size: 271, Duration: 0ms
2026-01-06 15:50:37,326 - Knowledge - INFO - process ingested knowledge for /app/data/T0015/303209/b5516nj/internet-banking-concept-microservices-303209/internet-banking-user-service/src/main/resources/bootstrap.yml
2026-01-06 15:50:37,476 - Knowledge - INFO - Processing batch of 5 files
2026-01-06 15:50:37,476 - Knowledge - INFO - [WEBSOCKET] Sent: Type=unknown, Size: ?, Duration: 334ms
2026-01-06 15:50:37,678 - Knowledge - INFO - process ingested knowledge for /app/data/T0015/303209/b5516nj/internet-banking-concept-microservices-303209/internet-banking-user-service/src/main/java/com/javatodev/finance/configuration/CustomFeignClientConfiguration.java
2026-01-06 15:50:37,853 - Knowledge - INFO - Progress: 55.5% | Files: 84/146 | Rate: 2.06 files/sec | Queue: 55
2026-01-06 15:50:39,048 - Knowledge - INFO - process ingested knowledge for /app/data/T0015/303209/b5516nj/internet-banking-concept-microservices-303209/internet-banking-utility-payment-service/src/main/java/com/javatodev/finance/model/mapper/BaseMapper.java
2026-01-06 15:50:39,049 - Knowledge - INFO - process ingested knowledge for /app/data/T0015/303209/b5516nj/internet-banking-concept-microservices-303209/internet-banking-user-service/src/main/resources/application.yml
2026-01-06 15:50:39,049 - Knowledge - INFO - [kw1] Queue=55, InProgress=0, PendingWorkers=20/20, Completed=84/146 (57.5%)
2026-01-06 15:50:39,419 - Knowledge - INFO - Batch sizing: calculated=4, max_allowed=10, queue=55, active_workers=20/20
2026-01-06 15:50:40,824 - Knowledge - INFO - Processing batch of 4 files
2026-01-06 15:50:40,997 - Knowledge - INFO - process ingested knowledge for /app/data/T0015/303209/b5516nj/internet-banking-concept-microservices-303209/internet-banking-utility-payment-service/src/main/java/com/javatodev/finance/model/mapper/UtilityPaymentMapper.java
2026-01-06 15:50:42,224 - Knowledge - INFO - process ingested knowledge for /app/data/T0015/303209/b5516nj/internet-banking-concept-microservices-303209/internet-banking-user-service/src/main/java/com/javatodev/finance/exception/InvalidEmailException.java
2026-01-06 15:50:42,225 - Knowledge - INFO - process ingested knowledge for /app/data/T0015/303209/b5516nj/internet-banking-concept-microservices-303209/internet-banking-utility-payment-service/src/main/java/com/javatodev/finance/service/UtilityPaymentService.java
2026-01-06 15:50:42,225 - Knowledge - INFO - process ingested knowledge for /app/data/T0015/303209/b5516nj/internet-banking-concept-microservices-303209/internet-banking-utility-payment-service/src/main/java/com/javatodev/finance/configuration/CustomFeignClientConfiguration.java
2026-01-06 15:50:42,225 - Knowledge - INFO - process ingested knowledge for /app/data/T0015/303209/b5516nj/internet-banking-concept-microservices-303209/internet-banking-user-service/src/main/java/com/javatodev/finance/controller/UserController.java
2026-01-06 15:50:42,226 - Knowledge - INFO - [kw2] Queue=55, InProgress=0, PendingWorkers=20/20, Completed=87/146 (59.6%)
2026-01-06 15:50:42,792 - Knowledge - INFO - Batch sizing: calculated=4, max_allowed=10, queue=55, active_workers=20/20
2026-01-06 15:50:44,183 - Knowledge - INFO - Processing batch of 4 files
2026-01-06 15:50:44,331 - Knowledge - INFO - process ingested knowledge for /app/data/T0015/303209/b5516nj/internet-banking-concept-microservices-303209/internet-banking-utility-payment-service/settings.gradle
2026-01-06 15:50:45,789 - Knowledge - INFO - process ingested knowledge for /app/data/T0015/303209/b5516nj/internet-banking-concept-microservices-303209/internet-banking-utility-payment-service/src/main/java/com/javatodev/finance/model/entity/UtilityPaymentEntity.java
2026-01-06 15:50:45,791 - Knowledge - INFO - process ingested knowledge for /app/data/T0015/303209/b5516nj/internet-banking-concept-microservices-303209/internet-banking-user-service/src/main/java/com/javatodev/finance/model/dto/User.java
2026-01-06 15:50:45,792 - Knowledge - INFO - process ingested knowledge for /app/data/T0015/303209/b5516nj/internet-banking-concept-microservices-303209/internet-banking-user-service/settings.gradle
2026-01-06 15:50:45,792 - Knowledge - INFO - Processing batch of 4 files
2026-01-06 15:50:46,294 - Knowledge - INFO - process ingested knowledge for /app/data/T0015/303209/b5516nj/internet-banking-concept-microservices-303209/internet-banking-utility-payment-service/src/main/java/com/javatodev/finance/exception/GlobalExceptionHandler.java
2026-01-06 15:50:52,679 - Knowledge - INFO - process ingested knowledge for /app/data/T0015/303209/b5516nj/internet-banking-concept-microservices-303209/internet-banking-user-service/src/main/java/com/javatodev/finance/exception/UserAlreadyRegisteredException.java
2026-01-06 15:50:52,681 - Knowledge - INFO - process ingested knowledge for /app/data/T0015/303209/b5516nj/internet-banking-concept-microservices-303209/internet-banking-utility-payment-service/src/main/java/com/javatodev/finance/model/TransactionStatus.java
2026-01-06 15:50:52,685 - Knowledge - INFO - process ingested knowledge for /app/data/T0015/303209/b5516nj/internet-banking-concept-microservices-303209/internet-banking-user-service/src/main/java/com/javatodev/finance/service/UserService.java
2026-01-06 15:50:52,685 - Knowledge - INFO - Async storing batch of 5 embeddings
2026-01-06 15:50:53,115 - Knowledge - INFO - Worker kw2 processing /app/data/T0015/303209/b5516nj/internet-banking-concept-microservices-303209/internet-banking-api-gateway/settings.gradle
2026-01-06 15:50:53,437 - Knowledge - INFO - Fast-tracked /app/data/T0015/303209/b5516nj/internet-banking-concept-microservices-303209/internet-banking-api-gateway/settings.gradle (ext=.gradle, size=50)
2026-01-06 15:50:53,640 - Knowledge - INFO - Worker kw2 processing /app/data/T0015/303209/b5516nj/internet-banking-concept-microservices-303209/internet-banking-api-gateway/build.gradle
2026-01-06 15:50:53,843 - Knowledge - INFO - Fast-tracked /app/data/T0015/303209/b5516nj/internet-banking-concept-microservices-303209/internet-banking-api-gateway/build.gradle (ext=.gradle, size=1380)
2026-01-06 15:50:54,036 - Knowledge - INFO - Worker kw2 processing /app/data/T0015/303209/b5516nj/internet-banking-concept-microservices-303209/core-banking-service/src/test/java/com/javatodev/finance/CoreBankingServiceApplicationTests.java
2026-01-06 15:50:54,396 - Knowledge - INFO - Fast-tracked /app/data/T0015/303209/b5516nj/internet-banking-concept-microservices-303209/core-banking-service/src/test/java/com/javatodev/finance/CoreBankingServiceApplicationTests.java (ext=.java, size=234)
2026-01-06 15:50:54,544 - Knowledge - INFO - Worker kw2 processing /app/data/T0015/303209/b5516nj/internet-banking-concept-microservices-303209/core-banking-service/src/test/resources/application.yml
2026-01-06 15:50:54,999 - Knowledge - INFO - Fast-tracked /app/data/T0015/303209/b5516nj/internet-banking-concept-microservices-303209/core-banking-service/src/test/resources/application.yml (ext=.yml, size=473)
2026-01-06 15:50:55,172 - Knowledge - INFO - Async storage completed for 5 embeddings
2026-01-06 15:51:00,024 - Knowledge - INFO - process ingested knowledge for /app/data/T0015/303209/b5516nj/internet-banking-concept-microservices-303209/internet-banking-api-gateway/src/main/java/com/javatodev/finance/InternetBankingApiGatewayApplication.java
2026-01-06 15:51:06,195 - Knowledge - INFO - process ingested knowledge for /app/data/T0015/303209/b5516nj/internet-banking-concept-microservices-303209/internet-banking-utility-payment-service/src/main/java/com/javatodev/finance/model/dto/UtilityPayment.java
2026-01-06 15:51:06,197 - Knowledge - INFO - process ingested knowledge for /app/data/T0015/303209/b5516nj/internet-banking-concept-microservices-303209/internet-banking-user-service/src/main/java/com/javatodev/finance/InternetBankingUserServiceApplication.java
2026-01-06 15:51:18,422 - Knowledge - INFO - process ingested knowledge for /app/data/T0015/303209/b5516nj/internet-banking-concept-microservices-303209/internet-banking-utility-payment-service/src/main/java/com/javatodev/finance/controller/UtilityPaymentController.java
2026-01-06 15:51:23,455 - Knowledge - INFO - Processing batch of 4 files
2026-01-06 15:51:23,636 - Knowledge - INFO - process ingested knowledge for /app/data/T0015/303209/b5516nj/internet-banking-concept-microservices-303209/internet-banking-api-gateway/settings.gradle
2026-01-06 15:51:24,652 - Knowledge - INFO - process ingested knowledge for /app/data/T0015/303209/b5516nj/internet-banking-concept-microservices-303209/internet-banking-utility-payment-service/src/main/java/com/javatodev/finance/exception/ErrorResponse.java
2026-01-06 15:51:26,338 - Knowledge - INFO - process ingested knowledge for /app/data/T0015/303209/b5516nj/internet-banking-concept-microservices-303209/internet-banking-utility-payment-service/src/main/java/com/javatodev/finance/exception/SimpleBankingGlobalException.java
2026-01-06 15:51:26,562 - Knowledge - INFO - process ingested knowledge for /app/data/T0015/303209/b5516nj/internet-banking-concept-microservices-303209/internet-banking-user-service/src/main/java/com/javatodev/finance/service/rest/BankingCoreRestClient.java
2026-01-06 15:51:26,683 - Knowledge - INFO - Async storing batch of 5 embeddings
2026-01-06 15:51:26,684 - Knowledge - INFO - process ingested knowledge for /app/data/T0015/303209/b5516nj/internet-banking-concept-microservices-303209/internet-banking-api-gateway/src/main/resources/application.yml
2026-01-06 15:51:26,685 - Knowledge - INFO - process ingested knowledge for /app/data/T0015/303209/b5516nj/internet-banking-concept-microservices-303209/internet-banking-user-service/build.gradle
2026-01-06 15:51:26,685 - Knowledge - INFO - process ingested knowledge for /app/data/T0015/303209/b5516nj/internet-banking-concept-microservices-303209/internet-banking-utility-payment-service/src/main/resources/application.yml
2026-01-06 15:51:26,759 - Knowledge - INFO - process ingested knowledge for /app/data/T0015/303209/b5516nj/internet-banking-concept-microservices-303209/internet-banking-utility-payment-service/build.gradle
2026-01-06 15:51:26,842 - Knowledge - INFO - Worker kw1 processing /app/data/T0015/303209/b5516nj/internet-banking-concept-microservices-303209/core-banking-service/src/main/java/com/javatodev/finance/repository/TransactionRepository.java
2026-01-06 15:51:27,044 - Knowledge - INFO - [WEBSOCKET] Sent: Type=progress_update, Size: 271, Duration: 0ms
2026-01-06 15:51:27,186 - Knowledge - INFO - process ingested knowledge for /app/data/T0015/303209/b5516nj/internet-banking-concept-microservices-303209/internet-banking-api-gateway/build.gradle
2026-01-06 15:51:27,349 - Knowledge - INFO - Fast-tracked /app/data/T0015/303209/b5516nj/internet-banking-concept-microservices-303209/core-banking-service/src/main/java/com/javatodev/finance/repository/TransactionRepository.java (ext=.java, size=256)
2026-01-06 15:51:27,446 - Knowledge - INFO - process ingested knowledge for /app/data/T0015/303209/b5516nj/internet-banking-concept-microservices-303209/internet-banking-api-gateway/src/main/resources/bootstrap.yml
2026-01-06 15:51:27,450 - Knowledge - INFO - [WEBSOCKET] Sent: Type=unknown, Size: ?, Duration: 406ms
2026-01-06 15:51:27,576 - Knowledge - INFO - process ingested knowledge for /app/data/T0015/303209/b5516nj/internet-banking-concept-microservices-303209/internet-banking-utility-payment-service/src/test/java/com/javatodev/finance/InternetBankingUtilityPaymentServiceApplicationTests.java
2026-01-06 15:51:27,576 - Knowledge - INFO - process ingested knowledge for /app/data/T0015/303209/b5516nj/internet-banking-concept-microservices-303209/internet-banking-utility-payment-service/src/main/resources/bootstrap.yml
2026-01-06 15:51:27,673 - Knowledge - INFO - Worker kw1 processing /app/data/T0015/303209/b5516nj/internet-banking-concept-microservices-303209/core-banking-service/src/main/java/com/javatodev/finance/repository/UtilityAccountRepository.java
2026-01-06 15:51:27,741 - Knowledge - INFO - process ingested knowledge for /app/data/T0015/303209/b5516nj/internet-banking-concept-microservices-303209/internet-banking-api-gateway/src/test/java/com/javatodev/finance/InternetBankingApiGatewayApplicationTests.java
2026-01-06 15:51:27,856 - Knowledge - INFO - Progress: 65.1% | Files: 95/146 | Rate: 0.97 files/sec | Queue: 47
2026-01-06 15:51:28,056 - Knowledge - INFO - [kw16] Queue=47, InProgress=0, PendingWorkers=20/20, Completed=95/146 (65.1%)
2026-01-06 15:51:28,057 - Knowledge - INFO - [kw12] Queue=47, InProgress=0, PendingWorkers=20/20, Completed=95/146 (65.1%)
2026-01-06 15:51:28,121 - Knowledge - INFO - Fast-tracked /app/data/T0015/303209/b5516nj/internet-banking-concept-microservices-303209/core-banking-service/src/main/java/com/javatodev/finance/repository/UtilityAccountRepository.java (ext=.java, size=366)
2026-01-06 15:51:28,148 - Knowledge - INFO - process ingested knowledge for /app/data/T0015/303209/b5516nj/internet-banking-concept-microservices-303209/internet-banking-user-service/src/main/java/com/javatodev/finance/service/KeycloakUserService.java
2026-01-06 15:51:28,148 - Knowledge - INFO - [kw3] Queue=47, InProgress=0, PendingWorkers=20/20, Completed=95/146 (65.1%)
2026-01-06 15:51:28,233 - Knowledge - INFO - [kw7] Queue=47, InProgress=0, PendingWorkers=20/20, Completed=95/146 (65.1%)
2026-01-06 15:51:28,233 - Knowledge - INFO - [kw9] Queue=47, InProgress=0, PendingWorkers=20/20, Completed=95/146 (65.1%)
2026-01-06 15:51:28,309 - Knowledge - INFO - process ingested knowledge for /app/data/T0015/303209/b5516nj/internet-banking-concept-microservices-303209/core-banking-service/src/test/java/com/javatodev/finance/CoreBankingServiceApplicationTests.java
2026-01-06 15:51:28,427 - Knowledge - INFO - Batch sizing: calculated=4, max_allowed=10, queue=47, active_workers=20/20
2026-01-06 15:51:28,496 - Knowledge - INFO - Batch sizing: calculated=4, max_allowed=10, queue=47, active_workers=20/20
2026-01-06 15:51:28,512 - Knowledge - INFO - process ingested knowledge for /app/data/T0015/303209/b5516nj/internet-banking-concept-microservices-303209/internet-banking-api-gateway/src/main/java/com/javatodev/finance/configuration/security/SecurityConfiguration.java
2026-01-06 15:51:28,607 - Knowledge - INFO - Worker kw1 processing /app/data/T0015/303209/b5516nj/internet-banking-concept-microservices-303209/core-banking-service/src/main/java/com/javatodev/finance/repository/BankAccountRepository.java
2026-01-06 15:51:28,662 - Knowledge - INFO - [kw4] Queue=47, InProgress=0, PendingWorkers=20/20, Completed=95/146 (65.1%)
2026-01-06 15:51:28,662 - Knowledge - INFO - [kw5] Queue=47, InProgress=0, PendingWorkers=20/20, Completed=95/146 (65.1%)
2026-01-06 15:51:28,774 - Knowledge - INFO - Batch sizing: calculated=4, max_allowed=10, queue=47, active_workers=20/20
2026-01-06 15:51:28,859 - Knowledge - INFO - Batch sizing: calculated=4, max_allowed=10, queue=47, active_workers=20/20
2026-01-06 15:51:28,959 - Knowledge - INFO - Batch sizing: calculated=4, max_allowed=10, queue=47, active_workers=20/20
2026-01-06 15:51:29,017 - Knowledge - INFO - [kw15] Queue=47, InProgress=0, PendingWorkers=20/20, Completed=95/146 (65.1%)
2026-01-06 15:51:29,393 - Knowledge - INFO - [kw11] Queue=47, InProgress=0, PendingWorkers=20/20, Completed=95/146 (65.1%)
2026-01-06 15:51:29,410 - Knowledge - INFO - Fast-tracked /app/data/T0015/303209/b5516nj/internet-banking-concept-microservices-303209/core-banking-service/src/main/java/com/javatodev/finance/repository/BankAccountRepository.java (ext=.java, size=353)
2026-01-06 15:51:29,482 - Knowledge - INFO - process ingested knowledge for /app/data/T0015/303209/b5516nj/internet-banking-concept-microservices-303209/core-banking-service/src/test/resources/application.yml
2026-01-06 15:51:29,517 - Knowledge - INFO - Batch sizing: calculated=4, max_allowed=10, queue=47, active_workers=20/20
2026-01-06 15:51:29,556 - Knowledge - INFO - [kw14] Queue=47, InProgress=0, PendingWorkers=20/20, Completed=95/146 (65.1%)
2026-01-06 15:51:29,557 - Knowledge - INFO - Async storing batch of 4 embeddings
2026-01-06 15:51:29,628 - Knowledge - INFO - Batch sizing: calculated=4, max_allowed=10, queue=47, active_workers=20/20
2026-01-06 15:51:29,885 - Knowledge - INFO - Async storing batch of 4 embeddings
2026-01-06 15:51:30,041 - Knowledge - INFO - Batch sizing: calculated=4, max_allowed=10, queue=47, active_workers=20/20
2026-01-06 15:51:30,108 - Knowledge - INFO - [kw6] Queue=39, InProgress=0, PendingWorkers=20/20, Completed=95/146 (65.1%)
2026-01-06 15:51:30,155 - Knowledge - INFO - Batch sizing: calculated=4, max_allowed=10, queue=47, active_workers=20/20
2026-01-06 15:51:30,250 - Knowledge - INFO - Worker kw1 processing /app/data/T0015/303209/b5516nj/internet-banking-concept-microservices-303209/core-banking-service/src/main/java/com/javatodev/finance/repository/UserRepository.java
2026-01-06 15:51:30,296 - Knowledge - INFO - Async storing batch of 5 embeddings
2026-01-06 15:51:30,408 - Knowledge - INFO - Async storing batch of 5 embeddings
2026-01-06 15:51:30,408 - Knowledge - INFO - [kw10] Queue=31, InProgress=0, PendingWorkers=20/20, Completed=95/146 (65.1%)
2026-01-06 15:51:30,462 - Knowledge - INFO - Async storing batch of 5 embeddings
2026-01-06 15:51:30,536 - Knowledge - INFO - [kw17] Queue=27, InProgress=0, PendingWorkers=20/20, Completed=95/146 (65.1%)
2026-01-06 15:51:30,537 - Knowledge - INFO - Batch sizing: calculated=4, max_allowed=10, queue=47, active_workers=20/20
2026-01-06 15:51:30,653 - Knowledge - INFO - Worker kw16 processing /app/data/T0015/303209/b5516nj/internet-banking-concept-microservices-303209/core-banking-service/src/main/java/com/javatodev/finance/CoreBankingServiceApplication.java
2026-01-06 15:51:30,672 - Knowledge - INFO - Async storing batch of 5 embeddings
2026-01-06 15:51:30,806 - Knowledge - INFO - Worker kw12 processing /app/data/T0015/303209/b5516nj/internet-banking-concept-microservices-303209/core-banking-service/src/main/java/com/javatodev/finance/service/UserService.java
2026-01-06 15:51:30,958 - Knowledge - INFO - Batch sizing: calculated=4, max_allowed=10, queue=39, active_workers=20/20
2026-01-06 15:51:31,027 - Knowledge - INFO - [kw20] Queue=23, InProgress=0, PendingWorkers=20/20, Completed=95/146 (65.1%)
2026-01-06 15:51:31,028 - Knowledge - INFO - Async storing batch of 5 embeddings
2026-01-06 15:51:31,028 - Knowledge - INFO - Async storing batch of 4 embeddings
2026-01-06 15:51:31,110 - Knowledge - INFO - [kw13] Queue=15, InProgress=0, PendingWorkers=20/20, Completed=95/146 (65.1%)
2026-01-06 15:51:31,110 - Knowledge - INFO - [kw18] Queue=15, InProgress=0, PendingWorkers=20/20, Completed=95/146 (65.1%)
2026-01-06 15:51:31,130 - Knowledge - INFO - Fast-tracked /app/data/T0015/303209/b5516nj/internet-banking-concept-microservices-303209/core-banking-service/src/main/java/com/javatodev/finance/repository/UserRepository.java (ext=.java, size=346)
2026-01-06 15:51:31,184 - Knowledge - INFO - Async storing batch of 5 embeddings
2026-01-06 15:51:31,221 - Knowledge - INFO - Worker kw9 processing /app/data/T0015/303209/b5516nj/internet-banking-concept-microservices-303209/core-banking-service/src/main/java/com/javatodev/finance/model/AccountStatus.java
2026-01-06 15:51:31,272 - Knowledge - INFO - [kw8] Queue=11, InProgress=0, PendingWorkers=20/20, Completed=95/146 (65.1%)
2026-01-06 15:51:31,272 - Knowledge - INFO - [kw19] Queue=11, InProgress=0, PendingWorkers=20/20, Completed=95/146 (65.1%)
2026-01-06 15:51:31,299 - Knowledge - INFO - Worker kw3 processing /app/data/T0015/303209/b5516nj/internet-banking-concept-microservices-303209/core-banking-service/src/main/java/com/javatodev/finance/model/mapper/BankAccountMapper.java
2026-01-06 15:51:31,412 - Knowledge - INFO - Batch sizing: calculated=4, max_allowed=10, queue=31, active_workers=20/20
2026-01-06 15:51:31,484 - Knowledge - INFO - [kw2] Queue=11, InProgress=0, PendingWorkers=20/20, Completed=95/146 (65.1%)
2026-01-06 15:51:31,494 - Knowledge - INFO - Worker kw7 processing /app/data/T0015/303209/b5516nj/internet-banking-concept-microservices-303209/core-banking-service/src/main/java/com/javatodev/finance/model/entity/TransactionEntity.java
2026-01-06 15:51:31,588 - Knowledge - INFO - Batch sizing: calculated=4, max_allowed=10, queue=27, active_workers=20/20
2026-01-06 15:51:31,670 - Knowledge - INFO - Async storing batch of 4 embeddings
2026-01-06 15:51:31,746 - Knowledge - INFO - Fast-tracked /app/data/T0015/303209/b5516nj/internet-banking-concept-microservices-303209/core-banking-service/src/main/java/com/javatodev/finance/CoreBankingServiceApplication.java (ext=.java, size=438)
2026-01-06 15:51:31,828 - Knowledge - INFO - Worker kw4 processing /app/data/T0015/303209/b5516nj/internet-banking-concept-microservices-303209/core-banking-service/src/main/java/com/javatodev/finance/model/dto/request/UtilityPaymentRequest.java
2026-01-06 15:51:31,909 - Knowledge - INFO - Fast-tracked /app/data/T0015/303209/b5516nj/internet-banking-concept-microservices-303209/core-banking-service/src/main/java/com/javatodev/finance/service/UserService.java (ext=.java, size=1034)
2026-01-06 15:51:32,018 - Knowledge - INFO - Async storing batch of 5 embeddings
2026-01-06 15:51:32,107 - Knowledge - INFO - Batch sizing: calculated=4, max_allowed=10, queue=23, active_workers=20/20
2026-01-06 15:51:32,200 - Knowledge - INFO - Worker kw5 processing /app/data/T0015/303209/b5516nj/internet-banking-concept-microservices-303209/core-banking-service/src/main/java/com/javatodev/finance/model/dto/response/UtilityPaymentResponse.java
2026-01-06 15:51:32,310 - Knowledge - INFO - Worker kw15 processing /app/data/T0015/303209/b5516nj/internet-banking-concept-microservices-303209/core-banking-service/src/main/java/com/javatodev/finance/exception/InsufficientFundsException.java
2026-01-06 15:51:32,418 - Knowledge - INFO - Batch sizing: calculated=4, max_allowed=10, queue=15, active_workers=20/20
2026-01-06 15:51:32,491 - Knowledge - INFO - Batch sizing: calculated=4, max_allowed=10, queue=15, active_workers=20/20
2026-01-06 15:51:32,603 - Knowledge - INFO - Async storage completed for 5 embeddings
2026-01-06 15:51:32,672 - Knowledge - INFO - Worker kw11 processing /app/data/T0015/303209/b5516nj/internet-banking-concept-microservices-303209/core-banking-service/src/main/resources/application.yml
2026-01-06 15:51:32,758 - Knowledge - INFO - Fast-tracked /app/data/T0015/303209/b5516nj/internet-banking-concept-microservices-303209/core-banking-service/src/main/java/com/javatodev/finance/model/AccountStatus.java (ext=.java, size=103)
2026-01-06 15:51:32,821 - Knowledge - INFO - Batch sizing: calculated=4, max_allowed=10, queue=11, active_workers=20/20
2026-01-06 15:51:32,934 - Knowledge - INFO - Batch sizing: calculated=4, max_allowed=10, queue=11, active_workers=20/20
2026-01-06 15:51:33,024 - Knowledge - INFO - Fast-tracked /app/data/T0015/303209/b5516nj/internet-banking-concept-microservices-303209/core-banking-service/src/main/java/com/javatodev/finance/model/mapper/BankAccountMapper.java (ext=.java, size=834)
2026-01-06 15:51:33,134 - Knowledge - INFO - Async storing batch of 5 embeddings
2026-01-06 15:51:33,209 - Knowledge - INFO - Batch sizing: calculated=4, max_allowed=10, queue=11, active_workers=20/20
2026-01-06 15:51:33,293 - Knowledge - INFO - Fast-tracked /app/data/T0015/303209/b5516nj/internet-banking-concept-microservices-303209/core-banking-service/src/main/java/com/javatodev/finance/model/entity/TransactionEntity.java (ext=.java, size=750)
2026-01-06 15:51:33,500 - Knowledge - INFO - Worker kw14 processing /app/data/T0015/303209/b5516nj/internet-banking-concept-microservices-303209/core-banking-service/src/main/resources/bootstrap.yml
2026-01-06 15:51:33,613 - Knowledge - INFO - Worker kw16 processing /app/data/T0015/303209/b5516nj/internet-banking-concept-microservices-303209/core-banking-service/src/main/java/com/javatodev/finance/controller/TransactionController.java
2026-01-06 15:51:33,749 - Knowledge - INFO - Fast-tracked /app/data/T0015/303209/b5516nj/internet-banking-concept-microservices-303209/core-banking-service/src/main/java/com/javatodev/finance/model/dto/request/UtilityPaymentRequest.java (ext=.java, size=272)
2026-01-06 15:51:33,855 - Knowledge - INFO - Worker kw12 processing /app/data/T0015/303209/b5516nj/internet-banking-concept-microservices-303209/core-banking-service/src/main/java/com/javatodev/finance/service/AccountService.java
2026-01-06 15:51:33,986 - Knowledge - INFO - Worker kw6 processing /app/data/T0015/303209/b5516nj/internet-banking-concept-microservices-303209/postman_collection/BANKING_CORE_MICROSERVICES_PROJECT.postman_environment.json
2026-01-06 15:51:34,178 - Knowledge - INFO - Fast-tracked /app/data/T0015/303209/b5516nj/internet-banking-concept-microservices-303209/core-banking-service/src/main/java/com/javatodev/finance/model/dto/response/UtilityPaymentResponse.java (ext=.java, size=246)
2026-01-06 15:51:34,259 - Knowledge - INFO - Fast-tracked /app/data/T0015/303209/b5516nj/internet-banking-concept-microservices-303209/core-banking-service/src/main/java/com/javatodev/finance/exception/InsufficientFundsException.java (ext=.java, size=228)
2026-01-06 15:51:34,513 - Knowledge - INFO - Processing batch of 4 files
2026-01-06 15:51:34,603 - Knowledge - INFO - Fast-tracked /app/data/T0015/303209/b5516nj/internet-banking-concept-microservices-303209/core-banking-service/src/main/resources/application.yml (ext=.yml, size=54)
2026-01-06 15:51:34,666 - Knowledge - INFO - Worker kw9 processing /app/data/T0015/303209/b5516nj/internet-banking-concept-microservices-303209/core-banking-service/src/main/java/com/javatodev/finance/model/mapper/BaseMapper.java
2026-01-06 15:51:34,793 - Knowledge - INFO - [WEBSOCKET] Sent: Type=progress_update, Size: 271, Duration: 0ms
2026-01-06 15:51:34,984 - Knowledge - INFO - Worker kw3 processing /app/data/T0015/303209/b5516nj/internet-banking-concept-microservices-303209/core-banking-service/src/main/java/com/javatodev/finance/model/entity/UserEntity.java
2026-01-06 15:51:35,081 - Knowledge - INFO - Worker kw10 processing /app/data/T0015/303209/b5516nj/internet-banking-concept-microservices-303209/internet-banking-config-server/src/main/resources/application.yml
2026-01-06 15:51:35,252 - Knowledge - INFO - Worker kw7 processing /app/data/T0015/303209/b5516nj/internet-banking-concept-microservices-303209/core-banking-service/src/main/java/com/javatodev/finance/model/dto/Transaction.java
2026-01-06 15:51:35,326 - Knowledge - INFO - Fast-tracked /app/data/T0015/303209/b5516nj/internet-banking-concept-microservices-303209/core-banking-service/src/main/resources/bootstrap.yml (ext=.yml, size=62)
2026-01-06 15:51:35,423 - Knowledge - INFO - Fast-tracked /app/data/T0015/303209/b5516nj/internet-banking-concept-microservices-303209/core-banking-service/src/main/java/com/javatodev/finance/controller/TransactionController.java (ext=.java, size=1456)
2026-01-06 15:51:35,496 - Knowledge - INFO - Worker kw4 processing /app/data/T0015/303209/b5516nj/internet-banking-concept-microservices-303209/core-banking-service/src/main/java/com/javatodev/finance/model/dto/request/FundTransferRequest.java
2026-01-06 15:51:35,587 - Knowledge - INFO - Fast-tracked /app/data/T0015/303209/b5516nj/internet-banking-concept-microservices-303209/core-banking-service/src/main/java/com/javatodev/finance/service/AccountService.java (ext=.java, size=1775)
2026-01-06 15:51:35,675 - Knowledge - INFO - Fast-tracked /app/data/T0015/303209/b5516nj/internet-banking-concept-microservices-303209/postman_collection/BANKING_CORE_MICROSERVICES_PROJECT.postman_environment.json (ext=.json, size=762)
2026-01-06 15:51:35,744 - Knowledge - INFO - Worker kw5 processing /app/data/T0015/303209/b5516nj/internet-banking-concept-microservices-303209/core-banking-service/src/main/java/com/javatodev/finance/model/AccountType.java
2026-01-06 15:51:35,837 - Knowledge - INFO - Worker kw15 processing /app/data/T0015/303209/b5516nj/internet-banking-concept-microservices-303209/core-banking-service/src/main/java/com/javatodev/finance/exception/GlobalExceptionHandler.java
2026-01-06 15:51:35,951 - Knowledge - INFO - process ingested knowledge for /app/data/T0015/303209/b5516nj/internet-banking-concept-microservices-303209/core-banking-service/src/main/java/com/javatodev/finance/repository/TransactionRepository.java
2026-01-06 15:51:36,025 - Knowledge - INFO - Worker kw11 processing /app/data/T0015/303209/b5516nj/internet-banking-concept-microservices-303209/core-banking-service/src/main/resources/db/migration/V1.0.20210429210839__create_transaction_table.sql
2026-01-06 15:51:36,112 - Knowledge - INFO - Fast-tracked /app/data/T0015/303209/b5516nj/internet-banking-concept-microservices-303209/core-banking-service/src/main/java/com/javatodev/finance/model/mapper/BaseMapper.java (ext=.java, size=1330)
2026-01-06 15:51:36,215 - Knowledge - INFO - [WEBSOCKET] Sent: Type=unknown, Size: ?, Duration: 1422ms
2026-01-06 15:51:36,342 - Knowledge - INFO - Fast-tracked /app/data/T0015/303209/b5516nj/internet-banking-concept-microservices-303209/core-banking-service/src/main/java/com/javatodev/finance/model/entity/UserEntity.java (ext=.java, size=574)
2026-01-06 15:51:36,469 - Knowledge - INFO - Fast-tracked /app/data/T0015/303209/b5516nj/internet-banking-concept-microservices-303209/internet-banking-config-server/src/main/resources/application.yml (ext=.yml, size=225)
2026-01-06 15:51:36,546 - Knowledge - INFO - Fast-tracked /app/data/T0015/303209/b5516nj/internet-banking-concept-microservices-303209/core-banking-service/src/main/java/com/javatodev/finance/model/dto/Transaction.java (ext=.java, size=255)
2026-01-06 15:51:36,618 - Knowledge - INFO - Worker kw14 processing /app/data/T0015/303209/b5516nj/internet-banking-concept-microservices-303209/core-banking-service/settings.gradle
2026-01-06 15:51:36,699 - Knowledge - INFO - Worker kw16 processing /app/data/T0015/303209/b5516nj/internet-banking-concept-microservices-303209/core-banking-service/src/main/java/com/javatodev/finance/controller/AccountController.java
2026-01-06 15:51:36,779 - Knowledge - INFO - Fast-tracked /app/data/T0015/303209/b5516nj/internet-banking-concept-microservices-303209/core-banking-service/src/main/java/com/javatodev/finance/model/dto/request/FundTransferRequest.java (ext=.java, size=237)
2026-01-06 15:51:36,876 - Knowledge - INFO - Worker kw12 processing /app/data/T0015/303209/b5516nj/internet-banking-concept-microservices-303209/core-banking-service/src/main/java/com/javatodev/finance/service/TransactionService.java
2026-01-06 15:51:36,986 - Knowledge - INFO - Worker kw6 processing /app/data/T0015/303209/b5516nj/internet-banking-concept-microservices-303209/README.md
2026-01-06 15:51:37,089 - Knowledge - INFO - Fast-tracked /app/data/T0015/303209/b5516nj/internet-banking-concept-microservices-303209/core-banking-service/src/main/java/com/javatodev/finance/model/AccountType.java (ext=.java, size=115)
2026-01-06 15:51:37,180 - Knowledge - INFO - Fast-tracked /app/data/T0015/303209/b5516nj/internet-banking-concept-microservices-303209/core-banking-service/src/main/java/com/javatodev/finance/exception/GlobalExceptionHandler.java (ext=.java, size=1158)
2026-01-06 15:51:37,292 - Knowledge - INFO - process ingested knowledge for /app/data/T0015/303209/b5516nj/internet-banking-concept-microservices-303209/core-banking-service/src/main/java/com/javatodev/finance/repository/UtilityAccountRepository.java
2026-01-06 15:51:37,408 - Knowledge - INFO - Fast-tracked /app/data/T0015/303209/b5516nj/internet-banking-concept-microservices-303209/core-banking-service/src/main/resources/db/migration/V1.0.20210429210839__create_transaction_table.sql (ext=.sql, size=605)
2026-01-06 15:51:37,484 - Knowledge - INFO - Worker kw9 processing /app/data/T0015/303209/b5516nj/internet-banking-concept-microservices-303209/core-banking-service/src/main/java/com/javatodev/finance/model/mapper/UserMapper.java
2026-01-06 15:51:37,575 - Knowledge - INFO - Progress: 67.8% | Files: 99/146 | Rate: 0.93 files/sec | Queue: 0
2026-01-06 15:51:37,657 - Knowledge - INFO - Worker kw3 processing /app/data/T0015/303209/b5516nj/internet-banking-concept-microservices-303209/core-banking-service/src/main/java/com/javatodev/finance/model/entity/BankAccountEntity.java
2026-01-06 15:51:37,732 - Knowledge - INFO - Worker kw10 processing /app/data/T0015/303209/b5516nj/internet-banking-concept-microservices-303209/internet-banking-config-server/settings.gradle
2026-01-06 15:51:37,812 - Knowledge - INFO - Worker kw7 processing /app/data/T0015/303209/b5516nj/internet-banking-concept-microservices-303209/core-banking-service/src/main/java/com/javatodev/finance/model/dto/UtilityAccount.java
2026-01-06 15:51:37,925 - Knowledge - INFO - Fast-tracked /app/data/T0015/303209/b5516nj/internet-banking-concept-microservices-303209/core-banking-service/settings.gradle (ext=.gradle, size=42)
2026-01-06 15:51:38,041 - Knowledge - INFO - Fast-tracked /app/data/T0015/303209/b5516nj/internet-banking-concept-microservices-303209/core-banking-service/src/main/java/com/javatodev/finance/controller/AccountController.java (ext=.java, size=1241)
2026-01-06 15:51:38,122 - Knowledge - INFO - Worker kw4 processing /app/data/T0015/303209/b5516nj/internet-banking-concept-microservices-303209/core-banking-service/src/main/java/com/javatodev/finance/model/dto/User.java
2026-01-06 15:51:38,189 - Knowledge - INFO - Worker kw12 processing /app/data/T0015/303209/b5516nj/internet-banking-concept-microservices-303209/core-banking-service/src/main/java/com/javatodev/finance/model/TransactionType.java
2026-01-06 15:51:38,279 - Knowledge - INFO - Fast-tracked /app/data/T0015/303209/b5516nj/internet-banking-concept-microservices-303209/README.md (ext=.md, size=4502)
2026-01-06 15:51:38,352 - Knowledge - INFO - Worker kw5 processing /app/data/T0015/303209/b5516nj/internet-banking-concept-microservices-303209/core-banking-service/src/main/java/com/javatodev/finance/exception/SimpleBankingGlobalException.java
2026-01-06 15:51:38,448 - Knowledge - INFO - Worker kw15 processing /app/data/T0015/303209/b5516nj/internet-banking-concept-microservices-303209/core-banking-service/src/main/java/com/javatodev/finance/exception/ErrorResponse.java
2026-01-06 15:51:38,529 - Knowledge - INFO - process ingested knowledge for /app/data/T0015/303209/b5516nj/internet-banking-concept-microservices-303209/core-banking-service/src/main/java/com/javatodev/finance/repository/BankAccountRepository.java
2026-01-06 15:51:38,642 - Knowledge - INFO - Worker kw11 processing /app/data/T0015/303209/b5516nj/internet-banking-concept-microservices-303209/core-banking-service/src/main/resources/db/migration/V1.0.20210427174721__temp_data.sql
2026-01-06 15:51:38,761 - Knowledge - INFO - Fast-tracked /app/data/T0015/303209/b5516nj/internet-banking-concept-microservices-303209/core-banking-service/src/main/java/com/javatodev/finance/model/mapper/UserMapper.java (ext=.java, size=1010)
2026-01-06 15:51:38,913 - Knowledge - INFO - Fast-tracked /app/data/T0015/303209/b5516nj/internet-banking-concept-microservices-303209/core-banking-service/src/main/java/com/javatodev/finance/model/entity/BankAccountEntity.java (ext=.java, size=750)
2026-01-06 15:51:38,990 - Knowledge - INFO - Fast-tracked /app/data/T0015/303209/b5516nj/internet-banking-concept-microservices-303209/internet-banking-config-server/settings.gradle (ext=.gradle, size=52)
2026-01-06 15:51:39,094 - Knowledge - INFO - Fast-tracked /app/data/T0015/303209/b5516nj/internet-banking-concept-microservices-303209/core-banking-service/src/main/java/com/javatodev/finance/model/dto/UtilityAccount.java (ext=.java, size=182)
2026-01-06 15:51:39,166 - Knowledge - INFO - Worker kw14 processing /app/data/T0015/303209/b5516nj/internet-banking-concept-microservices-303209/core-banking-service/build.gradle
2026-01-06 15:51:39,256 - Knowledge - INFO - Worker kw16 processing /app/data/T0015/303209/b5516nj/internet-banking-concept-microservices-303209/core-banking-service/src/main/java/com/javatodev/finance/controller/UserController.java
2026-01-06 15:51:39,337 - Knowledge - INFO - Fast-tracked /app/data/T0015/303209/b5516nj/internet-banking-concept-microservices-303209/core-banking-service/src/main/java/com/javatodev/finance/model/dto/User.java (ext=.java, size=308)
2026-01-06 15:51:39,415 - Knowledge - INFO - Fast-tracked /app/data/T0015/303209/b5516nj/internet-banking-concept-microservices-303209/core-banking-service/src/main/java/com/javatodev/finance/model/TransactionType.java (ext=.java, size=107)
2026-01-06 15:51:39,497 - Knowledge - INFO - Worker kw6 processing /app/data/T0015/303209/b5516nj/internet-banking-concept-microservices-303209/internet-banking-config-server/src/test/java/com/javatodev/finance/InternetBankingConfigServerApplicationTests.java
2026-01-06 15:51:39,575 - Knowledge - INFO - Fast-tracked /app/data/T0015/303209/b5516nj/internet-banking-concept-microservices-303209/core-banking-service/src/main/java/com/javatodev/finance/exception/SimpleBankingGlobalException.java (ext=.java, size=423)
2026-01-06 15:51:39,681 - Knowledge - INFO - Fast-tracked /app/data/T0015/303209/b5516nj/internet-banking-concept-microservices-303209/core-banking-service/src/main/java/com/javatodev/finance/exception/ErrorResponse.java (ext=.java, size=169)
2026-01-06 15:51:39,785 - Knowledge - INFO - process ingested knowledge for /app/data/T0015/303209/b5516nj/internet-banking-concept-microservices-303209/core-banking-service/src/main/java/com/javatodev/finance/repository/UserRepository.java
2026-01-06 15:51:39,876 - Knowledge - INFO - Worker kw11 processing /app/data/T0015/303209/b5516nj/internet-banking-concept-microservices-303209/core-banking-service/src/main/resources/db/migration/V1.0.20210427174638__create_base_table_structure.sql
2026-01-06 15:51:39,947 - Knowledge - INFO - Worker kw9 processing /app/data/T0015/303209/b5516nj/internet-banking-concept-microservices-303209/core-banking-service/src/main/java/com/javatodev/finance/model/mapper/UtilityAccountMapper.java
2026-01-06 15:51:40,055 - Knowledge - INFO - Worker kw3 processing /app/data/T0015/303209/b5516nj/internet-banking-concept-microservices-303209/core-banking-service/src/main/java/com/javatodev/finance/model/entity/UtilityAccountEntity.java
2026-01-06 15:51:40,127 - Knowledge - INFO - Worker kw10 processing /app/data/T0015/303209/b5516nj/internet-banking-concept-microservices-303209/internet-banking-config-server/build.gradle
2026-01-06 15:51:40,220 - Knowledge - INFO - Worker kw7 processing /app/data/T0015/303209/b5516nj/internet-banking-concept-microservices-303209/core-banking-service/src/main/java/com/javatodev/finance/model/dto/BankAccount.java
2026-01-06 15:51:40,311 - Knowledge - INFO - Fast-tracked /app/data/T0015/303209/b5516nj/internet-banking-concept-microservices-303209/core-banking-service/build.gradle (ext=.gradle, size=1507)
2026-01-06 15:51:40,404 - Knowledge - INFO - Fast-tracked /app/data/T0015/303209/b5516nj/internet-banking-concept-microservices-303209/core-banking-service/src/main/java/com/javatodev/finance/controller/UserController.java (ext=.java, size=1026)
2026-01-06 15:51:40,481 - Knowledge - INFO - Worker kw4 processing /app/data/T0015/303209/b5516nj/internet-banking-concept-microservices-303209/core-banking-service/src/main/java/com/javatodev/finance/model/dto/response/FundTransferResponse.java
2026-01-06 15:51:40,590 - Knowledge - INFO - Async storage completed for 4 embeddings
2026-01-06 15:51:40,713 - Knowledge - INFO - Fast-tracked /app/data/T0015/303209/b5516nj/internet-banking-concept-microservices-303209/internet-banking-config-server/src/test/java/com/javatodev/finance/InternetBankingConfigServerApplicationTests.java (ext=.java, size=243)
2026-01-06 15:51:40,797 - Knowledge - INFO - Worker kw5 processing /app/data/T0015/303209/b5516nj/internet-banking-concept-microservices-303209/core-banking-service/src/main/java/com/javatodev/finance/exception/GlobalErrorCode.java
2026-01-06 15:51:40,887 - Knowledge - INFO - Worker kw15 processing /app/data/T0015/303209/b5516nj/internet-banking-concept-microservices-303209/core-banking-service/src/main/java/com/javatodev/finance/exception/EntityNotFoundException.java
2026-01-06 15:51:41,072 - Knowledge - INFO - Fast-tracked /app/data/T0015/303209/b5516nj/internet-banking-concept-microservices-303209/core-banking-service/src/main/resources/db/migration/V1.0.20210427174638__create_base_table_structure.sql (ext=.sql, size=1350)
2026-01-06 15:51:41,187 - Knowledge - INFO - Fast-tracked /app/data/T0015/303209/b5516nj/internet-banking-concept-microservices-303209/core-banking-service/src/main/java/com/javatodev/finance/model/mapper/UtilityAccountMapper.java (ext=.java, size=856)
2026-01-06 15:51:41,292 - Knowledge - INFO - Fast-tracked /app/data/T0015/303209/b5516nj/internet-banking-concept-microservices-303209/core-banking-service/src/main/java/com/javatodev/finance/model/entity/UtilityAccountEntity.java (ext=.java, size=376)
2026-01-06 15:51:41,377 - Knowledge - INFO - Fast-tracked /app/data/T0015/303209/b5516nj/internet-banking-concept-microservices-303209/internet-banking-config-server/build.gradle (ext=.gradle, size=746)
2026-01-06 15:51:41,482 - Knowledge - INFO - Fast-tracked /app/data/T0015/303209/b5516nj/internet-banking-concept-microservices-303209/core-banking-service/src/main/java/com/javatodev/finance/model/dto/BankAccount.java (ext=.java, size=442)
2026-01-06 15:51:41,564 - Knowledge - INFO - Worker kw14 processing /app/data/T0015/303209/b5516nj/internet-banking-concept-microservices-303209/postman_collection/JAVA_TO_DEV_MICROSERVICES.postman_collection.json
2026-01-06 15:51:41,642 - Knowledge - INFO - Async storage completed for 4 embeddings
2026-01-06 15:51:41,762 - Knowledge - INFO - Fast-tracked /app/data/T0015/303209/b5516nj/internet-banking-concept-microservices-303209/core-banking-service/src/main/java/com/javatodev/finance/model/dto/response/FundTransferResponse.java (ext=.java, size=246)
2026-01-06 15:51:41,918 - Knowledge - INFO - Worker kw6 processing /app/data/T0015/303209/b5516nj/internet-banking-concept-microservices-303209/internet-banking-config-server/src/main/java/com/javatodev/finance/InternetBankingConfigServerApplication.java
2026-01-06 15:51:41,991 - Knowledge - INFO - Fast-tracked /app/data/T0015/303209/b5516nj/internet-banking-concept-microservices-303209/core-banking-service/src/main/java/com/javatodev/finance/exception/GlobalErrorCode.java (ext=.java, size=241)
2026-01-06 15:51:42,102 - Knowledge - INFO - Fast-tracked /app/data/T0015/303209/b5516nj/internet-banking-concept-microservices-303209/core-banking-service/src/main/java/com/javatodev/finance/exception/EntityNotFoundException.java (ext=.java, size=388)
2026-01-06 15:51:42,172 - Knowledge - INFO - Async storage completed for 5 embeddings
2026-01-06 15:51:42,263 - Knowledge - INFO - Async storage completed for 5 embeddings
2026-01-06 15:51:42,364 - Knowledge - INFO - Async storage completed for 5 embeddings
2026-01-06 15:51:42,446 - Knowledge - INFO - Async storage completed for 5 embeddings
2026-01-06 15:51:42,562 - Knowledge - INFO - Async storage completed for 5 embeddings
2026-01-06 15:51:42,670 - Knowledge - INFO - Fast-tracked /app/data/T0015/303209/b5516nj/internet-banking-concept-microservices-303209/postman_collection/JAVA_TO_DEV_MICROSERVICES.postman_collection.json (ext=.json, size=10993)
2026-01-06 15:51:42,766 - Knowledge - INFO - Processing batch of 4 files
2026-01-06 15:51:42,837 - Knowledge - INFO - Async storage completed for 5 embeddings
2026-01-06 15:51:42,916 - Knowledge - INFO - Fast-tracked /app/data/T0015/303209/b5516nj/internet-banking-concept-microservices-303209/internet-banking-config-server/src/main/java/com/javatodev/finance/InternetBankingConfigServerApplication.java (ext=.java, size=455)
2026-01-06 15:51:42,998 - Knowledge - INFO - Async storage completed for 5 embeddings
2026-01-06 15:51:43,109 - Knowledge - INFO - Async storage completed for 4 embeddings
2026-01-06 15:51:43,185 - Knowledge - INFO - Fast-tracked /app/data/T0015/303209/b5516nj/internet-banking-concept-microservices-303209/core-banking-service/src/main/resources/db/migration/V1.0.20210427174721__temp_data.sql (small file (2484 bytes))
2026-01-06 15:51:43,259 - Knowledge - INFO - Processing batch of 4 files
2026-01-06 15:51:43,349 - Knowledge - INFO - Processing batch of 4 files
2026-01-06 15:51:43,459 - Knowledge - INFO - Processing batch of 3 files
2026-01-06 15:51:43,549 - Knowledge - INFO - Processing batch of 4 files
2026-01-06 15:51:43,638 - Knowledge - INFO - Async storage completed for 4 embeddings
2026-01-06 15:51:43,723 - Knowledge - INFO - process ingested knowledge for /app/data/T0015/303209/b5516nj/internet-banking-concept-microservices-303209/core-banking-service/src/main/java/com/javatodev/finance/CoreBankingServiceApplication.java
2026-01-06 15:51:43,823 - Knowledge - INFO - Processing batch of 4 files
2026-01-06 15:51:43,904 - Knowledge - INFO - Async storage completed for 5 embeddings
2026-01-06 15:51:44,023 - Knowledge - INFO - Processing batch of 4 files
2026-01-06 15:51:44,129 - Knowledge - INFO - Processing batch of 4 files
2026-01-06 15:51:44,232 - Knowledge - INFO - Processing batch of 4 files
2026-01-06 15:51:44,345 - Knowledge - INFO - process ingested knowledge for /app/data/T0015/303209/b5516nj/internet-banking-concept-microservices-303209/core-banking-service/src/main/java/com/javatodev/finance/model/AccountStatus.java
2026-01-06 15:51:44,420 - Knowledge - INFO - process ingested knowledge for /app/data/T0015/303209/b5516nj/internet-banking-concept-microservices-303209/core-banking-service/src/main/java/com/javatodev/finance/model/mapper/BankAccountMapper.java
2026-01-06 15:51:44,530 - Knowledge - INFO - process ingested knowledge for /app/data/T0015/303209/b5516nj/internet-banking-concept-microservices-303209/internet-banking-config-server/src/main/resources/application.yml
2026-01-06 15:51:44,607 - Knowledge - INFO - process ingested knowledge for /app/data/T0015/303209/b5516nj/internet-banking-concept-microservices-303209/core-banking-service/src/main/java/com/javatodev/finance/model/entity/TransactionEntity.java
2026-01-06 15:51:44,694 - Knowledge - INFO - Processing batch of 4 files
2026-01-06 15:51:44,771 - Knowledge - INFO - process ingested knowledge for /app/data/T0015/303209/b5516nj/internet-banking-concept-microservices-303209/core-banking-service/src/main/java/com/javatodev/finance/controller/TransactionController.java
2026-01-06 15:51:44,862 - Knowledge - INFO - process ingested knowledge for /app/data/T0015/303209/b5516nj/internet-banking-concept-microservices-303209/core-banking-service/src/main/java/com/javatodev/finance/model/dto/request/UtilityPaymentRequest.java
2026-01-06 15:51:44,993 - Knowledge - INFO - Processing batch of 4 files
2026-01-06 15:51:45,064 - Knowledge - INFO - process ingested knowledge for /app/data/T0015/303209/b5516nj/internet-banking-concept-microservices-303209/core-banking-service/src/main/java/com/javatodev/finance/model/dto/response/UtilityPaymentResponse.java
2026-01-06 15:51:45,150 - Knowledge - INFO - process ingested knowledge for /app/data/T0015/303209/b5516nj/internet-banking-concept-microservices-303209/core-banking-service/src/main/java/com/javatodev/finance/exception/InsufficientFundsException.java
2026-01-06 15:51:45,268 - Knowledge - INFO - process ingested knowledge for /app/data/T0015/303209/b5516nj/internet-banking-concept-microservices-303209/core-banking-service/src/main/resources/application.yml
2026-01-06 15:51:45,343 - Knowledge - INFO - process ingested knowledge for /app/data/T0015/303209/b5516nj/internet-banking-concept-microservices-303209/core-banking-service/src/main/java/com/javatodev/finance/model/mapper/BaseMapper.java
2026-01-06 15:51:45,429 - Knowledge - INFO - process ingested knowledge for /app/data/T0015/303209/b5516nj/internet-banking-concept-microservices-303209/core-banking-service/src/main/java/com/javatodev/finance/model/entity/UserEntity.java
2026-01-06 15:51:45,512 - Knowledge - INFO - process ingested knowledge for /app/data/T0015/303209/b5516nj/internet-banking-concept-microservices-303209/internet-banking-config-server/settings.gradle
2026-01-06 15:51:45,585 - Knowledge - INFO - process ingested knowledge for /app/data/T0015/303209/b5516nj/internet-banking-concept-microservices-303209/core-banking-service/src/main/java/com/javatodev/finance/model/dto/Transaction.java
2026-01-06 15:51:45,687 - Knowledge - INFO - process ingested knowledge for /app/data/T0015/303209/b5516nj/internet-banking-concept-microservices-303209/core-banking-service/src/main/resources/bootstrap.yml
2026-01-06 15:51:45,765 - Knowledge - INFO - process ingested knowledge for /app/data/T0015/303209/b5516nj/internet-banking-concept-microservices-303209/core-banking-service/src/main/java/com/javatodev/finance/controller/AccountController.java
2026-01-06 15:51:45,853 - Knowledge - INFO - process ingested knowledge for /app/data/T0015/303209/b5516nj/internet-banking-concept-microservices-303209/core-banking-service/src/main/java/com/javatodev/finance/model/dto/request/FundTransferRequest.java
2026-01-06 15:51:45,923 - Knowledge - INFO - process ingested knowledge for /app/data/T0015/303209/b5516nj/internet-banking-concept-microservices-303209/postman_collection/BANKING_CORE_MICROSERVICES_PROJECT.postman_environment.json
2026-01-06 15:51:46,040 - Knowledge - INFO - process ingested knowledge for /app/data/T0015/303209/b5516nj/internet-banking-concept-microservices-303209/core-banking-service/src/main/java/com/javatodev/finance/model/AccountType.java
2026-01-06 15:51:46,146 - Knowledge - INFO - process ingested knowledge for /app/data/T0015/303209/b5516nj/internet-banking-concept-microservices-303209/core-banking-service/src/main/java/com/javatodev/finance/exception/GlobalExceptionHandler.java
2026-01-06 15:51:46,228 - Knowledge - INFO - process ingested knowledge for /app/data/T0015/303209/b5516nj/internet-banking-concept-microservices-303209/core-banking-service/src/main/resources/db/migration/V1.0.20210429210839__create_transaction_table.sql
2026-01-06 15:51:46,341 - Knowledge - INFO - process ingested knowledge for /app/data/T0015/303209/b5516nj/internet-banking-concept-microservices-303209/core-banking-service/src/main/java/com/javatodev/finance/model/mapper/UserMapper.java
2026-01-06 15:51:46,430 - Knowledge - INFO - process ingested knowledge for /app/data/T0015/303209/b5516nj/internet-banking-concept-microservices-303209/core-banking-service/src/main/java/com/javatodev/finance/model/entity/BankAccountEntity.java
2026-01-06 15:51:46,509 - Knowledge - INFO - process ingested knowledge for /app/data/T0015/303209/b5516nj/internet-banking-concept-microservices-303209/internet-banking-config-server/build.gradle
2026-01-06 15:51:46,597 - Knowledge - INFO - process ingested knowledge for /app/data/T0015/303209/b5516nj/internet-banking-concept-microservices-303209/core-banking-service/src/main/java/com/javatodev/finance/model/dto/UtilityAccount.java
2026-01-06 15:51:46,670 - Knowledge - INFO - process ingested knowledge for /app/data/T0015/303209/b5516nj/internet-banking-concept-microservices-303209/core-banking-service/settings.gradle
2026-01-06 15:51:46,784 - Knowledge - INFO - process ingested knowledge for /app/data/T0015/303209/b5516nj/internet-banking-concept-microservices-303209/core-banking-service/src/main/java/com/javatodev/finance/controller/UserController.java
2026-01-06 15:51:46,875 - Knowledge - INFO - process ingested knowledge for /app/data/T0015/303209/b5516nj/internet-banking-concept-microservices-303209/core-banking-service/src/main/java/com/javatodev/finance/model/dto/User.java
2026-01-06 15:51:46,939 - Knowledge - INFO - process ingested knowledge for /app/data/T0015/303209/b5516nj/internet-banking-concept-microservices-303209/README.md
2026-01-06 15:51:47,013 - Knowledge - INFO - process ingested knowledge for /app/data/T0015/303209/b5516nj/internet-banking-concept-microservices-303209/core-banking-service/src/main/java/com/javatodev/finance/exception/SimpleBankingGlobalException.java
2026-01-06 15:51:47,086 - Knowledge - INFO - process ingested knowledge for /app/data/T0015/303209/b5516nj/internet-banking-concept-microservices-303209/core-banking-service/src/main/java/com/javatodev/finance/exception/ErrorResponse.java
2026-01-06 15:51:47,176 - Knowledge - INFO - process ingested knowledge for /app/data/T0015/303209/b5516nj/internet-banking-concept-microservices-303209/core-banking-service/src/main/resources/db/migration/V1.0.20210427174721__temp_data.sql
2026-01-06 15:51:47,276 - Knowledge - INFO - process ingested knowledge for /app/data/T0015/303209/b5516nj/internet-banking-concept-microservices-303209/core-banking-service/src/main/java/com/javatodev/finance/model/mapper/UtilityAccountMapper.java
2026-01-06 15:51:47,356 - Knowledge - INFO - process ingested knowledge for /app/data/T0015/303209/b5516nj/internet-banking-concept-microservices-303209/core-banking-service/src/main/java/com/javatodev/finance/model/entity/UtilityAccountEntity.java
2026-01-06 15:51:47,526 - Knowledge - INFO - process ingested knowledge for /app/data/T0015/303209/b5516nj/internet-banking-concept-microservices-303209/core-banking-service/src/main/java/com/javatodev/finance/model/dto/BankAccount.java
2026-01-06 15:51:47,626 - Knowledge - INFO - process ingested knowledge for /app/data/T0015/303209/b5516nj/internet-banking-concept-microservices-303209/core-banking-service/build.gradle
2026-01-06 15:51:47,816 - Knowledge - INFO - [WEBSOCKET] Sent: Type=progress_update, Size: 274, Duration: 0ms
2026-01-06 15:51:47,816 - Knowledge - INFO - process ingested knowledge for /app/data/T0015/303209/b5516nj/internet-banking-concept-microservices-303209/core-banking-service/src/main/java/com/javatodev/finance/model/dto/response/FundTransferResponse.java
2026-01-06 15:51:47,954 - Knowledge - INFO - process ingested knowledge for /app/data/T0015/303209/b5516nj/internet-banking-concept-microservices-303209/internet-banking-config-server/src/test/java/com/javatodev/finance/InternetBankingConfigServerApplicationTests.java
2026-01-06 15:51:48,045 - Knowledge - INFO - process ingested knowledge for /app/data/T0015/303209/b5516nj/internet-banking-concept-microservices-303209/core-banking-service/src/main/java/com/javatodev/finance/exception/GlobalErrorCode.java
2026-01-06 15:51:48,062 - Knowledge - INFO - process ingested knowledge for /app/data/T0015/303209/b5516nj/internet-banking-concept-microservices-303209/core-banking-service/src/main/java/com/javatodev/finance/exception/EntityNotFoundException.java
2026-01-06 15:51:48,158 - Knowledge - INFO - process ingested knowledge for /app/data/T0015/303209/b5516nj/internet-banking-concept-microservices-303209/core-banking-service/src/main/resources/db/migration/V1.0.20210427174638__create_base_table_structure.sql
2026-01-06 15:51:48,566 - Knowledge - INFO - process ingested knowledge for /app/data/T0015/303209/b5516nj/internet-banking-concept-microservices-303209/postman_collection/JAVA_TO_DEV_MICROSERVICES.postman_collection.json
2026-01-06 15:51:48,624 - Knowledge - INFO - [WEBSOCKET] Sent: Type=unknown, Size: ?, Duration: 808ms
2026-01-06 15:51:49,203 - Knowledge - INFO - process ingested knowledge for /app/data/T0015/303209/b5516nj/internet-banking-concept-microservices-303209/internet-banking-config-server/src/main/java/com/javatodev/finance/InternetBankingConfigServerApplication.java
2026-01-06 15:51:49,333 - Knowledge - INFO - Progress: 97.3% | Files: 142/146 | Rate: 1.19 files/sec | Queue: 0
2026-01-06 15:51:57,948 - Knowledge - INFO - [LLM_CALL] Completed: TransactionService.java:chunk1, Duration: 16110ms, PromptTokens: 2830, CompletionTokens: 1428, Cost: $0.00085
2026-01-06 15:51:58,149 - Knowledge - INFO - done ingest for /app/data/T0015/303209/b5516nj/internet-banking-concept-microservices-303209/core-banking-service/src/main/java/com/javatodev/finance/service/TransactionService.java
2026-01-06 15:51:58,333 - Knowledge - INFO - Processing batch of 4 files
2026-01-06 15:51:58,556 - Knowledge - INFO - process ingested knowledge for /app/data/T0015/303209/b5516nj/internet-banking-concept-microservices-303209/core-banking-service/src/main/java/com/javatodev/finance/service/UserService.java
2026-01-06 15:51:58,731 - Knowledge - INFO - process ingested knowledge for /app/data/T0015/303209/b5516nj/internet-banking-concept-microservices-303209/core-banking-service/src/main/java/com/javatodev/finance/service/AccountService.java
2026-01-06 15:51:58,884 - Knowledge - INFO - process ingested knowledge for /app/data/T0015/303209/b5516nj/internet-banking-concept-microservices-303209/core-banking-service/src/main/java/com/javatodev/finance/service/TransactionService.java
2026-01-06 15:51:59,085 - Knowledge - INFO - process ingested knowledge for /app/data/T0015/303209/b5516nj/internet-banking-concept-microservices-303209/core-banking-service/src/main/java/com/javatodev/finance/model/TransactionType.java
2026-01-06 15:51:59,579 - Knowledge - INFO - [WEBSOCKET] Sent: Type=progress_update, Size: 273, Duration: 0ms
2026-01-06 15:51:59,798 - Knowledge - INFO - [WEBSOCKET] Sent: Type=unknown, Size: ?, Duration: 220ms
2026-01-06 15:51:59,960 - Knowledge - INFO - Progress: 100.0% | Files: 146/146 | Rate: 1.11 files/sec | Queue: 0
2026-01-06 15:52:00,128 - Knowledge - INFO - Knowledge creation complete
2026-01-06 15:52:00,297 - Knowledge - INFO - ==================================================
2026-01-06 15:52:00,487 - Knowledge - INFO - KNOWLEDGE GRAPH GENERATION PERFORMANCE SUMMARY
2026-01-06 15:52:00,689 - Knowledge - INFO - ==================================================
2026-01-06 15:52:00,842 - Knowledge - INFO - Total processing time: 131.95 seconds (2.20 minutes)
2026-01-06 15:52:00,977 - Knowledge - INFO - Files processed: 0
2026-01-06 15:52:01,145 - Knowledge - INFO - Processing rate: 0.00 files/second
2026-01-06 15:52:01,333 - Knowledge - INFO - 
[TIME_BREAKDOWN]
2026-01-06 15:52:01,533 - Knowledge - INFO - File Reading: 0.00s (0.0%)
2026-01-06 15:52:01,736 - Knowledge - INFO - LLM Processing: 24.27s (18.4%)
2026-01-06 15:52:01,909 - Knowledge - INFO - MongoDB Operations: 0.00s (0.0%)
2026-01-06 15:52:02,062 - Knowledge - INFO - Redis Operations: 0.00s (0.0%)
2026-01-06 15:52:02,243 - Knowledge - INFO - WebSocket Communication: 3.74s (2.8%)
2026-01-06 15:52:02,428 - Knowledge - INFO - Other Overhead: 103.94s (78.8%)
2026-01-06 15:52:02,615 - Knowledge - INFO - 
[LLM_STATS]
2026-01-06 15:52:02,748 - Knowledge - INFO - Total LLM calls: 2
2026-01-06 15:52:02,971 - Knowledge - INFO - Average LLM response time: 12134ms
2026-01-06 15:52:03,127 - Knowledge - INFO - Average prompt tokens: 2724.0
2026-01-06 15:52:03,276 - Knowledge - INFO - Average completion tokens: 1036.0
2026-01-06 15:52:03,470 - Knowledge - INFO - Total prompt tokens: 5448
2026-01-06 15:52:03,619 - Knowledge - INFO - Total completion tokens: 2072
2026-01-06 15:52:03,783 - Knowledge - INFO - Total LLM cost: $0.0014
2026-01-06 15:52:03,970 - Knowledge - INFO - 
[DATABASE_STATS]
2026-01-06 15:52:04,152 - Knowledge - INFO - MongoDB operations: 0
2026-01-06 15:52:04,369 - Knowledge - INFO - Redis operations: 0
2026-01-06 15:52:04,564 - Knowledge - INFO - 
[COMMUNICATION_STATS]
2026-01-06 15:52:04,730 - Knowledge - INFO - WebSocket messages sent: 13
2026-01-06 15:52:04,905 - Knowledge - INFO - Average message size: 137.8 bytes
2026-01-06 15:52:05,071 - Knowledge - INFO - 
[WORKER_STATS]
2026-01-06 15:52:05,303 - Knowledge - INFO - 
[FILE_TYPE_STATS]
2026-01-06 15:52:05,487 - Knowledge - INFO - 
[SLOWEST_FILES]
2026-01-06 15:52:05,705 - Knowledge - INFO - ==================================================
2026-01-06 15:52:05,864 - Knowledge - INFO - ==================================================
2026-01-06 15:52:06,015 - Knowledge - INFO - KNOWLEDGE GRAPH GENERATION PERFORMANCE SUMMARY
2026-01-06 15:52:06,175 - Knowledge - INFO - ==================================================
2026-01-06 15:52:06,390 - Knowledge - INFO - Total processing time: 137.60 seconds (2.29 minutes)
2026-01-06 15:52:06,585 - Knowledge - INFO - Files processed: 146 of 146
2026-01-06 15:52:06,786 - Knowledge - INFO - Processing rate: 1.06 files/second
2026-01-06 15:52:06,945 - Knowledge - INFO - WebSocket messages sent: 6
2026-01-06 15:52:07,090 - Knowledge - INFO - MongoDB operations: 146
2026-01-06 15:52:07,226 - Knowledge - INFO - Average MongoDB ops per file: 1.00
2026-01-06 15:52:07,429 - Knowledge - INFO - LLM costs: $0.0014
2026-01-06 15:52:07,616 - Knowledge - INFO - Prompt tokens: 5448
2026-01-06 15:52:07,820 - Knowledge - INFO - Completion tokens: 2072
2026-01-06 15:52:07,978 - Knowledge - INFO - Updating org costs, total cost: 0.0013736
2026-01-06 15:52:09,442 - Knowledge - INFO - [WEBSOCKET] Sent: Type=progress_update, Size: 270, Duration: 0ms
2026-01-06 15:52:09,653 - Knowledge - INFO - Saving knowledge to Redis...
2026-01-06 15:52:10,025 - Knowledge - INFO - Knowledge saved to Redis successfully
