2026-01-06 15:49:48,344 - Knowledge - INFO - Created shared MongoDB connection pool
2026-01-06 15:49:48,658 - Knowledge - INFO - Starting Knowledge Graph processing with 20 threads
2026-01-06 15:49:48,851 - Knowledge - INFO - Initial configuration: chunk_size=65536, max_cache_size=500
2026-01-06 15:49:49,004 - Knowledge - INFO - Knowledge Graph concurrency configuration: workers=20, max_batch_size=10, max_concurrent_llm_calls=50
2026-01-06 15:49:50,791 - Knowledge - INFO - 🔍 _load_persisted_knowledge called - checking for Redis optimization
2026-01-06 15:49:50,978 - Knowledge - WARNING - ❌ load_from_redis method not found - Redis support not attached
2026-01-06 15:49:51,160 - Knowledge - INFO - load persisted knowledge: begin
2026-01-06 15:49:51,387 - Knowledge - INFO - Loaded 0 files from persisted knowledge
2026-01-06 15:49:51,560 - Knowledge - INFO - load persisted knowledge: end
2026-01-06 15:49:51,729 - Knowledge - WARNING - No persisted knowledge found. Files will be queued during start()
2026-01-06 15:49:51,919 - Knowledge - INFO - Redis support added with prefix knowledge:b5516nj:
2026-01-06 15:49:53,460 - Knowledge - INFO - Starting knowledge initialization for ID: F9Bt04-b5516nj
2026-01-06 15:49:53,630 - Knowledge - INFO - 🔍 Checking Redis for build_id: b5516nj
2026-01-06 15:49:53,815 - Knowledge - INFO - 🔍 Full session ID: F9Bt04-b5516nj
2026-01-06 15:49:53,997 - Knowledge - INFO - 🔍 Redis prefix will be: knowledge:b5516nj:
2026-01-06 15:49:54,207 - Knowledge - INFO - 🔍 Using attached load_from_redis() method
2026-01-06 15:49:54,412 - Knowledge - INFO - 🔍 Attempting to load knowledge from Redis...
2026-01-06 15:49:54,552 - Knowledge - INFO - 🔍 Using derived instance_id for Redis lookup: b5516nj
2026-01-06 15:49:54,754 - Knowledge - WARNING - ❌ No Redis cache found
2026-01-06 15:49:54,954 - Knowledge - INFO - 📁 Loading knowledge from disk...
2026-01-06 15:49:55,170 - Knowledge - INFO - load persisted docinfo: begin
2026-01-06 15:49:55,319 - Knowledge - INFO - load persisted docinfo: end
2026-01-06 15:49:55,543 - Knowledge - INFO - 🔍 _load_persisted_knowledge called - checking for Redis optimization
2026-01-06 15:49:55,757 - Knowledge - INFO - ✅ load_from_redis method found - attempting Redis load
2026-01-06 15:49:55,936 - Knowledge - INFO - 🔍 Attempting to load knowledge from Redis...
2026-01-06 15:49:56,142 - Knowledge - INFO - 🔍 Using derived instance_id for Redis lookup: b5516nj
2026-01-06 15:49:56,297 - Knowledge - WARNING - ❌ No Redis cache found
2026-01-06 15:49:56,495 - Knowledge - INFO - ❌ Redis load returned False - falling back to file loading
2026-01-06 15:49:56,658 - Knowledge - INFO - load persisted knowledge: begin
2026-01-06 15:49:56,867 - Knowledge - INFO - Loaded 0 files from persisted knowledge
2026-01-06 15:49:57,043 - Knowledge - INFO - load persisted knowledge: end
2026-01-06 15:49:57,193 - Knowledge - INFO - 📁 Disk load complete in 2.08s
2026-01-06 15:49:57,376 - Knowledge - INFO - Populating ingest queue with source files...
2026-01-06 15:49:57,824 - Knowledge - INFO - Added 146 files from /app/data/T0015/303209/b5516nj/internet-banking-concept-microservices-303209 to ingest queue
2026-01-06 15:49:57,988 - Knowledge - INFO - [WEBSOCKET] Sent: Type=progress_update, Size: 160, Duration: 0ms
2026-01-06 15:49:58,202 - Knowledge - INFO - Worker kw1 created using shared MongoDB connection pool
2026-01-06 15:49:58,388 - Knowledge - INFO - knowledge worker kw1 start
2026-01-06 15:49:58,388 - Knowledge - INFO - Worker kw2 created using shared MongoDB connection pool
2026-01-06 15:49:58,576 - Knowledge - INFO - [kw1] Queue=146, InProgress=0, PendingWorkers=0/1, Completed=0/146 (0.0%)
2026-01-06 15:49:58,687 - Knowledge - INFO - knowledge worker kw2 start
2026-01-06 15:49:58,687 - Knowledge - INFO - Worker kw3 created using shared MongoDB connection pool
2026-01-06 15:49:58,779 - Knowledge - INFO - Batch sizing: calculated=5, max_allowed=10, queue=146, active_workers=0/2
2026-01-06 15:49:58,896 - Knowledge - INFO - [kw2] Queue=146, InProgress=0, PendingWorkers=0/2, Completed=0/146 (0.0%)
2026-01-06 15:49:58,990 - Knowledge - INFO - knowledge worker kw3 start
2026-01-06 15:49:58,990 - Knowledge - INFO - Worker kw4 created using shared MongoDB connection pool
2026-01-06 15:49:59,107 - Knowledge - INFO - Worker kw1 processing /app/data/T0015/303209/b5516nj/internet-banking-concept-microservices-303209/internet-banking-service-registry/src/test/java/com/javatodev/finance/InternetBankingServiceRegistryApplicationTests.java
2026-01-06 15:49:59,187 - Knowledge - INFO - Batch sizing: calculated=5, max_allowed=10, queue=146, active_workers=1/3
2026-01-06 15:49:59,272 - Knowledge - INFO - [kw3] Queue=141, InProgress=0, PendingWorkers=1/3, Completed=0/146 (0.0%)
2026-01-06 15:49:59,361 - Knowledge - INFO - knowledge worker kw4 start
2026-01-06 15:49:59,361 - Knowledge - INFO - Worker kw5 created using shared MongoDB connection pool
2026-01-06 15:49:59,489 - Knowledge - INFO - Fast-tracked /app/data/T0015/303209/b5516nj/internet-banking-concept-microservices-303209/internet-banking-service-registry/src/test/java/com/javatodev/finance/InternetBankingServiceRegistryApplicationTests.java (ext=.java, size=246)
2026-01-06 15:49:59,563 - Knowledge - INFO - Worker kw2 processing /app/data/T0015/303209/b5516nj/internet-banking-concept-microservices-303209/internet-banking-fund-transfer-service/src/test/java/com/javatodev/finance/InternetBankingFundTransferServiceApplicationTests.java
2026-01-06 15:49:59,638 - Knowledge - INFO - Batch sizing: calculated=5, max_allowed=10, queue=141, active_workers=2/4
2026-01-06 15:49:59,723 - Knowledge - INFO - [kw4] Queue=136, InProgress=0, PendingWorkers=2/4, Completed=0/146 (0.0%)
2026-01-06 15:49:59,842 - Knowledge - INFO - knowledge worker kw5 start
2026-01-06 15:49:59,844 - Knowledge - INFO - Worker kw6 created using shared MongoDB connection pool
2026-01-06 15:49:59,916 - Knowledge - INFO - Worker kw1 processing /app/data/T0015/303209/b5516nj/internet-banking-concept-microservices-303209/internet-banking-service-registry/src/main/java/com/javatodev/finance/InternetBankingServiceRegistryApplication.java
2026-01-06 15:50:00,020 - Knowledge - INFO - Fast-tracked /app/data/T0015/303209/b5516nj/internet-banking-concept-microservices-303209/internet-banking-fund-transfer-service/src/test/java/com/javatodev/finance/InternetBankingFundTransferServiceApplicationTests.java (ext=.java, size=250)
2026-01-06 15:50:00,111 - Knowledge - INFO - Worker kw3 processing /app/data/T0015/303209/b5516nj/internet-banking-concept-microservices-303209/internet-banking-fund-transfer-service/src/main/java/com/javatodev/finance/service/rest/client/BankingCoreFeignClient.java
2026-01-06 15:50:00,196 - Knowledge - INFO - Batch sizing: calculated=5, max_allowed=10, queue=136, active_workers=3/5
2026-01-06 15:50:00,284 - Knowledge - INFO - [kw5] Queue=131, InProgress=0, PendingWorkers=3/5, Completed=0/146 (0.0%)
2026-01-06 15:50:00,399 - Knowledge - INFO - knowledge worker kw6 start
2026-01-06 15:50:00,399 - Knowledge - INFO - Worker kw7 created using shared MongoDB connection pool
2026-01-06 15:50:00,508 - Knowledge - INFO - Fast-tracked /app/data/T0015/303209/b5516nj/internet-banking-concept-microservices-303209/internet-banking-service-registry/src/main/java/com/javatodev/finance/InternetBankingServiceRegistryApplication.java (ext=.java, size=469)
2026-01-06 15:50:00,574 - Knowledge - INFO - Worker kw2 processing /app/data/T0015/303209/b5516nj/internet-banking-concept-microservices-303209/internet-banking-fund-transfer-service/src/test/resources/application.yml
2026-01-06 15:50:00,685 - Knowledge - INFO - Fast-tracked /app/data/T0015/303209/b5516nj/internet-banking-concept-microservices-303209/internet-banking-fund-transfer-service/src/main/java/com/javatodev/finance/service/rest/client/BankingCoreFeignClient.java (ext=.java, size=1156)
2026-01-06 15:50:00,792 - Knowledge - INFO - Worker kw4 processing /app/data/T0015/303209/b5516nj/internet-banking-concept-microservices-303209/internet-banking-fund-transfer-service/src/main/java/com/javatodev/finance/model/mapper/FundTransferMapper.java
2026-01-06 15:50:00,868 - Knowledge - INFO - Batch sizing: calculated=5, max_allowed=10, queue=131, active_workers=4/6
2026-01-06 15:50:00,966 - Knowledge - INFO - [kw6] Queue=126, InProgress=0, PendingWorkers=4/6, Completed=0/146 (0.0%)
2026-01-06 15:50:01,022 - Knowledge - INFO - knowledge worker kw7 start
2026-01-06 15:50:01,023 - Knowledge - INFO - Worker kw8 created using shared MongoDB connection pool
2026-01-06 15:50:01,113 - Knowledge - INFO - Worker kw1 processing /app/data/T0015/303209/b5516nj/internet-banking-concept-microservices-303209/internet-banking-service-registry/src/main/resources/application.yml
2026-01-06 15:50:01,223 - Knowledge - INFO - Fast-tracked /app/data/T0015/303209/b5516nj/internet-banking-concept-microservices-303209/internet-banking-fund-transfer-service/src/test/resources/application.yml (ext=.yml, size=520)
2026-01-06 15:50:01,286 - Knowledge - INFO - Worker kw3 processing /app/data/T0015/303209/b5516nj/internet-banking-concept-microservices-303209/internet-banking-fund-transfer-service/src/main/java/com/javatodev/finance/service/FundTransferService.java
2026-01-06 15:50:01,402 - Knowledge - INFO - Fast-tracked /app/data/T0015/303209/b5516nj/internet-banking-concept-microservices-303209/internet-banking-fund-transfer-service/src/main/java/com/javatodev/finance/model/mapper/FundTransferMapper.java (ext=.java, size=830)
2026-01-06 15:50:01,514 - Knowledge - INFO - Worker kw5 processing /app/data/T0015/303209/b5516nj/internet-banking-concept-microservices-303209/internet-banking-fund-transfer-service/src/main/java/com/javatodev/finance/model/dto/response/AccountResponse.java
2026-01-06 15:50:01,589 - Knowledge - INFO - Batch sizing: calculated=5, max_allowed=10, queue=126, active_workers=5/7
2026-01-06 15:50:01,671 - Knowledge - INFO - [kw7] Queue=121, InProgress=0, PendingWorkers=5/7, Completed=0/146 (0.0%)
2026-01-06 15:50:01,781 - Knowledge - INFO - knowledge worker kw8 start
2026-01-06 15:50:01,782 - Knowledge - INFO - Worker kw9 created using shared MongoDB connection pool
2026-01-06 15:50:01,866 - Knowledge - INFO - Fast-tracked /app/data/T0015/303209/b5516nj/internet-banking-concept-microservices-303209/internet-banking-service-registry/src/main/resources/application.yml (ext=.yml, size=226)
2026-01-06 15:50:01,946 - Knowledge - INFO - Worker kw2 processing /app/data/T0015/303209/b5516nj/internet-banking-concept-microservices-303209/internet-banking-fund-transfer-service/src/main/java/com/javatodev/finance/configuration/CustomFeignClientConfiguration.java
2026-01-06 15:50:02,067 - Knowledge - INFO - Worker kw3 processing /app/data/T0015/303209/b5516nj/internet-banking-concept-microservices-303209/internet-banking-fund-transfer-service/src/main/java/com/javatodev/finance/model/repository/FundTransferRepository.java
2026-01-06 15:50:02,130 - Knowledge - INFO - Worker kw4 processing /app/data/T0015/303209/b5516nj/internet-banking-concept-microservices-303209/internet-banking-fund-transfer-service/src/main/java/com/javatodev/finance/model/entity/FundTransferEntity.java
2026-01-06 15:50:02,213 - Knowledge - INFO - Fast-tracked /app/data/T0015/303209/b5516nj/internet-banking-concept-microservices-303209/internet-banking-fund-transfer-service/src/main/java/com/javatodev/finance/model/dto/response/AccountResponse.java (ext=.java, size=318)
2026-01-06 15:50:02,317 - Knowledge - INFO - Worker kw6 processing /app/data/T0015/303209/b5516nj/internet-banking-concept-microservices-303209/internet-banking-fund-transfer-service/src/main/java/com/javatodev/finance/exception/ErrorResponse.java
2026-01-06 15:50:02,459 - Knowledge - INFO - Batch sizing: calculated=5, max_allowed=10, queue=121, active_workers=6/8
2026-01-06 15:50:02,544 - Knowledge - INFO - [kw8] Queue=116, InProgress=0, PendingWorkers=6/8, Completed=0/146 (0.0%)
2026-01-06 15:50:02,653 - Knowledge - INFO - knowledge worker kw9 start
2026-01-06 15:50:02,653 - Knowledge - INFO - Worker kw10 created using shared MongoDB connection pool
2026-01-06 15:50:02,736 - Knowledge - INFO - Worker kw1 processing /app/data/T0015/303209/b5516nj/internet-banking-concept-microservices-303209/internet-banking-service-registry/settings.gradle
2026-01-06 15:50:02,860 - Knowledge - INFO - Fast-tracked /app/data/T0015/303209/b5516nj/internet-banking-concept-microservices-303209/internet-banking-fund-transfer-service/src/main/java/com/javatodev/finance/configuration/CustomFeignClientConfiguration.java (ext=.java, size=367)
2026-01-06 15:50:02,937 - Knowledge - INFO - Fast-tracked /app/data/T0015/303209/b5516nj/internet-banking-concept-microservices-303209/internet-banking-fund-transfer-service/src/main/java/com/javatodev/finance/model/repository/FundTransferRepository.java (ext=.java, size=266)
2026-01-06 15:50:03,023 - Knowledge - INFO - Fast-tracked /app/data/T0015/303209/b5516nj/internet-banking-concept-microservices-303209/internet-banking-fund-transfer-service/src/main/java/com/javatodev/finance/model/entity/FundTransferEntity.java (ext=.java, size=587)
2026-01-06 15:50:03,102 - Knowledge - INFO - Worker kw5 processing /app/data/T0015/303209/b5516nj/internet-banking-concept-microservices-303209/internet-banking-fund-transfer-service/src/main/java/com/javatodev/finance/model/dto/response/FundTransferResponse.java
2026-01-06 15:50:03,180 - Knowledge - INFO - Fast-tracked /app/data/T0015/303209/b5516nj/internet-banking-concept-microservices-303209/internet-banking-fund-transfer-service/src/main/java/com/javatodev/finance/exception/ErrorResponse.java (ext=.java, size=219)
2026-01-06 15:50:03,254 - Knowledge - INFO - Worker kw7 processing /app/data/T0015/303209/b5516nj/internet-banking-concept-microservices-303209/internet-banking-user-service/src/test/java/com/javatodev/finance/InternetBankingUserServiceApplicationTests.java
2026-01-06 15:50:03,358 - Knowledge - INFO - Batch sizing: calculated=5, max_allowed=10, queue=116, active_workers=7/9
2026-01-06 15:50:03,433 - Knowledge - INFO - [kw9] Queue=111, InProgress=0, PendingWorkers=7/9, Completed=0/146 (0.0%)
2026-01-06 15:50:03,530 - Knowledge - INFO - knowledge worker kw10 start
2026-01-06 15:50:03,530 - Knowledge - INFO - Worker kw11 created using shared MongoDB connection pool
2026-01-06 15:50:03,611 - Knowledge - INFO - Fast-tracked /app/data/T0015/303209/b5516nj/internet-banking-concept-microservices-303209/internet-banking-service-registry/settings.gradle (ext=.gradle, size=55)
2026-01-06 15:50:03,715 - Knowledge - INFO - Worker kw2 processing /app/data/T0015/303209/b5516nj/internet-banking-concept-microservices-303209/internet-banking-fund-transfer-service/src/main/java/com/javatodev/finance/controller/FundTransferController.java
2026-01-06 15:50:03,791 - Knowledge - INFO - Worker kw3 processing /app/data/T0015/303209/b5516nj/internet-banking-concept-microservices-303209/internet-banking-fund-transfer-service/src/main/java/com/javatodev/finance/model/TransactionStatus.java
2026-01-06 15:50:03,897 - Knowledge - INFO - Worker kw4 processing /app/data/T0015/303209/b5516nj/internet-banking-concept-microservices-303209/internet-banking-fund-transfer-service/src/main/java/com/javatodev/finance/model/dto/FundTransfer.java
2026-01-06 15:50:03,969 - Knowledge - INFO - Fast-tracked /app/data/T0015/303209/b5516nj/internet-banking-concept-microservices-303209/internet-banking-fund-transfer-service/src/main/java/com/javatodev/finance/model/dto/response/FundTransferResponse.java (ext=.java, size=178)
2026-01-06 15:50:04,063 - Knowledge - INFO - Worker kw6 processing /app/data/T0015/303209/b5516nj/internet-banking-concept-microservices-303209/internet-banking-fund-transfer-service/src/main/resources/application.yml
2026-01-06 15:50:04,149 - Knowledge - INFO - Fast-tracked /app/data/T0015/303209/b5516nj/internet-banking-concept-microservices-303209/internet-banking-user-service/src/test/java/com/javatodev/finance/InternetBankingUserServiceApplicationTests.java (ext=.java, size=242)
2026-01-06 15:50:04,244 - Knowledge - INFO - Worker kw8 processing /app/data/T0015/303209/b5516nj/internet-banking-concept-microservices-303209/internet-banking-user-service/src/main/java/com/javatodev/finance/configuration/CustomFeignClientConfiguration.java
2026-01-06 15:50:04,323 - Knowledge - INFO - Batch sizing: calculated=5, max_allowed=10, queue=111, active_workers=8/10
2026-01-06 15:50:04,423 - Knowledge - INFO - [kw10] Queue=106, InProgress=0, PendingWorkers=8/10, Completed=0/146 (0.0%)
2026-01-06 15:50:04,497 - Knowledge - INFO - knowledge worker kw11 start
2026-01-06 15:50:04,497 - Knowledge - INFO - Worker kw12 created using shared MongoDB connection pool
2026-01-06 15:50:04,589 - Knowledge - INFO - Worker kw1 processing /app/data/T0015/303209/b5516nj/internet-banking-concept-microservices-303209/internet-banking-service-registry/build.gradle
2026-01-06 15:50:04,703 - Knowledge - INFO - Fast-tracked /app/data/T0015/303209/b5516nj/internet-banking-concept-microservices-303209/internet-banking-fund-transfer-service/src/main/java/com/javatodev/finance/controller/FundTransferController.java (ext=.java, size=1102)
2026-01-06 15:50:04,782 - Knowledge - INFO - Fast-tracked /app/data/T0015/303209/b5516nj/internet-banking-concept-microservices-303209/internet-banking-fund-transfer-service/src/main/java/com/javatodev/finance/model/TransactionStatus.java (ext=.java, size=113)
2026-01-06 15:50:04,874 - Knowledge - INFO - Fast-tracked /app/data/T0015/303209/b5516nj/internet-banking-concept-microservices-303209/internet-banking-fund-transfer-service/src/main/java/com/javatodev/finance/model/dto/FundTransfer.java (ext=.java, size=311)
2026-01-06 15:50:04,955 - Knowledge - INFO - Worker kw5 processing /app/data/T0015/303209/b5516nj/internet-banking-concept-microservices-303209/internet-banking-fund-transfer-service/src/main/java/com/javatodev/finance/model/dto/response/UtilityPaymentResponse.java
2026-01-06 15:50:05,040 - Knowledge - INFO - Fast-tracked /app/data/T0015/303209/b5516nj/internet-banking-concept-microservices-303209/internet-banking-fund-transfer-service/src/main/resources/application.yml (ext=.yml, size=72)
2026-01-06 15:50:05,134 - Knowledge - INFO - Worker kw7 processing /app/data/T0015/303209/b5516nj/internet-banking-concept-microservices-303209/internet-banking-user-service/src/test/resources/application.yml
2026-01-06 15:50:05,213 - Knowledge - INFO - Fast-tracked /app/data/T0015/303209/b5516nj/internet-banking-concept-microservices-303209/internet-banking-user-service/src/main/java/com/javatodev/finance/configuration/CustomFeignClientConfiguration.java (ext=.java, size=482)
2026-01-06 15:50:05,313 - Knowledge - INFO - Worker kw9 processing /app/data/T0015/303209/b5516nj/internet-banking-concept-microservices-303209/internet-banking-user-service/src/main/java/com/javatodev/finance/model/repository/UserRepository.java
2026-01-06 15:50:05,386 - Knowledge - INFO - Batch sizing: calculated=5, max_allowed=10, queue=106, active_workers=9/11
2026-01-06 15:50:05,470 - Knowledge - INFO - [kw11] Queue=101, InProgress=0, PendingWorkers=9/11, Completed=0/146 (0.0%)
2026-01-06 15:50:05,562 - Knowledge - INFO - knowledge worker kw12 start
2026-01-06 15:50:05,563 - Knowledge - INFO - Worker kw13 created using shared MongoDB connection pool
2026-01-06 15:50:05,646 - Knowledge - INFO - Fast-tracked /app/data/T0015/303209/b5516nj/internet-banking-concept-microservices-303209/internet-banking-service-registry/build.gradle (ext=.gradle, size=817)
2026-01-06 15:50:05,764 - Knowledge - INFO - Worker kw2 processing /app/data/T0015/303209/b5516nj/internet-banking-concept-microservices-303209/internet-banking-fund-transfer-service/src/main/java/com/javatodev/finance/InternetBankingFundTransferServiceApplication.java
2026-01-06 15:50:05,857 - Knowledge - INFO - Worker kw3 processing /app/data/T0015/303209/b5516nj/internet-banking-concept-microservices-303209/internet-banking-fund-transfer-service/src/main/java/com/javatodev/finance/model/mapper/BaseMapper.java
2026-01-06 15:50:05,945 - Knowledge - INFO - Worker kw4 processing /app/data/T0015/303209/b5516nj/internet-banking-concept-microservices-303209/internet-banking-fund-transfer-service/src/main/java/com/javatodev/finance/model/dto/request/UtilityPaymentRequest.java
2026-01-06 15:50:06,024 - Knowledge - INFO - Fast-tracked /app/data/T0015/303209/b5516nj/internet-banking-concept-microservices-303209/internet-banking-fund-transfer-service/src/main/java/com/javatodev/finance/model/dto/response/UtilityPaymentResponse.java (ext=.java, size=91)
2026-01-06 15:50:06,102 - Knowledge - INFO - Worker kw6 processing /app/data/T0015/303209/b5516nj/internet-banking-concept-microservices-303209/internet-banking-fund-transfer-service/src/main/resources/bootstrap.yml
2026-01-06 15:50:06,189 - Knowledge - INFO - Fast-tracked /app/data/T0015/303209/b5516nj/internet-banking-concept-microservices-303209/internet-banking-user-service/src/test/resources/application.yml (ext=.yml, size=723)
2026-01-06 15:50:06,297 - Knowledge - INFO - Worker kw8 processing /app/data/T0015/303209/b5516nj/internet-banking-concept-microservices-303209/internet-banking-user-service/src/main/java/com/javatodev/finance/controller/UserController.java
2026-01-06 15:50:06,416 - Knowledge - INFO - Fast-tracked /app/data/T0015/303209/b5516nj/internet-banking-concept-microservices-303209/internet-banking-user-service/src/main/java/com/javatodev/finance/model/repository/UserRepository.java (ext=.java, size=242)
2026-01-06 15:50:06,494 - Knowledge - INFO - Worker kw10 processing /app/data/T0015/303209/b5516nj/internet-banking-concept-microservices-303209/internet-banking-user-service/src/main/java/com/javatodev/finance/model/entity/UserEntity.java
2026-01-06 15:50:06,604 - Knowledge - INFO - Batch sizing: calculated=5, max_allowed=10, queue=101, active_workers=10/12
2026-01-06 15:50:06,683 - Knowledge - INFO - [kw12] Queue=96, InProgress=0, PendingWorkers=10/12, Completed=0/146 (0.0%)
2026-01-06 15:50:06,766 - Knowledge - INFO - knowledge worker kw13 start
2026-01-06 15:50:06,766 - Knowledge - INFO - Worker kw14 created using shared MongoDB connection pool
2026-01-06 15:50:06,852 - Knowledge - INFO - Processing batch of 5 files
2026-01-06 15:50:06,976 - Knowledge - INFO - Fast-tracked /app/data/T0015/303209/b5516nj/internet-banking-concept-microservices-303209/internet-banking-fund-transfer-service/src/main/java/com/javatodev/finance/InternetBankingFundTransferServiceApplication.java (ext=.java, size=553)
2026-01-06 15:50:07,039 - Knowledge - INFO - Fast-tracked /app/data/T0015/303209/b5516nj/internet-banking-concept-microservices-303209/internet-banking-fund-transfer-service/src/main/java/com/javatodev/finance/model/mapper/BaseMapper.java (ext=.java, size=1330)
2026-01-06 15:50:07,198 - Knowledge - INFO - Fast-tracked /app/data/T0015/303209/b5516nj/internet-banking-concept-microservices-303209/internet-banking-fund-transfer-service/src/main/java/com/javatodev/finance/model/dto/request/UtilityPaymentRequest.java (ext=.java, size=270)
2026-01-06 15:50:07,246 - Knowledge - INFO - Worker kw5 processing /app/data/T0015/303209/b5516nj/internet-banking-concept-microservices-303209/internet-banking-fund-transfer-service/src/main/java/com/javatodev/finance/exception/SimpleBankingGlobalException.java
2026-01-06 15:50:07,378 - Knowledge - INFO - Fast-tracked /app/data/T0015/303209/b5516nj/internet-banking-concept-microservices-303209/internet-banking-fund-transfer-service/src/main/resources/bootstrap.yml (ext=.yml, size=62)
2026-01-06 15:50:07,474 - Knowledge - INFO - Worker kw7 processing /app/data/T0015/303209/b5516nj/internet-banking-concept-microservices-303209/internet-banking-user-service/src/main/java/com/javatodev/finance/configuration/KeycloakProperties.java
2026-01-06 15:50:07,595 - Knowledge - INFO - Fast-tracked /app/data/T0015/303209/b5516nj/internet-banking-concept-microservices-303209/internet-banking-user-service/src/main/java/com/javatodev/finance/controller/UserController.java (ext=.java, size=1732)
2026-01-06 15:50:07,691 - Knowledge - INFO - Worker kw9 processing /app/data/T0015/303209/b5516nj/internet-banking-concept-microservices-303209/internet-banking-user-service/src/main/java/com/javatodev/finance/model/rest/response/AccountResponse.java
2026-01-06 15:50:07,785 - Knowledge - INFO - Fast-tracked /app/data/T0015/303209/b5516nj/internet-banking-concept-microservices-303209/internet-banking-user-service/src/main/java/com/javatodev/finance/model/entity/UserEntity.java (ext=.java, size=452)
2026-01-06 15:50:07,873 - Knowledge - INFO - Worker kw11 processing /app/data/T0015/303209/b5516nj/internet-banking-concept-microservices-303209/internet-banking-user-service/src/main/java/com/javatodev/finance/exception/SimpleBankingGlobalException.java
2026-01-06 15:50:07,988 - Knowledge - INFO - Batch sizing: calculated=4, max_allowed=10, queue=96, active_workers=11/13
2026-01-06 15:50:08,076 - Knowledge - INFO - [kw13] Queue=91, InProgress=0, PendingWorkers=11/13, Completed=5/146 (3.4%)
2026-01-06 15:50:08,178 - Knowledge - INFO - knowledge worker kw14 start
2026-01-06 15:50:08,178 - Knowledge - INFO - Worker kw15 created using shared MongoDB connection pool
2026-01-06 15:50:08,299 - Knowledge - INFO - process ingested knowledge for /app/data/T0015/303209/b5516nj/internet-banking-concept-microservices-303209/internet-banking-service-registry/src/test/java/com/javatodev/finance/InternetBankingServiceRegistryApplicationTests.java
2026-01-06 15:50:08,389 - Knowledge - INFO - Processing batch of 5 files
2026-01-06 15:50:08,586 - Knowledge - INFO - Worker kw4 processing /app/data/T0015/303209/b5516nj/internet-banking-concept-microservices-303209/internet-banking-fund-transfer-service/src/main/java/com/javatodev/finance/model/dto/request/FundTransferRequest.java
2026-01-06 15:50:08,593 - Knowledge - INFO - Fast-tracked /app/data/T0015/303209/b5516nj/internet-banking-concept-microservices-303209/internet-banking-fund-transfer-service/src/main/java/com/javatodev/finance/service/FundTransferService.java (small file (2068 bytes))
2026-01-06 15:50:08,687 - Knowledge - INFO - Fast-tracked /app/data/T0015/303209/b5516nj/internet-banking-concept-microservices-303209/internet-banking-fund-transfer-service/src/main/java/com/javatodev/finance/exception/SimpleBankingGlobalException.java (ext=.java, size=423)
2026-01-06 15:50:08,758 - Knowledge - INFO - Worker kw6 processing /app/data/T0015/303209/b5516nj/internet-banking-concept-microservices-303209/internet-banking-fund-transfer-service/settings.gradle
2026-01-06 15:50:08,858 - Knowledge - INFO - Fast-tracked /app/data/T0015/303209/b5516nj/internet-banking-concept-microservices-303209/internet-banking-user-service/src/main/java/com/javatodev/finance/configuration/KeycloakProperties.java (ext=.java, size=1211)
2026-01-06 15:50:08,908 - Knowledge - INFO - Worker kw8 processing /app/data/T0015/303209/b5516nj/internet-banking-concept-microservices-303209/internet-banking-user-service/src/main/java/com/javatodev/finance/service/UserService.java
2026-01-06 15:50:09,069 - Knowledge - INFO - Fast-tracked /app/data/T0015/303209/b5516nj/internet-banking-concept-microservices-303209/internet-banking-user-service/src/main/java/com/javatodev/finance/model/rest/response/AccountResponse.java (ext=.java, size=358)
2026-01-06 15:50:09,092 - Knowledge - INFO - Worker kw10 processing /app/data/T0015/303209/b5516nj/internet-banking-concept-microservices-303209/internet-banking-user-service/src/main/java/com/javatodev/finance/model/dto/Status.java
2026-01-06 15:50:09,166 - Knowledge - INFO - Fast-tracked /app/data/T0015/303209/b5516nj/internet-banking-concept-microservices-303209/internet-banking-user-service/src/main/java/com/javatodev/finance/exception/SimpleBankingGlobalException.java (ext=.java, size=423)
2026-01-06 15:50:09,238 - Knowledge - INFO - Worker kw12 processing /app/data/T0015/303209/b5516nj/internet-banking-concept-microservices-303209/internet-banking-user-service/src/main/java/com/javatodev/finance/exception/ErrorResponse.java
2026-01-06 15:50:09,319 - Knowledge - INFO - Batch sizing: calculated=4, max_allowed=10, queue=91, active_workers=12/14
2026-01-06 15:50:09,434 - Knowledge - INFO - [kw14] Queue=87, InProgress=0, PendingWorkers=12/14, Completed=10/146 (6.8%)
2026-01-06 15:50:09,542 - Knowledge - INFO - knowledge worker kw15 start
2026-01-06 15:50:09,543 - Knowledge - INFO - Worker kw16 created using shared MongoDB connection pool
2026-01-06 15:50:09,627 - Knowledge - INFO - process ingested knowledge for /app/data/T0015/303209/b5516nj/internet-banking-concept-microservices-303209/internet-banking-service-registry/src/main/java/com/javatodev/finance/InternetBankingServiceRegistryApplication.java
2026-01-06 15:50:09,744 - Knowledge - INFO - process ingested knowledge for /app/data/T0015/303209/b5516nj/internet-banking-concept-microservices-303209/internet-banking-fund-transfer-service/src/test/java/com/javatodev/finance/InternetBankingFundTransferServiceApplicationTests.java
2026-01-06 15:50:09,850 - Knowledge - INFO - Fast-tracked /app/data/T0015/303209/b5516nj/internet-banking-concept-microservices-303209/internet-banking-fund-transfer-service/src/main/java/com/javatodev/finance/model/dto/request/FundTransferRequest.java (ext=.java, size=264)
2026-01-06 15:50:09,962 - Knowledge - INFO - Processing batch of 5 files
2026-01-06 15:50:10,049 - Knowledge - INFO - Worker kw5 processing /app/data/T0015/303209/b5516nj/internet-banking-concept-microservices-303209/internet-banking-fund-transfer-service/src/main/java/com/javatodev/finance/exception/GlobalExceptionHandler.java
2026-01-06 15:50:10,160 - Knowledge - INFO - Fast-tracked /app/data/T0015/303209/b5516nj/internet-banking-concept-microservices-303209/internet-banking-fund-transfer-service/settings.gradle (ext=.gradle, size=60)
2026-01-06 15:50:10,219 - Knowledge - INFO - Worker kw7 processing /app/data/T0015/303209/b5516nj/internet-banking-concept-microservices-303209/internet-banking-user-service/src/main/java/com/javatodev/finance/configuration/CustomFeignErrorDecoder.java
2026-01-06 15:50:10,330 - Knowledge - INFO - Worker kw8 processing /app/data/T0015/303209/b5516nj/internet-banking-concept-microservices-303209/internet-banking-user-service/src/main/java/com/javatodev/finance/service/rest/BankingCoreRestClient.java
2026-01-06 15:50:10,420 - Knowledge - INFO - Worker kw9 processing /app/data/T0015/303209/b5516nj/internet-banking-concept-microservices-303209/internet-banking-user-service/src/main/java/com/javatodev/finance/model/rest/response/UserResponse.java
2026-01-06 15:50:10,535 - Knowledge - INFO - Fast-tracked /app/data/T0015/303209/b5516nj/internet-banking-concept-microservices-303209/internet-banking-user-service/src/main/java/com/javatodev/finance/model/dto/Status.java (ext=.java, size=108)
2026-01-06 15:50:10,576 - Knowledge - INFO - Worker kw11 processing /app/data/T0015/303209/b5516nj/internet-banking-concept-microservices-303209/internet-banking-user-service/src/main/java/com/javatodev/finance/exception/GlobalErrorCode.java
2026-01-06 15:50:10,751 - Knowledge - INFO - Fast-tracked /app/data/T0015/303209/b5516nj/internet-banking-concept-microservices-303209/internet-banking-user-service/src/main/java/com/javatodev/finance/exception/ErrorResponse.java (ext=.java, size=219)
2026-01-06 15:50:10,807 - Knowledge - INFO - Worker kw13 processing /app/data/T0015/303209/b5516nj/internet-banking-concept-microservices-303209/internet-banking-user-service/src/main/resources/bootstrap.yml
2026-01-06 15:50:10,882 - Knowledge - INFO - Batch sizing: calculated=4, max_allowed=10, queue=87, active_workers=13/15
2026-01-06 15:50:10,951 - Knowledge - INFO - [kw15] Queue=83, InProgress=0, PendingWorkers=13/15, Completed=15/146 (10.3%)
2026-01-06 15:50:11,058 - Knowledge - INFO - knowledge worker kw16 start
2026-01-06 15:50:11,058 - Knowledge - INFO - Worker kw17 created using shared MongoDB connection pool
2026-01-06 15:50:11,157 - Knowledge - INFO - process ingested knowledge for /app/data/T0015/303209/b5516nj/internet-banking-concept-microservices-303209/internet-banking-service-registry/src/main/resources/application.yml
2026-01-06 15:50:11,233 - Knowledge - INFO - process ingested knowledge for /app/data/T0015/303209/b5516nj/internet-banking-concept-microservices-303209/internet-banking-fund-transfer-service/src/test/resources/application.yml
2026-01-06 15:50:11,349 - Knowledge - INFO - Processing batch of 5 files
2026-01-06 15:50:11,465 - Knowledge - INFO - process ingested knowledge for /app/data/T0015/303209/b5516nj/internet-banking-concept-microservices-303209/internet-banking-fund-transfer-service/src/main/java/com/javatodev/finance/service/rest/client/BankingCoreFeignClient.java
2026-01-06 15:50:11,543 - Knowledge - INFO - Fast-tracked /app/data/T0015/303209/b5516nj/internet-banking-concept-microservices-303209/internet-banking-fund-transfer-service/src/main/java/com/javatodev/finance/exception/GlobalExceptionHandler.java (ext=.java, size=974)
2026-01-06 15:50:11,659 - Knowledge - INFO - Worker kw6 processing /app/data/T0015/303209/b5516nj/internet-banking-concept-microservices-303209/internet-banking-fund-transfer-service/build.gradle
2026-01-06 15:50:11,780 - Knowledge - INFO - Worker kw7 processing /app/data/T0015/303209/b5516nj/internet-banking-concept-microservices-303209/internet-banking-user-service/src/main/java/com/javatodev/finance/configuration/KeycloakManager.java
2026-01-06 15:50:11,870 - Knowledge - INFO - Fast-tracked /app/data/T0015/303209/b5516nj/internet-banking-concept-microservices-303209/internet-banking-user-service/src/main/java/com/javatodev/finance/service/rest/BankingCoreRestClient.java (ext=.java, size=740)
2026-01-06 15:50:11,949 - Knowledge - INFO - Fast-tracked /app/data/T0015/303209/b5516nj/internet-banking-concept-microservices-303209/internet-banking-user-service/src/main/java/com/javatodev/finance/model/rest/response/UserResponse.java (ext=.java, size=365)
2026-01-06 15:50:12,021 - Knowledge - INFO - Worker kw10 processing /app/data/T0015/303209/b5516nj/internet-banking-concept-microservices-303209/internet-banking-user-service/src/main/java/com/javatodev/finance/model/dto/UserUpdateRequest.java
2026-01-06 15:50:12,155 - Knowledge - INFO - Fast-tracked /app/data/T0015/303209/b5516nj/internet-banking-concept-microservices-303209/internet-banking-user-service/src/main/java/com/javatodev/finance/exception/GlobalErrorCode.java (ext=.java, size=389)
2026-01-06 15:50:12,188 - Knowledge - INFO - Worker kw12 processing /app/data/T0015/303209/b5516nj/internet-banking-concept-microservices-303209/internet-banking-user-service/src/main/java/com/javatodev/finance/exception/EntityNotFoundException.java
2026-01-06 15:50:12,293 - Knowledge - INFO - Fast-tracked /app/data/T0015/303209/b5516nj/internet-banking-concept-microservices-303209/internet-banking-user-service/src/main/resources/bootstrap.yml (ext=.yml, size=62)
2026-01-06 15:50:12,368 - Knowledge - INFO - Worker kw14 processing /app/data/T0015/303209/b5516nj/internet-banking-concept-microservices-303209/internet-banking-utility-payment-service/src/test/resources/application.yml
2026-01-06 15:50:12,467 - Knowledge - INFO - Batch sizing: calculated=4, max_allowed=10, queue=83, active_workers=14/16
2026-01-06 15:50:12,553 - Knowledge - INFO - [kw16] Queue=79, InProgress=0, PendingWorkers=14/16, Completed=20/146 (13.7%)
2026-01-06 15:50:12,667 - Knowledge - INFO - knowledge worker kw17 start
2026-01-06 15:50:12,667 - Knowledge - INFO - Worker kw18 created using shared MongoDB connection pool
2026-01-06 15:50:12,776 - Knowledge - INFO - process ingested knowledge for /app/data/T0015/303209/b5516nj/internet-banking-concept-microservices-303209/internet-banking-service-registry/settings.gradle
2026-01-06 15:50:12,893 - Knowledge - INFO - process ingested knowledge for /app/data/T0015/303209/b5516nj/internet-banking-concept-microservices-303209/internet-banking-fund-transfer-service/src/main/java/com/javatodev/finance/configuration/CustomFeignClientConfiguration.java
2026-01-06 15:50:12,981 - Knowledge - INFO - process ingested knowledge for /app/data/T0015/303209/b5516nj/internet-banking-concept-microservices-303209/internet-banking-fund-transfer-service/src/main/java/com/javatodev/finance/model/mapper/FundTransferMapper.java
2026-01-06 15:50:13,081 - Knowledge - INFO - process ingested knowledge for /app/data/T0015/303209/b5516nj/internet-banking-concept-microservices-303209/internet-banking-fund-transfer-service/src/main/java/com/javatodev/finance/service/FundTransferService.java
2026-01-06 15:50:13,157 - Knowledge - INFO - Processing batch of 5 files
2026-01-06 15:50:13,281 - Knowledge - INFO - Fast-tracked /app/data/T0015/303209/b5516nj/internet-banking-concept-microservices-303209/internet-banking-fund-transfer-service/build.gradle (ext=.gradle, size=1339)
2026-01-06 15:50:13,313 - Knowledge - INFO - Fast-tracked /app/data/T0015/303209/b5516nj/internet-banking-concept-microservices-303209/internet-banking-user-service/src/main/java/com/javatodev/finance/configuration/KeycloakManager.java (ext=.java, size=471)
2026-01-06 15:50:13,378 - Knowledge - INFO - Worker kw8 processing /app/data/T0015/303209/b5516nj/internet-banking-concept-microservices-303209/internet-banking-user-service/src/main/java/com/javatodev/finance/service/KeycloakUserService.java
2026-01-06 15:50:13,459 - Knowledge - INFO - Worker kw9 processing /app/data/T0015/303209/b5516nj/internet-banking-concept-microservices-303209/internet-banking-user-service/src/main/java/com/javatodev/finance/model/mapper/BaseMapper.java
2026-01-06 15:50:13,601 - Knowledge - INFO - Fast-tracked /app/data/T0015/303209/b5516nj/internet-banking-concept-microservices-303209/internet-banking-user-service/src/main/java/com/javatodev/finance/model/dto/UserUpdateRequest.java (ext=.java, size=131)
2026-01-06 15:50:13,694 - Knowledge - INFO - Worker kw11 processing /app/data/T0015/303209/b5516nj/internet-banking-concept-microservices-303209/internet-banking-user-service/src/main/java/com/javatodev/finance/exception/GlobalExceptionHandler.java
2026-01-06 15:50:13,896 - Knowledge - INFO - Fast-tracked /app/data/T0015/303209/b5516nj/internet-banking-concept-microservices-303209/internet-banking-user-service/src/main/java/com/javatodev/finance/exception/EntityNotFoundException.java (ext=.java, size=388)
2026-01-06 15:50:13,942 - Knowledge - INFO - Worker kw13 processing /app/data/T0015/303209/b5516nj/internet-banking-concept-microservices-303209/internet-banking-user-service/settings.gradle
2026-01-06 15:50:14,090 - Knowledge - INFO - Worker kw15 processing /app/data/T0015/303209/b5516nj/internet-banking-concept-microservices-303209/internet-banking-utility-payment-service/src/main/java/com/javatodev/finance/InternetBankingUtilityPaymentServiceApplication.java
2026-01-06 15:50:14,126 - Knowledge - INFO - Fast-tracked /app/data/T0015/303209/b5516nj/internet-banking-concept-microservices-303209/internet-banking-utility-payment-service/src/test/resources/application.yml (ext=.yml, size=532)
2026-01-06 15:50:14,161 - Knowledge - INFO - Batch sizing: calculated=4, max_allowed=10, queue=79, active_workers=15/17
2026-01-06 15:50:14,257 - Knowledge - INFO - [kw17] Queue=75, InProgress=0, PendingWorkers=15/17, Completed=25/146 (17.1%)
2026-01-06 15:50:14,352 - Knowledge - INFO - knowledge worker kw18 start
2026-01-06 15:50:14,353 - Knowledge - INFO - Worker kw19 created using shared MongoDB connection pool
2026-01-06 15:50:14,427 - Knowledge - INFO - process ingested knowledge for /app/data/T0015/303209/b5516nj/internet-banking-concept-microservices-303209/internet-banking-service-registry/build.gradle
2026-01-06 15:50:14,530 - Knowledge - INFO - process ingested knowledge for /app/data/T0015/303209/b5516nj/internet-banking-concept-microservices-303209/internet-banking-fund-transfer-service/src/main/java/com/javatodev/finance/controller/FundTransferController.java
2026-01-06 15:50:14,616 - Knowledge - INFO - process ingested knowledge for /app/data/T0015/303209/b5516nj/internet-banking-concept-microservices-303209/internet-banking-fund-transfer-service/src/main/java/com/javatodev/finance/model/entity/FundTransferEntity.java
2026-01-06 15:50:14,728 - Knowledge - INFO - process ingested knowledge for /app/data/T0015/303209/b5516nj/internet-banking-concept-microservices-303209/internet-banking-fund-transfer-service/src/main/java/com/javatodev/finance/model/repository/FundTransferRepository.java
2026-01-06 15:50:14,806 - Knowledge - INFO - process ingested knowledge for /app/data/T0015/303209/b5516nj/internet-banking-concept-microservices-303209/internet-banking-fund-transfer-service/src/main/java/com/javatodev/finance/model/dto/response/AccountResponse.java
2026-01-06 15:50:14,886 - Knowledge - INFO - Processing batch of 5 files
2026-01-06 15:50:15,013 - Knowledge - INFO - Fast-tracked /app/data/T0015/303209/b5516nj/internet-banking-concept-microservices-303209/internet-banking-user-service/src/main/java/com/javatodev/finance/configuration/CustomFeignErrorDecoder.java (small file (2570 bytes))
2026-01-06 15:50:15,126 - Knowledge - INFO - Fast-tracked /app/data/T0015/303209/b5516nj/internet-banking-concept-microservices-303209/internet-banking-user-service/src/main/java/com/javatodev/finance/service/KeycloakUserService.java (ext=.java, size=1493)
2026-01-06 15:50:15,205 - Knowledge - INFO - Fast-tracked /app/data/T0015/303209/b5516nj/internet-banking-concept-microservices-303209/internet-banking-user-service/src/main/java/com/javatodev/finance/model/mapper/BaseMapper.java (ext=.java, size=1330)
2026-01-06 15:50:15,277 - Knowledge - INFO - Worker kw10 processing /app/data/T0015/303209/b5516nj/internet-banking-concept-microservices-303209/internet-banking-user-service/src/main/java/com/javatodev/finance/model/dto/User.java
2026-01-06 15:50:15,404 - Knowledge - INFO - Fast-tracked /app/data/T0015/303209/b5516nj/internet-banking-concept-microservices-303209/internet-banking-user-service/src/main/java/com/javatodev/finance/exception/GlobalExceptionHandler.java (ext=.java, size=1159)
2026-01-06 15:50:15,438 - Knowledge - INFO - Worker kw12 processing /app/data/T0015/303209/b5516nj/internet-banking-concept-microservices-303209/internet-banking-user-service/src/main/java/com/javatodev/finance/exception/InvalidBankingUserException.java
2026-01-06 15:50:15,546 - Knowledge - INFO - Fast-tracked /app/data/T0015/303209/b5516nj/internet-banking-concept-microservices-303209/internet-banking-user-service/settings.gradle (ext=.gradle, size=51)
2026-01-06 15:50:15,658 - Knowledge - INFO - Fast-tracked /app/data/T0015/303209/b5516nj/internet-banking-concept-microservices-303209/internet-banking-utility-payment-service/src/main/java/com/javatodev/finance/InternetBankingUtilityPaymentServiceApplication.java (ext=.java, size=545)
2026-01-06 15:50:15,690 - Knowledge - INFO - Worker kw14 processing /app/data/T0015/303209/b5516nj/internet-banking-concept-microservices-303209/internet-banking-utility-payment-service/src/main/java/com/javatodev/finance/repository/UtilityPaymentRepository.java
2026-01-06 15:50:15,806 - Knowledge - INFO - Worker kw16 processing /app/data/T0015/303209/b5516nj/internet-banking-concept-microservices-303209/internet-banking-utility-payment-service/src/main/java/com/javatodev/finance/model/rest/request/UtilityPaymentRequest.java
2026-01-06 15:50:15,913 - Knowledge - INFO - Batch sizing: calculated=4, max_allowed=10, queue=75, active_workers=16/18
2026-01-06 15:50:16,025 - Knowledge - INFO - [kw18] Queue=71, InProgress=0, PendingWorkers=16/18, Completed=30/146 (20.5%)
2026-01-06 15:50:16,128 - Knowledge - INFO - knowledge worker kw19 start
2026-01-06 15:50:16,128 - Knowledge - INFO - Worker kw20 created using shared MongoDB connection pool
2026-01-06 15:50:16,670 - Knowledge - INFO - process ingested knowledge for /app/data/T0015/303209/b5516nj/internet-banking-concept-microservices-303209/internet-banking-fund-transfer-service/src/main/java/com/javatodev/finance/exception/ErrorResponse.java
2026-01-06 15:50:16,895 - Knowledge - INFO - Worker kw9 processing /app/data/T0015/303209/b5516nj/internet-banking-concept-microservices-303209/internet-banking-user-service/src/main/java/com/javatodev/finance/model/mapper/UserMapper.java
2026-01-06 15:50:17,020 - Knowledge - INFO - Fast-tracked /app/data/T0015/303209/b5516nj/internet-banking-concept-microservices-303209/internet-banking-user-service/src/main/java/com/javatodev/finance/model/dto/User.java (ext=.java, size=261)
2026-01-06 15:50:17,088 - Knowledge - INFO - Worker kw11 processing /app/data/T0015/303209/b5516nj/internet-banking-concept-microservices-303209/internet-banking-user-service/src/main/java/com/javatodev/finance/exception/InvalidEmailException.java
2026-01-06 15:50:17,224 - Knowledge - INFO - Fast-tracked /app/data/T0015/303209/b5516nj/internet-banking-concept-microservices-303209/internet-banking-user-service/src/main/java/com/javatodev/finance/exception/InvalidBankingUserException.java (ext=.java, size=230)
2026-01-06 15:50:17,272 - Knowledge - INFO - Worker kw13 processing /app/data/T0015/303209/b5516nj/internet-banking-concept-microservices-303209/internet-banking-user-service/build.gradle
2026-01-06 15:50:17,381 - Knowledge - INFO - Worker kw15 processing /app/data/T0015/303209/b5516nj/internet-banking-concept-microservices-303209/internet-banking-utility-payment-service/src/main/java/com/javatodev/finance/service/rest/BankingCoreRestClient.java
2026-01-06 15:50:17,403 - Knowledge - INFO - process ingested knowledge for /app/data/T0015/303209/b5516nj/internet-banking-concept-microservices-303209/internet-banking-fund-transfer-service/src/main/java/com/javatodev/finance/InternetBankingFundTransferServiceApplication.java
2026-01-06 15:50:17,403 - Knowledge - INFO - process ingested knowledge for /app/data/T0015/303209/b5516nj/internet-banking-concept-microservices-303209/internet-banking-fund-transfer-service/src/main/java/com/javatodev/finance/model/dto/FundTransfer.java
2026-01-06 15:50:17,403 - Knowledge - INFO - process ingested knowledge for /app/data/T0015/303209/b5516nj/internet-banking-concept-microservices-303209/internet-banking-fund-transfer-service/src/main/java/com/javatodev/finance/model/dto/response/FundTransferResponse.java
2026-01-06 15:50:17,403 - Knowledge - INFO - process ingested knowledge for /app/data/T0015/303209/b5516nj/internet-banking-concept-microservices-303209/internet-banking-fund-transfer-service/src/main/java/com/javatodev/finance/model/TransactionStatus.java
2026-01-06 15:50:17,404 - Knowledge - INFO - Processing batch of 5 files
2026-01-06 15:50:17,532 - Knowledge - INFO - Fast-tracked /app/data/T0015/303209/b5516nj/internet-banking-concept-microservices-303209/internet-banking-utility-payment-service/src/main/java/com/javatodev/finance/repository/UtilityPaymentRepository.java (ext=.java, size=331)
2026-01-06 15:50:17,662 - Knowledge - INFO - Worker kw17 processing /app/data/T0015/303209/b5516nj/internet-banking-concept-microservices-303209/internet-banking-utility-payment-service/src/main/java/com/javatodev/finance/model/mapper/UtilityPaymentMapper.java
2026-01-06 15:50:17,664 - Knowledge - INFO - Fast-tracked /app/data/T0015/303209/b5516nj/internet-banking-concept-microservices-303209/internet-banking-utility-payment-service/src/main/java/com/javatodev/finance/model/rest/request/UtilityPaymentRequest.java (ext=.java, size=271)
2026-01-06 15:50:17,763 - Knowledge - INFO - Batch sizing: calculated=4, max_allowed=10, queue=71, active_workers=17/19
2026-01-06 15:50:17,971 - Knowledge - INFO - knowledge worker kw20 start
2026-01-06 15:50:18,258 - Knowledge - INFO - Fast-tracked /app/data/T0015/303209/b5516nj/internet-banking-concept-microservices-303209/internet-banking-user-service/src/main/java/com/javatodev/finance/model/mapper/UserMapper.java (ext=.java, size=740)
2026-01-06 15:50:18,364 - Knowledge - INFO - Worker kw10 processing /app/data/T0015/303209/b5516nj/internet-banking-concept-microservices-303209/internet-banking-user-service/src/main/java/com/javatodev/finance/InternetBankingUserServiceApplication.java
2026-01-06 15:50:18,537 - Knowledge - INFO - Fast-tracked /app/data/T0015/303209/b5516nj/internet-banking-concept-microservices-303209/internet-banking-user-service/src/main/java/com/javatodev/finance/exception/InvalidEmailException.java (ext=.java, size=218)
2026-01-06 15:50:18,546 - Knowledge - INFO - Worker kw12 processing /app/data/T0015/303209/b5516nj/internet-banking-concept-microservices-303209/internet-banking-user-service/src/main/resources/application.yml
2026-01-06 15:50:18,660 - Knowledge - INFO - Fast-tracked /app/data/T0015/303209/b5516nj/internet-banking-concept-microservices-303209/internet-banking-user-service/build.gradle (ext=.gradle, size=1504)
2026-01-06 15:50:18,794 - Knowledge - INFO - Fast-tracked /app/data/T0015/303209/b5516nj/internet-banking-concept-microservices-303209/internet-banking-utility-payment-service/src/main/java/com/javatodev/finance/service/rest/BankingCoreRestClient.java (ext=.java, size=1154)
2026-01-06 15:50:19,205 - Knowledge - INFO - process ingested knowledge for /app/data/T0015/303209/b5516nj/internet-banking-concept-microservices-303209/internet-banking-user-service/src/test/java/com/javatodev/finance/InternetBankingUserServiceApplicationTests.java
2026-01-06 15:50:19,298 - Knowledge - INFO - Worker kw14 processing /app/data/T0015/303209/b5516nj/internet-banking-concept-microservices-303209/internet-banking-utility-payment-service/src/main/java/com/javatodev/finance/configuration/CustomFeignClientConfiguration.java
2026-01-06 15:50:19,415 - Knowledge - INFO - Fast-tracked /app/data/T0015/303209/b5516nj/internet-banking-concept-microservices-303209/internet-banking-utility-payment-service/src/main/java/com/javatodev/finance/model/mapper/UtilityPaymentMapper.java (ext=.java, size=856)
2026-01-06 15:50:19,472 - Knowledge - INFO - Worker kw16 processing /app/data/T0015/303209/b5516nj/internet-banking-concept-microservices-303209/internet-banking-utility-payment-service/src/main/java/com/javatodev/finance/model/rest/response/AccountResponse.java
2026-01-06 15:50:19,913 - Knowledge - INFO - Fast-tracked /app/data/T0015/303209/b5516nj/internet-banking-concept-microservices-303209/internet-banking-user-service/src/main/java/com/javatodev/finance/InternetBankingUserServiceApplication.java (ext=.java, size=537)
2026-01-06 15:50:19,927 - Knowledge - INFO - Worker kw11 processing /app/data/T0015/303209/b5516nj/internet-banking-concept-microservices-303209/internet-banking-user-service/src/main/java/com/javatodev/finance/exception/UserAlreadyRegisteredException.java
2026-01-06 15:50:20,349 - Knowledge - INFO - [kw19] Queue=67, InProgress=0, PendingWorkers=17/20, Completed=35/146 (24.0%)
2026-01-06 15:50:20,356 - Knowledge - INFO - process ingested knowledge for /app/data/T0015/303209/b5516nj/internet-banking-concept-microservices-303209/internet-banking-fund-transfer-service/src/main/resources/application.yml
2026-01-06 15:50:20,399 - Knowledge - INFO - Fast-tracked /app/data/T0015/303209/b5516nj/internet-banking-concept-microservices-303209/internet-banking-user-service/src/main/resources/application.yml (ext=.yml, size=63)
2026-01-06 15:50:20,451 - Knowledge - INFO - Worker kw13 processing /app/data/T0015/303209/b5516nj/internet-banking-concept-microservices-303209/internet-banking-utility-payment-service/src/test/java/com/javatodev/finance/InternetBankingUtilityPaymentServiceApplicationTests.java
2026-01-06 15:50:20,539 - Knowledge - INFO - Worker kw15 processing /app/data/T0015/303209/b5516nj/internet-banking-concept-microservices-303209/internet-banking-utility-payment-service/src/main/java/com/javatodev/finance/service/UtilityPaymentService.java
2026-01-06 15:50:20,740 - Knowledge - INFO - Fast-tracked /app/data/T0015/303209/b5516nj/internet-banking-concept-microservices-303209/internet-banking-utility-payment-service/src/main/java/com/javatodev/finance/configuration/CustomFeignClientConfiguration.java (ext=.java, size=292)
2026-01-06 15:50:20,839 - Knowledge - INFO - Worker kw17 processing /app/data/T0015/303209/b5516nj/internet-banking-concept-microservices-303209/internet-banking-utility-payment-service/src/main/java/com/javatodev/finance/model/entity/UtilityPaymentEntity.java
2026-01-06 15:50:20,964 - Knowledge - INFO - Fast-tracked /app/data/T0015/303209/b5516nj/internet-banking-concept-microservices-303209/internet-banking-utility-payment-service/src/main/java/com/javatodev/finance/model/rest/response/AccountResponse.java (ext=.java, size=319)
2026-01-06 15:50:21,039 - Knowledge - INFO - Worker kw18 processing /app/data/T0015/303209/b5516nj/internet-banking-concept-microservices-303209/internet-banking-utility-payment-service/src/main/java/com/javatodev/finance/exception/GlobalExceptionHandler.java
2026-01-06 15:50:21,040 - Knowledge - INFO - [kw20] Queue=63, InProgress=0, PendingWorkers=18/20, Completed=35/146 (24.0%)
2026-01-06 15:50:21,041 - Knowledge - INFO - process ingested knowledge for /app/data/T0015/303209/b5516nj/internet-banking-concept-microservices-303209/internet-banking-fund-transfer-service/src/main/java/com/javatodev/finance/model/dto/response/UtilityPaymentResponse.java
2026-01-06 15:50:21,041 - Knowledge - INFO - process ingested knowledge for /app/data/T0015/303209/b5516nj/internet-banking-concept-microservices-303209/internet-banking-user-service/src/test/resources/application.yml
2026-01-06 15:50:21,153 - Knowledge - INFO - Fast-tracked /app/data/T0015/303209/b5516nj/internet-banking-concept-microservices-303209/internet-banking-user-service/src/main/java/com/javatodev/finance/exception/UserAlreadyRegisteredException.java (ext=.java, size=236)
2026-01-06 15:50:21,229 - Knowledge - INFO - Batch sizing: calculated=4, max_allowed=10, queue=67, active_workers=18/20
2026-01-06 15:50:21,548 - Knowledge - INFO - Fast-tracked /app/data/T0015/303209/b5516nj/internet-banking-concept-microservices-303209/internet-banking-utility-payment-service/src/test/java/com/javatodev/finance/InternetBankingUtilityPaymentServiceApplicationTests.java (ext=.java, size=243)
2026-01-06 15:50:21,554 - Knowledge - INFO - process ingested knowledge for /app/data/T0015/303209/b5516nj/internet-banking-concept-microservices-303209/internet-banking-fund-transfer-service/src/main/java/com/javatodev/finance/model/mapper/BaseMapper.java
2026-01-06 15:50:21,555 - Knowledge - INFO - Processing batch of 5 files
2026-01-06 15:50:21,711 - Knowledge - INFO - Worker kw15 processing /app/data/T0015/303209/b5516nj/internet-banking-concept-microservices-303209/internet-banking-utility-payment-service/src/main/java/com/javatodev/finance/model/TransactionStatus.java
2026-01-06 15:50:21,736 - Knowledge - INFO - Worker kw14 processing /app/data/T0015/303209/b5516nj/internet-banking-concept-microservices-303209/internet-banking-utility-payment-service/src/main/java/com/javatodev/finance/controller/UtilityPaymentController.java
2026-01-06 15:50:21,860 - Knowledge - INFO - Fast-tracked /app/data/T0015/303209/b5516nj/internet-banking-concept-microservices-303209/internet-banking-utility-payment-service/src/main/java/com/javatodev/finance/model/entity/UtilityPaymentEntity.java (ext=.java, size=615)
2026-01-06 15:50:21,911 - Knowledge - INFO - Worker kw16 processing /app/data/T0015/303209/b5516nj/internet-banking-concept-microservices-303209/internet-banking-utility-payment-service/src/main/java/com/javatodev/finance/model/rest/response/UtilityPaymentResponse.java
2026-01-06 15:50:21,997 - Knowledge - INFO - Fast-tracked /app/data/T0015/303209/b5516nj/internet-banking-concept-microservices-303209/internet-banking-utility-payment-service/src/main/java/com/javatodev/finance/exception/GlobalExceptionHandler.java (ext=.java, size=1159)
2026-01-06 15:50:22,068 - Knowledge - INFO - Batch sizing: calculated=4, max_allowed=10, queue=63, active_workers=18/20
2026-01-06 15:50:22,733 - Knowledge - INFO - process ingested knowledge for /app/data/T0015/303209/b5516nj/internet-banking-concept-microservices-303209/internet-banking-user-service/src/main/java/com/javatodev/finance/model/repository/UserRepository.java
2026-01-06 15:50:22,832 - Knowledge - INFO - Fast-tracked /app/data/T0015/303209/b5516nj/internet-banking-concept-microservices-303209/internet-banking-utility-payment-service/src/main/java/com/javatodev/finance/model/TransactionStatus.java (ext=.java, size=113)
2026-01-06 15:50:22,848 - Knowledge - INFO - process ingested knowledge for /app/data/T0015/303209/b5516nj/internet-banking-concept-microservices-303209/internet-banking-fund-transfer-service/src/main/resources/bootstrap.yml
2026-01-06 15:50:22,848 - Knowledge - INFO - process ingested knowledge for /app/data/T0015/303209/b5516nj/internet-banking-concept-microservices-303209/internet-banking-fund-transfer-service/src/main/java/com/javatodev/finance/model/dto/request/UtilityPaymentRequest.java
2026-01-06 15:50:22,994 - Knowledge - INFO - Fast-tracked /app/data/T0015/303209/b5516nj/internet-banking-concept-microservices-303209/internet-banking-utility-payment-service/src/main/java/com/javatodev/finance/controller/UtilityPaymentController.java (ext=.java, size=926)
2026-01-06 15:50:23,013 - Knowledge - INFO - Worker kw17 processing /app/data/T0015/303209/b5516nj/internet-banking-concept-microservices-303209/internet-banking-utility-payment-service/src/main/java/com/javatodev/finance/model/dto/UtilityPayment.java
2026-01-06 15:50:23,129 - Knowledge - INFO - Fast-tracked /app/data/T0015/303209/b5516nj/internet-banking-concept-microservices-303209/internet-banking-utility-payment-service/src/main/java/com/javatodev/finance/model/rest/response/UtilityPaymentResponse.java (ext=.java, size=213)
2026-01-06 15:50:23,197 - Knowledge - INFO - Worker kw18 processing /app/data/T0015/303209/b5516nj/internet-banking-concept-microservices-303209/internet-banking-utility-payment-service/src/main/java/com/javatodev/finance/exception/ErrorResponse.java
2026-01-06 15:50:23,493 - Knowledge - INFO - process ingested knowledge for /app/data/T0015/303209/b5516nj/internet-banking-concept-microservices-303209/internet-banking-fund-transfer-service/src/main/java/com/javatodev/finance/exception/SimpleBankingGlobalException.java
2026-01-06 15:50:23,494 - Knowledge - INFO - process ingested knowledge for /app/data/T0015/303209/b5516nj/internet-banking-concept-microservices-303209/internet-banking-user-service/src/main/java/com/javatodev/finance/configuration/KeycloakProperties.java
2026-01-06 15:50:23,494 - Knowledge - INFO - Worker kw19 processing /app/data/T0015/303209/b5516nj/internet-banking-concept-microservices-303209/internet-banking-utility-payment-service/settings.gradle
2026-01-06 15:50:23,623 - Knowledge - INFO - Fast-tracked /app/data/T0015/303209/b5516nj/internet-banking-concept-microservices-303209/internet-banking-utility-payment-service/src/main/java/com/javatodev/finance/service/UtilityPaymentService.java (small file (2446 bytes))
2026-01-06 15:50:24,039 - Knowledge - INFO - Worker kw16 processing /app/data/T0015/303209/b5516nj/internet-banking-concept-microservices-303209/internet-banking-utility-payment-service/src/main/java/com/javatodev/finance/model/mapper/BaseMapper.java
2026-01-06 15:50:24,077 - Knowledge - INFO - Fast-tracked /app/data/T0015/303209/b5516nj/internet-banking-concept-microservices-303209/internet-banking-utility-payment-service/src/main/java/com/javatodev/finance/model/dto/UtilityPayment.java (ext=.java, size=347)
2026-01-06 15:50:24,155 - Knowledge - INFO - Fast-tracked /app/data/T0015/303209/b5516nj/internet-banking-concept-microservices-303209/internet-banking-utility-payment-service/src/main/java/com/javatodev/finance/exception/ErrorResponse.java (ext=.java, size=219)
2026-01-06 15:50:24,443 - Knowledge - INFO - Worker kw20 processing /app/data/T0015/303209/b5516nj/internet-banking-concept-microservices-303209/internet-banking-api-gateway/src/main/java/com/javatodev/finance/configuration/GatewayConfiguration.java
2026-01-06 15:50:24,444 - Knowledge - INFO - process ingested knowledge for /app/data/T0015/303209/b5516nj/internet-banking-concept-microservices-303209/internet-banking-user-service/src/main/java/com/javatodev/finance/model/rest/response/AccountResponse.java
2026-01-06 15:50:24,445 - Knowledge - INFO - Processing batch of 5 files
2026-01-06 15:50:24,445 - Knowledge - INFO - Processing batch of 5 files
2026-01-06 15:50:24,509 - Knowledge - INFO - Fast-tracked /app/data/T0015/303209/b5516nj/internet-banking-concept-microservices-303209/internet-banking-utility-payment-service/settings.gradle (ext=.gradle, size=62)
2026-01-06 15:50:24,840 - Knowledge - INFO - Fast-tracked /app/data/T0015/303209/b5516nj/internet-banking-concept-microservices-303209/internet-banking-utility-payment-service/src/main/java/com/javatodev/finance/model/mapper/BaseMapper.java (ext=.java, size=1330)
2026-01-06 15:50:24,867 - Knowledge - INFO - Worker kw17 processing /app/data/T0015/303209/b5516nj/internet-banking-concept-microservices-303209/internet-banking-utility-payment-service/src/main/java/com/javatodev/finance/exception/SimpleBankingGlobalException.java
2026-01-06 15:50:24,960 - Knowledge - INFO - Worker kw18 processing /app/data/T0015/303209/b5516nj/internet-banking-concept-microservices-303209/internet-banking-utility-payment-service/src/main/resources/application.yml
2026-01-06 15:50:24,969 - Knowledge - INFO - [LLM_CALL] Completed: UserService.java:chunk1, Duration: 8158ms, PromptTokens: 2618, CompletionTokens: 644, Cost: $0.00052
2026-01-06 15:50:25,093 - Knowledge - INFO - Fast-tracked /app/data/T0015/303209/b5516nj/internet-banking-concept-microservices-303209/internet-banking-api-gateway/src/main/java/com/javatodev/finance/configuration/GatewayConfiguration.java (ext=.java, size=1080)
2026-01-06 15:50:25,279 - Knowledge - INFO - process ingested knowledge for /app/data/T0015/303209/b5516nj/internet-banking-concept-microservices-303209/internet-banking-user-service/src/main/java/com/javatodev/finance/exception/SimpleBankingGlobalException.java
2026-01-06 15:50:25,388 - Knowledge - INFO - process ingested knowledge for /app/data/T0015/303209/b5516nj/internet-banking-concept-microservices-303209/internet-banking-user-service/src/main/java/com/javatodev/finance/model/entity/UserEntity.java
2026-01-06 15:50:25,477 - Knowledge - INFO - Worker kw19 processing /app/data/T0015/303209/b5516nj/internet-banking-concept-microservices-303209/internet-banking-utility-payment-service/build.gradle
2026-01-06 15:50:25,656 - Knowledge - INFO - Fast-tracked /app/data/T0015/303209/b5516nj/internet-banking-concept-microservices-303209/internet-banking-utility-payment-service/src/main/java/com/javatodev/finance/exception/SimpleBankingGlobalException.java (ext=.java, size=423)
2026-01-06 15:50:25,704 - Knowledge - INFO - process ingested knowledge for /app/data/T0015/303209/b5516nj/internet-banking-concept-microservices-303209/internet-banking-user-service/src/main/java/com/javatodev/finance/configuration/CustomFeignErrorDecoder.java
2026-01-06 15:50:25,704 - Knowledge - INFO - process ingested knowledge for /app/data/T0015/303209/b5516nj/internet-banking-concept-microservices-303209/internet-banking-fund-transfer-service/settings.gradle
2026-01-06 15:50:25,704 - Knowledge - INFO - process ingested knowledge for /app/data/T0015/303209/b5516nj/internet-banking-concept-microservices-303209/internet-banking-fund-transfer-service/src/main/java/com/javatodev/finance/exception/GlobalExceptionHandler.java
2026-01-06 15:50:25,785 - Knowledge - INFO - Fast-tracked /app/data/T0015/303209/b5516nj/internet-banking-concept-microservices-303209/internet-banking-utility-payment-service/src/main/resources/application.yml (ext=.yml, size=75)
2026-01-06 15:50:25,864 - Knowledge - INFO - done ingest for /app/data/T0015/303209/b5516nj/internet-banking-concept-microservices-303209/internet-banking-user-service/src/main/java/com/javatodev/finance/service/UserService.java
2026-01-06 15:50:25,966 - Knowledge - INFO - Worker kw20 processing /app/data/T0015/303209/b5516nj/internet-banking-concept-microservices-303209/internet-banking-api-gateway/src/main/java/com/javatodev/finance/InternetBankingApiGatewayApplication.java
2026-01-06 15:50:26,274 - Knowledge - INFO - Fast-tracked /app/data/T0015/303209/b5516nj/internet-banking-concept-microservices-303209/internet-banking-utility-payment-service/build.gradle (ext=.gradle, size=1342)
2026-01-06 15:50:26,516 - Knowledge - INFO - process ingested knowledge for /app/data/T0015/303209/b5516nj/internet-banking-concept-microservices-303209/internet-banking-user-service/src/main/java/com/javatodev/finance/model/rest/response/UserResponse.java
2026-01-06 15:50:26,517 - Knowledge - INFO - Processing batch of 4 files
2026-01-06 15:50:26,518 - Knowledge - INFO - process ingested knowledge for /app/data/T0015/303209/b5516nj/internet-banking-concept-microservices-303209/internet-banking-fund-transfer-service/src/main/java/com/javatodev/finance/model/dto/request/FundTransferRequest.java
2026-01-06 15:50:26,805 - Knowledge - INFO - Worker kw18 processing /app/data/T0015/303209/b5516nj/internet-banking-concept-microservices-303209/internet-banking-utility-payment-service/src/main/resources/bootstrap.yml
2026-01-06 15:50:27,051 - Knowledge - INFO - Fast-tracked /app/data/T0015/303209/b5516nj/internet-banking-concept-microservices-303209/internet-banking-api-gateway/src/main/java/com/javatodev/finance/InternetBankingApiGatewayApplication.java (ext=.java, size=452)
2026-01-06 15:50:27,057 - Knowledge - INFO - Worker kw19 processing /app/data/T0015/303209/b5516nj/internet-banking-concept-microservices-303209/internet-banking-api-gateway/src/test/java/com/javatodev/finance/InternetBankingApiGatewayApplicationTests.java
2026-01-06 15:50:27,211 - Knowledge - INFO - process ingested knowledge for /app/data/T0015/303209/b5516nj/internet-banking-concept-microservices-303209/internet-banking-user-service/src/main/java/com/javatodev/finance/exception/ErrorResponse.java
2026-01-06 15:50:27,420 - Knowledge - INFO - Fast-tracked /app/data/T0015/303209/b5516nj/internet-banking-concept-microservices-303209/internet-banking-utility-payment-service/src/main/resources/bootstrap.yml (ext=.yml, size=62)
2026-01-06 15:50:27,453 - Knowledge - INFO - Worker kw20 processing /app/data/T0015/303209/b5516nj/internet-banking-concept-microservices-303209/internet-banking-api-gateway/src/main/resources/application.yml
2026-01-06 15:50:27,597 - Knowledge - INFO - Fast-tracked /app/data/T0015/303209/b5516nj/internet-banking-concept-microservices-303209/internet-banking-api-gateway/src/test/java/com/javatodev/finance/InternetBankingApiGatewayApplicationTests.java (ext=.java, size=241)
2026-01-06 15:50:27,675 - Knowledge - INFO - process ingested knowledge for /app/data/T0015/303209/b5516nj/internet-banking-concept-microservices-303209/internet-banking-user-service/src/main/java/com/javatodev/finance/exception/GlobalErrorCode.java
2026-01-06 15:50:27,675 - Knowledge - INFO - process ingested knowledge for /app/data/T0015/303209/b5516nj/internet-banking-concept-microservices-303209/internet-banking-user-service/src/main/java/com/javatodev/finance/model/dto/Status.java
2026-01-06 15:50:27,676 - Knowledge - INFO - process ingested knowledge for /app/data/T0015/303209/b5516nj/internet-banking-concept-microservices-303209/internet-banking-user-service/src/main/java/com/javatodev/finance/configuration/KeycloakManager.java
2026-01-06 15:50:27,676 - Knowledge - INFO - Processing batch of 4 files
2026-01-06 15:50:27,676 - Knowledge - INFO - Processing batch of 4 files
2026-01-06 15:50:27,877 - Knowledge - INFO - Worker kw19 processing /app/data/T0015/303209/b5516nj/internet-banking-concept-microservices-303209/internet-banking-api-gateway/src/main/java/com/javatodev/finance/configuration/security/SecurityConfiguration.java
2026-01-06 15:50:27,935 - Knowledge - INFO - Fast-tracked /app/data/T0015/303209/b5516nj/internet-banking-concept-microservices-303209/internet-banking-api-gateway/src/main/resources/application.yml (ext=.yml, size=62)
2026-01-06 15:50:28,214 - Knowledge - INFO - process ingested knowledge for /app/data/T0015/303209/b5516nj/internet-banking-concept-microservices-303209/internet-banking-utility-payment-service/src/main/java/com/javatodev/finance/model/rest/request/UtilityPaymentRequest.java
2026-01-06 15:50:28,293 - Knowledge - INFO - process ingested knowledge for /app/data/T0015/303209/b5516nj/internet-banking-concept-microservices-303209/internet-banking-utility-payment-service/src/main/java/com/javatodev/finance/InternetBankingUtilityPaymentServiceApplication.java
2026-01-06 15:50:28,514 - Knowledge - INFO - Worker kw20 processing /app/data/T0015/303209/b5516nj/internet-banking-concept-microservices-303209/internet-banking-api-gateway/src/main/resources/bootstrap.yml
2026-01-06 15:50:28,576 - Knowledge - INFO - Fast-tracked /app/data/T0015/303209/b5516nj/internet-banking-concept-microservices-303209/internet-banking-api-gateway/src/main/java/com/javatodev/finance/configuration/security/SecurityConfiguration.java (ext=.java, size=1117)
2026-01-06 15:50:28,731 - Knowledge - INFO - process ingested knowledge for /app/data/T0015/303209/b5516nj/internet-banking-concept-microservices-303209/internet-banking-user-service/src/main/java/com/javatodev/finance/model/mapper/BaseMapper.java
2026-01-06 15:50:28,883 - Knowledge - INFO - Fast-tracked /app/data/T0015/303209/b5516nj/internet-banking-concept-microservices-303209/internet-banking-api-gateway/src/main/resources/bootstrap.yml (ext=.yml, size=62)
2026-01-06 15:50:29,901 - Knowledge - INFO - Processing batch of 4 files
2026-01-06 15:50:29,903 - Knowledge - INFO - process ingested knowledge for /app/data/T0015/303209/b5516nj/internet-banking-concept-microservices-303209/internet-banking-fund-transfer-service/build.gradle
2026-01-06 15:50:29,903 - Knowledge - INFO - process ingested knowledge for /app/data/T0015/303209/b5516nj/internet-banking-concept-microservices-303209/internet-banking-utility-payment-service/src/main/java/com/javatodev/finance/model/rest/response/AccountResponse.java
2026-01-06 15:50:29,904 - Knowledge - INFO - process ingested knowledge for /app/data/T0015/303209/b5516nj/internet-banking-concept-microservices-303209/internet-banking-user-service/src/main/java/com/javatodev/finance/exception/EntityNotFoundException.java
2026-01-06 15:50:30,075 - Knowledge - INFO - process ingested knowledge for /app/data/T0015/303209/b5516nj/internet-banking-concept-microservices-303209/internet-banking-utility-payment-service/src/test/resources/application.yml
2026-01-06 15:50:31,213 - Knowledge - INFO - process ingested knowledge for /app/data/T0015/303209/b5516nj/internet-banking-concept-microservices-303209/internet-banking-user-service/src/main/java/com/javatodev/finance/model/mapper/UserMapper.java
2026-01-06 15:50:32,833 - Knowledge - INFO - process ingested knowledge for /app/data/T0015/303209/b5516nj/internet-banking-concept-microservices-303209/internet-banking-user-service/src/main/java/com/javatodev/finance/exception/GlobalExceptionHandler.java
2026-01-06 15:50:32,835 - Knowledge - INFO - process ingested knowledge for /app/data/T0015/303209/b5516nj/internet-banking-concept-microservices-303209/internet-banking-user-service/src/main/java/com/javatodev/finance/model/dto/UserUpdateRequest.java
2026-01-06 15:50:32,835 - Knowledge - INFO - process ingested knowledge for /app/data/T0015/303209/b5516nj/internet-banking-concept-microservices-303209/internet-banking-utility-payment-service/src/main/java/com/javatodev/finance/service/rest/BankingCoreRestClient.java
2026-01-06 15:50:32,835 - Knowledge - INFO - process ingested knowledge for /app/data/T0015/303209/b5516nj/internet-banking-concept-microservices-303209/internet-banking-utility-payment-service/src/main/java/com/javatodev/finance/model/rest/response/UtilityPaymentResponse.java
2026-01-06 15:50:32,836 - Knowledge - INFO - [WEBSOCKET] Sent: Type=progress_update, Size: 271, Duration: 0ms
2026-01-06 15:50:32,836 - Knowledge - INFO - process ingested knowledge for /app/data/T0015/303209/b5516nj/internet-banking-concept-microservices-303209/internet-banking-user-service/src/main/java/com/javatodev/finance/exception/InvalidBankingUserException.java
2026-01-06 15:50:33,386 - Knowledge - INFO - Processing batch of 4 files
2026-01-06 15:50:33,388 - Knowledge - INFO - [WEBSOCKET] Sent: Type=unknown, Size: ?, Duration: 552ms
2026-01-06 15:50:33,616 - Knowledge - INFO - process ingested knowledge for /app/data/T0015/303209/b5516nj/internet-banking-concept-microservices-303209/internet-banking-api-gateway/src/main/java/com/javatodev/finance/configuration/GatewayConfiguration.java
2026-01-06 15:50:33,722 - Knowledge - INFO - Progress: 51.4% | Files: 79/146 | Rate: 1.88 files/sec | Queue: 55
2026-01-06 15:50:37,141 - Knowledge - INFO - Processing batch of 4 files
2026-01-06 15:50:37,142 - Knowledge - INFO - process ingested knowledge for /app/data/T0015/303209/b5516nj/internet-banking-concept-microservices-303209/internet-banking-utility-payment-service/src/main/java/com/javatodev/finance/repository/UtilityPaymentRepository.java
2026-01-06 15:50:37,143 - Knowledge - INFO - [WEBSOCKET] Sent: Type=progress_update, Size: 271, Duration: 0ms
2026-01-06 15:50:37,326 - Knowledge - INFO - process ingested knowledge for /app/data/T0015/303209/b5516nj/internet-banking-concept-microservices-303209/internet-banking-user-service/src/main/resources/bootstrap.yml
2026-01-06 15:50:37,476 - Knowledge - INFO - Processing batch of 5 files
2026-01-06 15:50:37,476 - Knowledge - INFO - [WEBSOCKET] Sent: Type=unknown, Size: ?, Duration: 334ms
2026-01-06 15:50:37,678 - Knowledge - INFO - process ingested knowledge for /app/data/T0015/303209/b5516nj/internet-banking-concept-microservices-303209/internet-banking-user-service/src/main/java/com/javatodev/finance/configuration/CustomFeignClientConfiguration.java
2026-01-06 15:50:37,853 - Knowledge - INFO - Progress: 55.5% | Files: 84/146 | Rate: 2.06 files/sec | Queue: 55
2026-01-06 15:50:39,048 - Knowledge - INFO - process ingested knowledge for /app/data/T0015/303209/b5516nj/internet-banking-concept-microservices-303209/internet-banking-utility-payment-service/src/main/java/com/javatodev/finance/model/mapper/BaseMapper.java
2026-01-06 15:50:39,049 - Knowledge - INFO - process ingested knowledge for /app/data/T0015/303209/b5516nj/internet-banking-concept-microservices-303209/internet-banking-user-service/src/main/resources/application.yml
2026-01-06 15:50:39,049 - Knowledge - INFO - [kw1] Queue=55, InProgress=0, PendingWorkers=20/20, Completed=84/146 (57.5%)
2026-01-06 15:50:39,419 - Knowledge - INFO - Batch sizing: calculated=4, max_allowed=10, queue=55, active_workers=20/20
2026-01-06 15:50:40,824 - Knowledge - INFO - Processing batch of 4 files
2026-01-06 15:50:40,997 - Knowledge - INFO - process ingested knowledge for /app/data/T0015/303209/b5516nj/internet-banking-concept-microservices-303209/internet-banking-utility-payment-service/src/main/java/com/javatodev/finance/model/mapper/UtilityPaymentMapper.java
2026-01-06 15:50:42,224 - Knowledge - INFO - process ingested knowledge for /app/data/T0015/303209/b5516nj/internet-banking-concept-microservices-303209/internet-banking-user-service/src/main/java/com/javatodev/finance/exception/InvalidEmailException.java
2026-01-06 15:50:42,225 - Knowledge - INFO - process ingested knowledge for /app/data/T0015/303209/b5516nj/internet-banking-concept-microservices-303209/internet-banking-utility-payment-service/src/main/java/com/javatodev/finance/service/UtilityPaymentService.java
2026-01-06 15:50:42,225 - Knowledge - INFO - process ingested knowledge for /app/data/T0015/303209/b5516nj/internet-banking-concept-microservices-303209/internet-banking-utility-payment-service/src/main/java/com/javatodev/finance/configuration/CustomFeignClientConfiguration.java
2026-01-06 15:50:42,225 - Knowledge - INFO - process ingested knowledge for /app/data/T0015/303209/b5516nj/internet-banking-concept-microservices-303209/internet-banking-user-service/src/main/java/com/javatodev/finance/controller/UserController.java
2026-01-06 15:50:42,226 - Knowledge - INFO - [kw2] Queue=55, InProgress=0, PendingWorkers=20/20, Completed=87/146 (59.6%)
2026-01-06 15:50:42,792 - Knowledge - INFO - Batch sizing: calculated=4, max_allowed=10, queue=55, active_workers=20/20
2026-01-06 15:50:44,183 - Knowledge - INFO - Processing batch of 4 files
2026-01-06 15:50:44,331 - Knowledge - INFO - process ingested knowledge for /app/data/T0015/303209/b5516nj/internet-banking-concept-microservices-303209/internet-banking-utility-payment-service/settings.gradle
2026-01-06 15:50:45,789 - Knowledge - INFO - process ingested knowledge for /app/data/T0015/303209/b5516nj/internet-banking-concept-microservices-303209/internet-banking-utility-payment-service/src/main/java/com/javatodev/finance/model/entity/UtilityPaymentEntity.java
2026-01-06 15:50:45,791 - Knowledge - INFO - process ingested knowledge for /app/data/T0015/303209/b5516nj/internet-banking-concept-microservices-303209/internet-banking-user-service/src/main/java/com/javatodev/finance/model/dto/User.java
2026-01-06 15:50:45,792 - Knowledge - INFO - process ingested knowledge for /app/data/T0015/303209/b5516nj/internet-banking-concept-microservices-303209/internet-banking-user-service/settings.gradle
2026-01-06 15:50:45,792 - Knowledge - INFO - Processing batch of 4 files
2026-01-06 15:50:46,294 - Knowledge - INFO - process ingested knowledge for /app/data/T0015/303209/b5516nj/internet-banking-concept-microservices-303209/internet-banking-utility-payment-service/src/main/java/com/javatodev/finance/exception/GlobalExceptionHandler.java
2026-01-06 15:50:52,679 - Knowledge - INFO - process ingested knowledge for /app/data/T0015/303209/b5516nj/internet-banking-concept-microservices-303209/internet-banking-user-service/src/main/java/com/javatodev/finance/exception/UserAlreadyRegisteredException.java
2026-01-06 15:50:52,681 - Knowledge - INFO - process ingested knowledge for /app/data/T0015/303209/b5516nj/internet-banking-concept-microservices-303209/internet-banking-utility-payment-service/src/main/java/com/javatodev/finance/model/TransactionStatus.java
2026-01-06 15:50:52,685 - Knowledge - INFO - process ingested knowledge for /app/data/T0015/303209/b5516nj/internet-banking-concept-microservices-303209/internet-banking-user-service/src/main/java/com/javatodev/finance/service/UserService.java
2026-01-06 15:50:52,685 - Knowledge - INFO - Async storing batch of 5 embeddings
2026-01-06 15:50:53,115 - Knowledge - INFO - Worker kw2 processing /app/data/T0015/303209/b5516nj/internet-banking-concept-microservices-303209/internet-banking-api-gateway/settings.gradle
2026-01-06 15:50:53,437 - Knowledge - INFO - Fast-tracked /app/data/T0015/303209/b5516nj/internet-banking-concept-microservices-303209/internet-banking-api-gateway/settings.gradle (ext=.gradle, size=50)
2026-01-06 15:50:53,640 - Knowledge - INFO - Worker kw2 processing /app/data/T0015/303209/b5516nj/internet-banking-concept-microservices-303209/internet-banking-api-gateway/build.gradle
2026-01-06 15:50:53,843 - Knowledge - INFO - Fast-tracked /app/data/T0015/303209/b5516nj/internet-banking-concept-microservices-303209/internet-banking-api-gateway/build.gradle (ext=.gradle, size=1380)
2026-01-06 15:50:54,036 - Knowledge - INFO - Worker kw2 processing /app/data/T0015/303209/b5516nj/internet-banking-concept-microservices-303209/core-banking-service/src/test/java/com/javatodev/finance/CoreBankingServiceApplicationTests.java
2026-01-06 15:50:54,396 - Knowledge - INFO - Fast-tracked /app/data/T0015/303209/b5516nj/internet-banking-concept-microservices-303209/core-banking-service/src/test/java/com/javatodev/finance/CoreBankingServiceApplicationTests.java (ext=.java, size=234)
2026-01-06 15:50:54,544 - Knowledge - INFO - Worker kw2 processing /app/data/T0015/303209/b5516nj/internet-banking-concept-microservices-303209/core-banking-service/src/test/resources/application.yml
2026-01-06 15:50:54,999 - Knowledge - INFO - Fast-tracked /app/data/T0015/303209/b5516nj/internet-banking-concept-microservices-303209/core-banking-service/src/test/resources/application.yml (ext=.yml, size=473)
2026-01-06 15:50:55,172 - Knowledge - INFO - Async storage completed for 5 embeddings
2026-01-06 15:51:00,024 - Knowledge - INFO - process ingested knowledge for /app/data/T0015/303209/b5516nj/internet-banking-concept-microservices-303209/internet-banking-api-gateway/src/main/java/com/javatodev/finance/InternetBankingApiGatewayApplication.java
2026-01-06 15:51:06,195 - Knowledge - INFO - process ingested knowledge for /app/data/T0015/303209/b5516nj/internet-banking-concept-microservices-303209/internet-banking-utility-payment-service/src/main/java/com/javatodev/finance/model/dto/UtilityPayment.java
2026-01-06 15:51:06,197 - Knowledge - INFO - process ingested knowledge for /app/data/T0015/303209/b5516nj/internet-banking-concept-microservices-303209/internet-banking-user-service/src/main/java/com/javatodev/finance/InternetBankingUserServiceApplication.java
2026-01-06 15:51:18,422 - Knowledge - INFO - process ingested knowledge for /app/data/T0015/303209/b5516nj/internet-banking-concept-microservices-303209/internet-banking-utility-payment-service/src/main/java/com/javatodev/finance/controller/UtilityPaymentController.java
2026-01-06 15:51:23,455 - Knowledge - INFO - Processing batch of 4 files
2026-01-06 15:51:23,636 - Knowledge - INFO - process ingested knowledge for /app/data/T0015/303209/b5516nj/internet-banking-concept-microservices-303209/internet-banking-api-gateway/settings.gradle
2026-01-06 15:51:24,652 - Knowledge - INFO - process ingested knowledge for /app/data/T0015/303209/b5516nj/internet-banking-concept-microservices-303209/internet-banking-utility-payment-service/src/main/java/com/javatodev/finance/exception/ErrorResponse.java
2026-01-06 15:51:26,338 - Knowledge - INFO - process ingested knowledge for /app/data/T0015/303209/b5516nj/internet-banking-concept-microservices-303209/internet-banking-utility-payment-service/src/main/java/com/javatodev/finance/exception/SimpleBankingGlobalException.java
2026-01-06 15:51:26,562 - Knowledge - INFO - process ingested knowledge for /app/data/T0015/303209/b5516nj/internet-banking-concept-microservices-303209/internet-banking-user-service/src/main/java/com/javatodev/finance/service/rest/BankingCoreRestClient.java
2026-01-06 15:51:26,683 - Knowledge - INFO - Async storing batch of 5 embeddings
2026-01-06 15:51:26,684 - Knowledge - INFO - process ingested knowledge for /app/data/T0015/303209/b5516nj/internet-banking-concept-microservices-303209/internet-banking-api-gateway/src/main/resources/application.yml
2026-01-06 15:51:26,685 - Knowledge - INFO - process ingested knowledge for /app/data/T0015/303209/b5516nj/internet-banking-concept-microservices-303209/internet-banking-user-service/build.gradle
2026-01-06 15:51:26,685 - Knowledge - INFO - process ingested knowledge for /app/data/T0015/303209/b5516nj/internet-banking-concept-microservices-303209/internet-banking-utility-payment-service/src/main/resources/application.yml
2026-01-06 15:51:26,759 - Knowledge - INFO - process ingested knowledge for /app/data/T0015/303209/b5516nj/internet-banking-concept-microservices-303209/internet-banking-utility-payment-service/build.gradle
2026-01-06 15:51:26,842 - Knowledge - INFO - Worker kw1 processing /app/data/T0015/303209/b5516nj/internet-banking-concept-microservices-303209/core-banking-service/src/main/java/com/javatodev/finance/repository/TransactionRepository.java
2026-01-06 15:51:27,044 - Knowledge - INFO - [WEBSOCKET] Sent: Type=progress_update, Size: 271, Duration: 0ms
2026-01-06 15:51:27,186 - Knowledge - INFO - process ingested knowledge for /app/data/T0015/303209/b5516nj/internet-banking-concept-microservices-303209/internet-banking-api-gateway/build.gradle
2026-01-06 15:51:27,349 - Knowledge - INFO - Fast-tracked /app/data/T0015/303209/b5516nj/internet-banking-concept-microservices-303209/core-banking-service/src/main/java/com/javatodev/finance/repository/TransactionRepository.java (ext=.java, size=256)
2026-01-06 15:51:27,446 - Knowledge - INFO - process ingested knowledge for /app/data/T0015/303209/b5516nj/internet-banking-concept-microservices-303209/internet-banking-api-gateway/src/main/resources/bootstrap.yml
2026-01-06 15:51:27,450 - Knowledge - INFO - [WEBSOCKET] Sent: Type=unknown, Size: ?, Duration: 406ms
2026-01-06 15:51:27,576 - Knowledge - INFO - process ingested knowledge for /app/data/T0015/303209/b5516nj/internet-banking-concept-microservices-303209/internet-banking-utility-payment-service/src/test/java/com/javatodev/finance/InternetBankingUtilityPaymentServiceApplicationTests.java
2026-01-06 15:51:27,576 - Knowledge - INFO - process ingested knowledge for /app/data/T0015/303209/b5516nj/internet-banking-concept-microservices-303209/internet-banking-utility-payment-service/src/main/resources/bootstrap.yml
2026-01-06 15:51:27,673 - Knowledge - INFO - Worker kw1 processing /app/data/T0015/303209/b5516nj/internet-banking-concept-microservices-303209/core-banking-service/src/main/java/com/javatodev/finance/repository/UtilityAccountRepository.java
2026-01-06 15:51:27,741 - Knowledge - INFO - process ingested knowledge for /app/data/T0015/303209/b5516nj/internet-banking-concept-microservices-303209/internet-banking-api-gateway/src/test/java/com/javatodev/finance/InternetBankingApiGatewayApplicationTests.java
2026-01-06 15:51:27,856 - Knowledge - INFO - Progress: 65.1% | Files: 95/146 | Rate: 0.97 files/sec | Queue: 47
2026-01-06 15:51:28,056 - Knowledge - INFO - [kw16] Queue=47, InProgress=0, PendingWorkers=20/20, Completed=95/146 (65.1%)
2026-01-06 15:51:28,057 - Knowledge - INFO - [kw12] Queue=47, InProgress=0, PendingWorkers=20/20, Completed=95/146 (65.1%)
2026-01-06 15:51:28,121 - Knowledge - INFO - Fast-tracked /app/data/T0015/303209/b5516nj/internet-banking-concept-microservices-303209/core-banking-service/src/main/java/com/javatodev/finance/repository/UtilityAccountRepository.java (ext=.java, size=366)
2026-01-06 15:51:28,148 - Knowledge - INFO - process ingested knowledge for /app/data/T0015/303209/b5516nj/internet-banking-concept-microservices-303209/internet-banking-user-service/src/main/java/com/javatodev/finance/service/KeycloakUserService.java
2026-01-06 15:51:28,148 - Knowledge - INFO - [kw3] Queue=47, InProgress=0, PendingWorkers=20/20, Completed=95/146 (65.1%)
2026-01-06 15:51:28,233 - Knowledge - INFO - [kw7] Queue=47, InProgress=0, PendingWorkers=20/20, Completed=95/146 (65.1%)
2026-01-06 15:51:28,233 - Knowledge - INFO - [kw9] Queue=47, InProgress=0, PendingWorkers=20/20, Completed=95/146 (65.1%)
2026-01-06 15:51:28,309 - Knowledge - INFO - process ingested knowledge for /app/data/T0015/303209/b5516nj/internet-banking-concept-microservices-303209/core-banking-service/src/test/java/com/javatodev/finance/CoreBankingServiceApplicationTests.java
2026-01-06 15:51:28,427 - Knowledge - INFO - Batch sizing: calculated=4, max_allowed=10, queue=47, active_workers=20/20
2026-01-06 15:51:28,496 - Knowledge - INFO - Batch sizing: calculated=4, max_allowed=10, queue=47, active_workers=20/20
2026-01-06 15:51:28,512 - Knowledge - INFO - process ingested knowledge for /app/data/T0015/303209/b5516nj/internet-banking-concept-microservices-303209/internet-banking-api-gateway/src/main/java/com/javatodev/finance/configuration/security/SecurityConfiguration.java
2026-01-06 15:51:28,607 - Knowledge - INFO - Worker kw1 processing /app/data/T0015/303209/b5516nj/internet-banking-concept-microservices-303209/core-banking-service/src/main/java/com/javatodev/finance/repository/BankAccountRepository.java
2026-01-06 15:51:28,662 - Knowledge - INFO - [kw4] Queue=47, InProgress=0, PendingWorkers=20/20, Completed=95/146 (65.1%)
2026-01-06 15:51:28,662 - Knowledge - INFO - [kw5] Queue=47, InProgress=0, PendingWorkers=20/20, Completed=95/146 (65.1%)
2026-01-06 15:51:28,774 - Knowledge - INFO - Batch sizing: calculated=4, max_allowed=10, queue=47, active_workers=20/20
2026-01-06 15:51:28,859 - Knowledge - INFO - Batch sizing: calculated=4, max_allowed=10, queue=47, active_workers=20/20
2026-01-06 15:51:28,959 - Knowledge - INFO - Batch sizing: calculated=4, max_allowed=10, queue=47, active_workers=20/20
2026-01-06 15:51:29,017 - Knowledge - INFO - [kw15] Queue=47, InProgress=0, PendingWorkers=20/20, Completed=95/146 (65.1%)
2026-01-06 15:51:29,393 - Knowledge - INFO - [kw11] Queue=47, InProgress=0, PendingWorkers=20/20, Completed=95/146 (65.1%)
2026-01-06 15:51:29,410 - Knowledge - INFO - Fast-tracked /app/data/T0015/303209/b5516nj/internet-banking-concept-microservices-303209/core-banking-service/src/main/java/com/javatodev/finance/repository/BankAccountRepository.java (ext=.java, size=353)
2026-01-06 15:51:29,482 - Knowledge - INFO - process ingested knowledge for /app/data/T0015/303209/b5516nj/internet-banking-concept-microservices-303209/core-banking-service/src/test/resources/application.yml
2026-01-06 15:51:29,517 - Knowledge - INFO - Batch sizing: calculated=4, max_allowed=10, queue=47, active_workers=20/20
2026-01-06 15:51:29,556 - Knowledge - INFO - [kw14] Queue=47, InProgress=0, PendingWorkers=20/20, Completed=95/146 (65.1%)
2026-01-06 15:51:29,557 - Knowledge - INFO - Async storing batch of 4 embeddings
2026-01-06 15:51:29,628 - Knowledge - INFO - Batch sizing: calculated=4, max_allowed=10, queue=47, active_workers=20/20
2026-01-06 15:51:29,885 - Knowledge - INFO - Async storing batch of 4 embeddings
2026-01-06 15:51:30,041 - Knowledge - INFO - Batch sizing: calculated=4, max_allowed=10, queue=47, active_workers=20/20
2026-01-06 15:51:30,108 - Knowledge - INFO - [kw6] Queue=39, InProgress=0, PendingWorkers=20/20, Completed=95/146 (65.1%)
2026-01-06 15:51:30,155 - Knowledge - INFO - Batch sizing: calculated=4, max_allowed=10, queue=47, active_workers=20/20
2026-01-06 15:51:30,250 - Knowledge - INFO - Worker kw1 processing /app/data/T0015/303209/b5516nj/internet-banking-concept-microservices-303209/core-banking-service/src/main/java/com/javatodev/finance/repository/UserRepository.java
2026-01-06 15:51:30,296 - Knowledge - INFO - Async storing batch of 5 embeddings
2026-01-06 15:51:30,408 - Knowledge - INFO - Async storing batch of 5 embeddings
2026-01-06 15:51:30,408 - Knowledge - INFO - [kw10] Queue=31, InProgress=0, PendingWorkers=20/20, Completed=95/146 (65.1%)
2026-01-06 15:51:30,462 - Knowledge - INFO - Async storing batch of 5 embeddings
2026-01-06 15:51:30,536 - Knowledge - INFO - [kw17] Queue=27, InProgress=0, PendingWorkers=20/20, Completed=95/146 (65.1%)
2026-01-06 15:51:30,537 - Knowledge - INFO - Batch sizing: calculated=4, max_allowed=10, queue=47, active_workers=20/20
2026-01-06 15:51:30,653 - Knowledge - INFO - Worker kw16 processing /app/data/T0015/303209/b5516nj/internet-banking-concept-microservices-303209/core-banking-service/src/main/java/com/javatodev/finance/CoreBankingServiceApplication.java
2026-01-06 15:51:30,672 - Knowledge - INFO - Async storing batch of 5 embeddings
2026-01-06 15:51:30,806 - Knowledge - INFO - Worker kw12 processing /app/data/T0015/303209/b5516nj/internet-banking-concept-microservices-303209/core-banking-service/src/main/java/com/javatodev/finance/service/UserService.java
2026-01-06 15:51:30,958 - Knowledge - INFO - Batch sizing: calculated=4, max_allowed=10, queue=39, active_workers=20/20
2026-01-06 15:51:31,027 - Knowledge - INFO - [kw20] Queue=23, InProgress=0, PendingWorkers=20/20, Completed=95/146 (65.1%)
2026-01-06 15:51:31,028 - Knowledge - INFO - Async storing batch of 5 embeddings
2026-01-06 15:51:31,028 - Knowledge - INFO - Async storing batch of 4 embeddings
2026-01-06 15:51:31,110 - Knowledge - INFO - [kw13] Queue=15, InProgress=0, PendingWorkers=20/20, Completed=95/146 (65.1%)
2026-01-06 15:51:31,110 - Knowledge - INFO - [kw18] Queue=15, InProgress=0, PendingWorkers=20/20, Completed=95/146 (65.1%)
2026-01-06 15:51:31,130 - Knowledge - INFO - Fast-tracked /app/data/T0015/303209/b5516nj/internet-banking-concept-microservices-303209/core-banking-service/src/main/java/com/javatodev/finance/repository/UserRepository.java (ext=.java, size=346)
2026-01-06 15:51:31,184 - Knowledge - INFO - Async storing batch of 5 embeddings
2026-01-06 15:51:31,221 - Knowledge - INFO - Worker kw9 processing /app/data/T0015/303209/b5516nj/internet-banking-concept-microservices-303209/core-banking-service/src/main/java/com/javatodev/finance/model/AccountStatus.java
2026-01-06 15:51:31,272 - Knowledge - INFO - [kw8] Queue=11, InProgress=0, PendingWorkers=20/20, Completed=95/146 (65.1%)
2026-01-06 15:51:31,272 - Knowledge - INFO - [kw19] Queue=11, InProgress=0, PendingWorkers=20/20, Completed=95/146 (65.1%)
2026-01-06 15:51:31,299 - Knowledge - INFO - Worker kw3 processing /app/data/T0015/303209/b5516nj/internet-banking-concept-microservices-303209/core-banking-service/src/main/java/com/javatodev/finance/model/mapper/BankAccountMapper.java
2026-01-06 15:51:31,412 - Knowledge - INFO - Batch sizing: calculated=4, max_allowed=10, queue=31, active_workers=20/20
2026-01-06 15:51:31,484 - Knowledge - INFO - [kw2] Queue=11, InProgress=0, PendingWorkers=20/20, Completed=95/146 (65.1%)
2026-01-06 15:51:31,494 - Knowledge - INFO - Worker kw7 processing /app/data/T0015/303209/b5516nj/internet-banking-concept-microservices-303209/core-banking-service/src/main/java/com/javatodev/finance/model/entity/TransactionEntity.java
2026-01-06 15:51:31,588 - Knowledge - INFO - Batch sizing: calculated=4, max_allowed=10, queue=27, active_workers=20/20
2026-01-06 15:51:31,670 - Knowledge - INFO - Async storing batch of 4 embeddings
2026-01-06 15:51:31,746 - Knowledge - INFO - Fast-tracked /app/data/T0015/303209/b5516nj/internet-banking-concept-microservices-303209/core-banking-service/src/main/java/com/javatodev/finance/CoreBankingServiceApplication.java (ext=.java, size=438)
2026-01-06 15:51:31,828 - Knowledge - INFO - Worker kw4 processing /app/data/T0015/303209/b5516nj/internet-banking-concept-microservices-303209/core-banking-service/src/main/java/com/javatodev/finance/model/dto/request/UtilityPaymentRequest.java
2026-01-06 15:51:31,909 - Knowledge - INFO - Fast-tracked /app/data/T0015/303209/b5516nj/internet-banking-concept-microservices-303209/core-banking-service/src/main/java/com/javatodev/finance/service/UserService.java (ext=.java, size=1034)
2026-01-06 15:51:32,018 - Knowledge - INFO - Async storing batch of 5 embeddings
2026-01-06 15:51:32,107 - Knowledge - INFO - Batch sizing: calculated=4, max_allowed=10, queue=23, active_workers=20/20
2026-01-06 15:51:32,200 - Knowledge - INFO - Worker kw5 processing /app/data/T0015/303209/b5516nj/internet-banking-concept-microservices-303209/core-banking-service/src/main/java/com/javatodev/finance/model/dto/response/UtilityPaymentResponse.java
2026-01-06 15:51:32,310 - Knowledge - INFO - Worker kw15 processing /app/data/T0015/303209/b5516nj/internet-banking-concept-microservices-303209/core-banking-service/src/main/java/com/javatodev/finance/exception/InsufficientFundsException.java
2026-01-06 15:51:32,418 - Knowledge - INFO - Batch sizing: calculated=4, max_allowed=10, queue=15, active_workers=20/20
2026-01-06 15:51:32,491 - Knowledge - INFO - Batch sizing: calculated=4, max_allowed=10, queue=15, active_workers=20/20
2026-01-06 15:51:32,603 - Knowledge - INFO - Async storage completed for 5 embeddings
2026-01-06 15:51:32,672 - Knowledge - INFO - Worker kw11 processing /app/data/T0015/303209/b5516nj/internet-banking-concept-microservices-303209/core-banking-service/src/main/resources/application.yml
2026-01-06 15:51:32,758 - Knowledge - INFO - Fast-tracked /app/data/T0015/303209/b5516nj/internet-banking-concept-microservices-303209/core-banking-service/src/main/java/com/javatodev/finance/model/AccountStatus.java (ext=.java, size=103)
2026-01-06 15:51:32,821 - Knowledge - INFO - Batch sizing: calculated=4, max_allowed=10, queue=11, active_workers=20/20
2026-01-06 15:51:32,934 - Knowledge - INFO - Batch sizing: calculated=4, max_allowed=10, queue=11, active_workers=20/20
2026-01-06 15:51:33,024 - Knowledge - INFO - Fast-tracked /app/data/T0015/303209/b5516nj/internet-banking-concept-microservices-303209/core-banking-service/src/main/java/com/javatodev/finance/model/mapper/BankAccountMapper.java (ext=.java, size=834)
2026-01-06 15:51:33,134 - Knowledge - INFO - Async storing batch of 5 embeddings
2026-01-06 15:51:33,209 - Knowledge - INFO - Batch sizing: calculated=4, max_allowed=10, queue=11, active_workers=20/20
2026-01-06 15:51:33,293 - Knowledge - INFO - Fast-tracked /app/data/T0015/303209/b5516nj/internet-banking-concept-microservices-303209/core-banking-service/src/main/java/com/javatodev/finance/model/entity/TransactionEntity.java (ext=.java, size=750)
2026-01-06 15:51:33,500 - Knowledge - INFO - Worker kw14 processing /app/data/T0015/303209/b5516nj/internet-banking-concept-microservices-303209/core-banking-service/src/main/resources/bootstrap.yml
2026-01-06 15:51:33,613 - Knowledge - INFO - Worker kw16 processing /app/data/T0015/303209/b5516nj/internet-banking-concept-microservices-303209/core-banking-service/src/main/java/com/javatodev/finance/controller/TransactionController.java
2026-01-06 15:51:33,749 - Knowledge - INFO - Fast-tracked /app/data/T0015/303209/b5516nj/internet-banking-concept-microservices-303209/core-banking-service/src/main/java/com/javatodev/finance/model/dto/request/UtilityPaymentRequest.java (ext=.java, size=272)
2026-01-06 15:51:33,855 - Knowledge - INFO - Worker kw12 processing /app/data/T0015/303209/b5516nj/internet-banking-concept-microservices-303209/core-banking-service/src/main/java/com/javatodev/finance/service/AccountService.java
2026-01-06 15:51:33,986 - Knowledge - INFO - Worker kw6 processing /app/data/T0015/303209/b5516nj/internet-banking-concept-microservices-303209/postman_collection/BANKING_CORE_MICROSERVICES_PROJECT.postman_environment.json
2026-01-06 15:51:34,178 - Knowledge - INFO - Fast-tracked /app/data/T0015/303209/b5516nj/internet-banking-concept-microservices-303209/core-banking-service/src/main/java/com/javatodev/finance/model/dto/response/UtilityPaymentResponse.java (ext=.java, size=246)
2026-01-06 15:51:34,259 - Knowledge - INFO - Fast-tracked /app/data/T0015/303209/b5516nj/internet-banking-concept-microservices-303209/core-banking-service/src/main/java/com/javatodev/finance/exception/InsufficientFundsException.java (ext=.java, size=228)
2026-01-06 15:51:34,513 - Knowledge - INFO - Processing batch of 4 files
2026-01-06 15:51:34,603 - Knowledge - INFO - Fast-tracked /app/data/T0015/303209/b5516nj/internet-banking-concept-microservices-303209/core-banking-service/src/main/resources/application.yml (ext=.yml, size=54)
2026-01-06 15:51:34,666 - Knowledge - INFO - Worker kw9 processing /app/data/T0015/303209/b5516nj/internet-banking-concept-microservices-303209/core-banking-service/src/main/java/com/javatodev/finance/model/mapper/BaseMapper.java
2026-01-06 15:51:34,793 - Knowledge - INFO - [WEBSOCKET] Sent: Type=progress_update, Size: 271, Duration: 0ms
2026-01-06 15:51:34,984 - Knowledge - INFO - Worker kw3 processing /app/data/T0015/303209/b5516nj/internet-banking-concept-microservices-303209/core-banking-service/src/main/java/com/javatodev/finance/model/entity/UserEntity.java
2026-01-06 15:51:35,081 - Knowledge - INFO - Worker kw10 processing /app/data/T0015/303209/b5516nj/internet-banking-concept-microservices-303209/internet-banking-config-server/src/main/resources/application.yml
2026-01-06 15:51:35,252 - Knowledge - INFO - Worker kw7 processing /app/data/T0015/303209/b5516nj/internet-banking-concept-microservices-303209/core-banking-service/src/main/java/com/javatodev/finance/model/dto/Transaction.java
2026-01-06 15:51:35,326 - Knowledge - INFO - Fast-tracked /app/data/T0015/303209/b5516nj/internet-banking-concept-microservices-303209/core-banking-service/src/main/resources/bootstrap.yml (ext=.yml, size=62)
2026-01-06 15:51:35,423 - Knowledge - INFO - Fast-tracked /app/data/T0015/303209/b5516nj/internet-banking-concept-microservices-303209/core-banking-service/src/main/java/com/javatodev/finance/controller/TransactionController.java (ext=.java, size=1456)
2026-01-06 15:51:35,496 - Knowledge - INFO - Worker kw4 processing /app/data/T0015/303209/b5516nj/internet-banking-concept-microservices-303209/core-banking-service/src/main/java/com/javatodev/finance/model/dto/request/FundTransferRequest.java
2026-01-06 15:51:35,587 - Knowledge - INFO - Fast-tracked /app/data/T0015/303209/b5516nj/internet-banking-concept-microservices-303209/core-banking-service/src/main/java/com/javatodev/finance/service/AccountService.java (ext=.java, size=1775)
2026-01-06 15:51:35,675 - Knowledge - INFO - Fast-tracked /app/data/T0015/303209/b5516nj/internet-banking-concept-microservices-303209/postman_collection/BANKING_CORE_MICROSERVICES_PROJECT.postman_environment.json (ext=.json, size=762)
2026-01-06 15:51:35,744 - Knowledge - INFO - Worker kw5 processing /app/data/T0015/303209/b5516nj/internet-banking-concept-microservices-303209/core-banking-service/src/main/java/com/javatodev/finance/model/AccountType.java
2026-01-06 15:51:35,837 - Knowledge - INFO - Worker kw15 processing /app/data/T0015/303209/b5516nj/internet-banking-concept-microservices-303209/core-banking-service/src/main/java/com/javatodev/finance/exception/GlobalExceptionHandler.java
2026-01-06 15:51:35,951 - Knowledge - INFO - process ingested knowledge for /app/data/T0015/303209/b5516nj/internet-banking-concept-microservices-303209/core-banking-service/src/main/java/com/javatodev/finance/repository/TransactionRepository.java
2026-01-06 15:51:36,025 - Knowledge - INFO - Worker kw11 processing /app/data/T0015/303209/b5516nj/internet-banking-concept-microservices-303209/core-banking-service/src/main/resources/db/migration/V1.0.20210429210839__create_transaction_table.sql
2026-01-06 15:51:36,112 - Knowledge - INFO - Fast-tracked /app/data/T0015/303209/b5516nj/internet-banking-concept-microservices-303209/core-banking-service/src/main/java/com/javatodev/finance/model/mapper/BaseMapper.java (ext=.java, size=1330)
2026-01-06 15:51:36,215 - Knowledge - INFO - [WEBSOCKET] Sent: Type=unknown, Size: ?, Duration: 1422ms
2026-01-06 15:51:36,342 - Knowledge - INFO - Fast-tracked /app/data/T0015/303209/b5516nj/internet-banking-concept-microservices-303209/core-banking-service/src/main/java/com/javatodev/finance/model/entity/UserEntity.java (ext=.java, size=574)
2026-01-06 15:51:36,469 - Knowledge - INFO - Fast-tracked /app/data/T0015/303209/b5516nj/internet-banking-concept-microservices-303209/internet-banking-config-server/src/main/resources/application.yml (ext=.yml, size=225)
2026-01-06 15:51:36,546 - Knowledge - INFO - Fast-tracked /app/data/T0015/303209/b5516nj/internet-banking-concept-microservices-303209/core-banking-service/src/main/java/com/javatodev/finance/model/dto/Transaction.java (ext=.java, size=255)
2026-01-06 15:51:36,618 - Knowledge - INFO - Worker kw14 processing /app/data/T0015/303209/b5516nj/internet-banking-concept-microservices-303209/core-banking-service/settings.gradle
2026-01-06 15:51:36,699 - Knowledge - INFO - Worker kw16 processing /app/data/T0015/303209/b5516nj/internet-banking-concept-microservices-303209/core-banking-service/src/main/java/com/javatodev/finance/controller/AccountController.java
2026-01-06 15:51:36,779 - Knowledge - INFO - Fast-tracked /app/data/T0015/303209/b5516nj/internet-banking-concept-microservices-303209/core-banking-service/src/main/java/com/javatodev/finance/model/dto/request/FundTransferRequest.java (ext=.java, size=237)
2026-01-06 15:51:36,876 - Knowledge - INFO - Worker kw12 processing /app/data/T0015/303209/b5516nj/internet-banking-concept-microservices-303209/core-banking-service/src/main/java/com/javatodev/finance/service/TransactionService.java
2026-01-06 15:51:36,986 - Knowledge - INFO - Worker kw6 processing /app/data/T0015/303209/b5516nj/internet-banking-concept-microservices-303209/README.md
2026-01-06 15:51:37,089 - Knowledge - INFO - Fast-tracked /app/data/T0015/303209/b5516nj/internet-banking-concept-microservices-303209/core-banking-service/src/main/java/com/javatodev/finance/model/AccountType.java (ext=.java, size=115)
2026-01-06 15:51:37,180 - Knowledge - INFO - Fast-tracked /app/data/T0015/303209/b5516nj/internet-banking-concept-microservices-303209/core-banking-service/src/main/java/com/javatodev/finance/exception/GlobalExceptionHandler.java (ext=.java, size=1158)
2026-01-06 15:51:37,292 - Knowledge - INFO - process ingested knowledge for /app/data/T0015/303209/b5516nj/internet-banking-concept-microservices-303209/core-banking-service/src/main/java/com/javatodev/finance/repository/UtilityAccountRepository.java
2026-01-06 15:51:37,408 - Knowledge - INFO - Fast-tracked /app/data/T0015/303209/b5516nj/internet-banking-concept-microservices-303209/core-banking-service/src/main/resources/db/migration/V1.0.20210429210839__create_transaction_table.sql (ext=.sql, size=605)
2026-01-06 15:51:37,484 - Knowledge - INFO - Worker kw9 processing /app/data/T0015/303209/b5516nj/internet-banking-concept-microservices-303209/core-banking-service/src/main/java/com/javatodev/finance/model/mapper/UserMapper.java
2026-01-06 15:51:37,575 - Knowledge - INFO - Progress: 67.8% | Files: 99/146 | Rate: 0.93 files/sec | Queue: 0
2026-01-06 15:51:37,657 - Knowledge - INFO - Worker kw3 processing /app/data/T0015/303209/b5516nj/internet-banking-concept-microservices-303209/core-banking-service/src/main/java/com/javatodev/finance/model/entity/BankAccountEntity.java
2026-01-06 15:51:37,732 - Knowledge - INFO - Worker kw10 processing /app/data/T0015/303209/b5516nj/internet-banking-concept-microservices-303209/internet-banking-config-server/settings.gradle
2026-01-06 15:51:37,812 - Knowledge - INFO - Worker kw7 processing /app/data/T0015/303209/b5516nj/internet-banking-concept-microservices-303209/core-banking-service/src/main/java/com/javatodev/finance/model/dto/UtilityAccount.java
2026-01-06 15:51:37,925 - Knowledge - INFO - Fast-tracked /app/data/T0015/303209/b5516nj/internet-banking-concept-microservices-303209/core-banking-service/settings.gradle (ext=.gradle, size=42)
2026-01-06 15:51:38,041 - Knowledge - INFO - Fast-tracked /app/data/T0015/303209/b5516nj/internet-banking-concept-microservices-303209/core-banking-service/src/main/java/com/javatodev/finance/controller/AccountController.java (ext=.java, size=1241)
2026-01-06 15:51:38,122 - Knowledge - INFO - Worker kw4 processing /app/data/T0015/303209/b5516nj/internet-banking-concept-microservices-303209/core-banking-service/src/main/java/com/javatodev/finance/model/dto/User.java
2026-01-06 15:51:38,189 - Knowledge - INFO - Worker kw12 processing /app/data/T0015/303209/b5516nj/internet-banking-concept-microservices-303209/core-banking-service/src/main/java/com/javatodev/finance/model/TransactionType.java
2026-01-06 15:51:38,279 - Knowledge - INFO - Fast-tracked /app/data/T0015/303209/b5516nj/internet-banking-concept-microservices-303209/README.md (ext=.md, size=4502)
2026-01-06 15:51:38,352 - Knowledge - INFO - Worker kw5 processing /app/data/T0015/303209/b5516nj/internet-banking-concept-microservices-303209/core-banking-service/src/main/java/com/javatodev/finance/exception/SimpleBankingGlobalException.java
2026-01-06 15:51:38,448 - Knowledge - INFO - Worker kw15 processing /app/data/T0015/303209/b5516nj/internet-banking-concept-microservices-303209/core-banking-service/src/main/java/com/javatodev/finance/exception/ErrorResponse.java
2026-01-06 15:51:38,529 - Knowledge - INFO - process ingested knowledge for /app/data/T0015/303209/b5516nj/internet-banking-concept-microservices-303209/core-banking-service/src/main/java/com/javatodev/finance/repository/BankAccountRepository.java
2026-01-06 15:51:38,642 - Knowledge - INFO - Worker kw11 processing /app/data/T0015/303209/b5516nj/internet-banking-concept-microservices-303209/core-banking-service/src/main/resources/db/migration/V1.0.20210427174721__temp_data.sql
2026-01-06 15:51:38,761 - Knowledge - INFO - Fast-tracked /app/data/T0015/303209/b5516nj/internet-banking-concept-microservices-303209/core-banking-service/src/main/java/com/javatodev/finance/model/mapper/UserMapper.java (ext=.java, size=1010)
2026-01-06 15:51:38,913 - Knowledge - INFO - Fast-tracked /app/data/T0015/303209/b5516nj/internet-banking-concept-microservices-303209/core-banking-service/src/main/java/com/javatodev/finance/model/entity/BankAccountEntity.java (ext=.java, size=750)
2026-01-06 15:51:38,990 - Knowledge - INFO - Fast-tracked /app/data/T0015/303209/b5516nj/internet-banking-concept-microservices-303209/internet-banking-config-server/settings.gradle (ext=.gradle, size=52)
2026-01-06 15:51:39,094 - Knowledge - INFO - Fast-tracked /app/data/T0015/303209/b5516nj/internet-banking-concept-microservices-303209/core-banking-service/src/main/java/com/javatodev/finance/model/dto/UtilityAccount.java (ext=.java, size=182)
2026-01-06 15:51:39,166 - Knowledge - INFO - Worker kw14 processing /app/data/T0015/303209/b5516nj/internet-banking-concept-microservices-303209/core-banking-service/build.gradle
2026-01-06 15:51:39,256 - Knowledge - INFO - Worker kw16 processing /app/data/T0015/303209/b5516nj/internet-banking-concept-microservices-303209/core-banking-service/src/main/java/com/javatodev/finance/controller/UserController.java
2026-01-06 15:51:39,337 - Knowledge - INFO - Fast-tracked /app/data/T0015/303209/b5516nj/internet-banking-concept-microservices-303209/core-banking-service/src/main/java/com/javatodev/finance/model/dto/User.java (ext=.java, size=308)
2026-01-06 15:51:39,415 - Knowledge - INFO - Fast-tracked /app/data/T0015/303209/b5516nj/internet-banking-concept-microservices-303209/core-banking-service/src/main/java/com/javatodev/finance/model/TransactionType.java (ext=.java, size=107)
2026-01-06 15:51:39,497 - Knowledge - INFO - Worker kw6 processing /app/data/T0015/303209/b5516nj/internet-banking-concept-microservices-303209/internet-banking-config-server/src/test/java/com/javatodev/finance/InternetBankingConfigServerApplicationTests.java
2026-01-06 15:51:39,575 - Knowledge - INFO - Fast-tracked /app/data/T0015/303209/b5516nj/internet-banking-concept-microservices-303209/core-banking-service/src/main/java/com/javatodev/finance/exception/SimpleBankingGlobalException.java (ext=.java, size=423)
2026-01-06 15:51:39,681 - Knowledge - INFO - Fast-tracked /app/data/T0015/303209/b5516nj/internet-banking-concept-microservices-303209/core-banking-service/src/main/java/com/javatodev/finance/exception/ErrorResponse.java (ext=.java, size=169)
2026-01-06 15:51:39,785 - Knowledge - INFO - process ingested knowledge for /app/data/T0015/303209/b5516nj/internet-banking-concept-microservices-303209/core-banking-service/src/main/java/com/javatodev/finance/repository/UserRepository.java
2026-01-06 15:51:39,876 - Knowledge - INFO - Worker kw11 processing /app/data/T0015/303209/b5516nj/internet-banking-concept-microservices-303209/core-banking-service/src/main/resources/db/migration/V1.0.20210427174638__create_base_table_structure.sql
2026-01-06 15:51:39,947 - Knowledge - INFO - Worker kw9 processing /app/data/T0015/303209/b5516nj/internet-banking-concept-microservices-303209/core-banking-service/src/main/java/com/javatodev/finance/model/mapper/UtilityAccountMapper.java
2026-01-06 15:51:40,055 - Knowledge - INFO - Worker kw3 processing /app/data/T0015/303209/b5516nj/internet-banking-concept-microservices-303209/core-banking-service/src/main/java/com/javatodev/finance/model/entity/UtilityAccountEntity.java
2026-01-06 15:51:40,127 - Knowledge - INFO - Worker kw10 processing /app/data/T0015/303209/b5516nj/internet-banking-concept-microservices-303209/internet-banking-config-server/build.gradle
2026-01-06 15:51:40,220 - Knowledge - INFO - Worker kw7 processing /app/data/T0015/303209/b5516nj/internet-banking-concept-microservices-303209/core-banking-service/src/main/java/com/javatodev/finance/model/dto/BankAccount.java
2026-01-06 15:51:40,311 - Knowledge - INFO - Fast-tracked /app/data/T0015/303209/b5516nj/internet-banking-concept-microservices-303209/core-banking-service/build.gradle (ext=.gradle, size=1507)
2026-01-06 15:51:40,404 - Knowledge - INFO - Fast-tracked /app/data/T0015/303209/b5516nj/internet-banking-concept-microservices-303209/core-banking-service/src/main/java/com/javatodev/finance/controller/UserController.java (ext=.java, size=1026)
2026-01-06 15:51:40,481 - Knowledge - INFO - Worker kw4 processing /app/data/T0015/303209/b5516nj/internet-banking-concept-microservices-303209/core-banking-service/src/main/java/com/javatodev/finance/model/dto/response/FundTransferResponse.java
2026-01-06 15:51:40,590 - Knowledge - INFO - Async storage completed for 4 embeddings
2026-01-06 15:51:40,713 - Knowledge - INFO - Fast-tracked /app/data/T0015/303209/b5516nj/internet-banking-concept-microservices-303209/internet-banking-config-server/src/test/java/com/javatodev/finance/InternetBankingConfigServerApplicationTests.java (ext=.java, size=243)
2026-01-06 15:51:40,797 - Knowledge - INFO - Worker kw5 processing /app/data/T0015/303209/b5516nj/internet-banking-concept-microservices-303209/core-banking-service/src/main/java/com/javatodev/finance/exception/GlobalErrorCode.java
2026-01-06 15:51:40,887 - Knowledge - INFO - Worker kw15 processing /app/data/T0015/303209/b5516nj/internet-banking-concept-microservices-303209/core-banking-service/src/main/java/com/javatodev/finance/exception/EntityNotFoundException.java
2026-01-06 15:51:41,072 - Knowledge - INFO - Fast-tracked /app/data/T0015/303209/b5516nj/internet-banking-concept-microservices-303209/core-banking-service/src/main/resources/db/migration/V1.0.20210427174638__create_base_table_structure.sql (ext=.sql, size=1350)
2026-01-06 15:51:41,187 - Knowledge - INFO - Fast-tracked /app/data/T0015/303209/b5516nj/internet-banking-concept-microservices-303209/core-banking-service/src/main/java/com/javatodev/finance/model/mapper/UtilityAccountMapper.java (ext=.java, size=856)
2026-01-06 15:51:41,292 - Knowledge - INFO - Fast-tracked /app/data/T0015/303209/b5516nj/internet-banking-concept-microservices-303209/core-banking-service/src/main/java/com/javatodev/finance/model/entity/UtilityAccountEntity.java (ext=.java, size=376)
2026-01-06 15:51:41,377 - Knowledge - INFO - Fast-tracked /app/data/T0015/303209/b5516nj/internet-banking-concept-microservices-303209/internet-banking-config-server/build.gradle (ext=.gradle, size=746)
2026-01-06 15:51:41,482 - Knowledge - INFO - Fast-tracked /app/data/T0015/303209/b5516nj/internet-banking-concept-microservices-303209/core-banking-service/src/main/java/com/javatodev/finance/model/dto/BankAccount.java (ext=.java, size=442)
2026-01-06 15:51:41,564 - Knowledge - INFO - Worker kw14 processing /app/data/T0015/303209/b5516nj/internet-banking-concept-microservices-303209/postman_collection/JAVA_TO_DEV_MICROSERVICES.postman_collection.json
2026-01-06 15:51:41,642 - Knowledge - INFO - Async storage completed for 4 embeddings
2026-01-06 15:51:41,762 - Knowledge - INFO - Fast-tracked /app/data/T0015/303209/b5516nj/internet-banking-concept-microservices-303209/core-banking-service/src/main/java/com/javatodev/finance/model/dto/response/FundTransferResponse.java (ext=.java, size=246)
2026-01-06 15:51:41,918 - Knowledge - INFO - Worker kw6 processing /app/data/T0015/303209/b5516nj/internet-banking-concept-microservices-303209/internet-banking-config-server/src/main/java/com/javatodev/finance/InternetBankingConfigServerApplication.java
2026-01-06 15:51:41,991 - Knowledge - INFO - Fast-tracked /app/data/T0015/303209/b5516nj/internet-banking-concept-microservices-303209/core-banking-service/src/main/java/com/javatodev/finance/exception/GlobalErrorCode.java (ext=.java, size=241)
2026-01-06 15:51:42,102 - Knowledge - INFO - Fast-tracked /app/data/T0015/303209/b5516nj/internet-banking-concept-microservices-303209/core-banking-service/src/main/java/com/javatodev/finance/exception/EntityNotFoundException.java (ext=.java, size=388)
2026-01-06 15:51:42,172 - Knowledge - INFO - Async storage completed for 5 embeddings
2026-01-06 15:51:42,263 - Knowledge - INFO - Async storage completed for 5 embeddings
2026-01-06 15:51:42,364 - Knowledge - INFO - Async storage completed for 5 embeddings
2026-01-06 15:51:42,446 - Knowledge - INFO - Async storage completed for 5 embeddings
2026-01-06 15:51:42,562 - Knowledge - INFO - Async storage completed for 5 embeddings
2026-01-06 15:51:42,670 - Knowledge - INFO - Fast-tracked /app/data/T0015/303209/b5516nj/internet-banking-concept-microservices-303209/postman_collection/JAVA_TO_DEV_MICROSERVICES.postman_collection.json (ext=.json, size=10993)
2026-01-06 15:51:42,766 - Knowledge - INFO - Processing batch of 4 files
2026-01-06 15:51:42,837 - Knowledge - INFO - Async storage completed for 5 embeddings
2026-01-06 15:51:42,916 - Knowledge - INFO - Fast-tracked /app/data/T0015/303209/b5516nj/internet-banking-concept-microservices-303209/internet-banking-config-server/src/main/java/com/javatodev/finance/InternetBankingConfigServerApplication.java (ext=.java, size=455)
2026-01-06 15:51:42,998 - Knowledge - INFO - Async storage completed for 5 embeddings
2026-01-06 15:51:43,109 - Knowledge - INFO - Async storage completed for 4 embeddings
2026-01-06 15:51:43,185 - Knowledge - INFO - Fast-tracked /app/data/T0015/303209/b5516nj/internet-banking-concept-microservices-303209/core-banking-service/src/main/resources/db/migration/V1.0.20210427174721__temp_data.sql (small file (2484 bytes))
2026-01-06 15:51:43,259 - Knowledge - INFO - Processing batch of 4 files
2026-01-06 15:51:43,349 - Knowledge - INFO - Processing batch of 4 files
2026-01-06 15:51:43,459 - Knowledge - INFO - Processing batch of 3 files
2026-01-06 15:51:43,549 - Knowledge - INFO - Processing batch of 4 files
2026-01-06 15:51:43,638 - Knowledge - INFO - Async storage completed for 4 embeddings
2026-01-06 15:51:43,723 - Knowledge - INFO - process ingested knowledge for /app/data/T0015/303209/b5516nj/internet-banking-concept-microservices-303209/core-banking-service/src/main/java/com/javatodev/finance/CoreBankingServiceApplication.java
2026-01-06 15:51:43,823 - Knowledge - INFO - Processing batch of 4 files
2026-01-06 15:51:43,904 - Knowledge - INFO - Async storage completed for 5 embeddings
2026-01-06 15:51:44,023 - Knowledge - INFO - Processing batch of 4 files
2026-01-06 15:51:44,129 - Knowledge - INFO - Processing batch of 4 files
2026-01-06 15:51:44,232 - Knowledge - INFO - Processing batch of 4 files
2026-01-06 15:51:44,345 - Knowledge - INFO - process ingested knowledge for /app/data/T0015/303209/b5516nj/internet-banking-concept-microservices-303209/core-banking-service/src/main/java/com/javatodev/finance/model/AccountStatus.java
2026-01-06 15:51:44,420 - Knowledge - INFO - process ingested knowledge for /app/data/T0015/303209/b5516nj/internet-banking-concept-microservices-303209/core-banking-service/src/main/java/com/javatodev/finance/model/mapper/BankAccountMapper.java
2026-01-06 15:51:44,530 - Knowledge - INFO - process ingested knowledge for /app/data/T0015/303209/b5516nj/internet-banking-concept-microservices-303209/internet-banking-config-server/src/main/resources/application.yml
2026-01-06 15:51:44,607 - Knowledge - INFO - process ingested knowledge for /app/data/T0015/303209/b5516nj/internet-banking-concept-microservices-303209/core-banking-service/src/main/java/com/javatodev/finance/model/entity/TransactionEntity.java
2026-01-06 15:51:44,694 - Knowledge - INFO - Processing batch of 4 files
2026-01-06 15:51:44,771 - Knowledge - INFO - process ingested knowledge for /app/data/T0015/303209/b5516nj/internet-banking-concept-microservices-303209/core-banking-service/src/main/java/com/javatodev/finance/controller/TransactionController.java
2026-01-06 15:51:44,862 - Knowledge - INFO - process ingested knowledge for /app/data/T0015/303209/b5516nj/internet-banking-concept-microservices-303209/core-banking-service/src/main/java/com/javatodev/finance/model/dto/request/UtilityPaymentRequest.java
2026-01-06 15:51:44,993 - Knowledge - INFO - Processing batch of 4 files
2026-01-06 15:51:45,064 - Knowledge - INFO - process ingested knowledge for /app/data/T0015/303209/b5516nj/internet-banking-concept-microservices-303209/core-banking-service/src/main/java/com/javatodev/finance/model/dto/response/UtilityPaymentResponse.java
2026-01-06 15:51:45,150 - Knowledge - INFO - process ingested knowledge for /app/data/T0015/303209/b5516nj/internet-banking-concept-microservices-303209/core-banking-service/src/main/java/com/javatodev/finance/exception/InsufficientFundsException.java
2026-01-06 15:51:45,268 - Knowledge - INFO - process ingested knowledge for /app/data/T0015/303209/b5516nj/internet-banking-concept-microservices-303209/core-banking-service/src/main/resources/application.yml
2026-01-06 15:51:45,343 - Knowledge - INFO - process ingested knowledge for /app/data/T0015/303209/b5516nj/internet-banking-concept-microservices-303209/core-banking-service/src/main/java/com/javatodev/finance/model/mapper/BaseMapper.java
2026-01-06 15:51:45,429 - Knowledge - INFO - process ingested knowledge for /app/data/T0015/303209/b5516nj/internet-banking-concept-microservices-303209/core-banking-service/src/main/java/com/javatodev/finance/model/entity/UserEntity.java
2026-01-06 15:51:45,512 - Knowledge - INFO - process ingested knowledge for /app/data/T0015/303209/b5516nj/internet-banking-concept-microservices-303209/internet-banking-config-server/settings.gradle
2026-01-06 15:51:45,585 - Knowledge - INFO - process ingested knowledge for /app/data/T0015/303209/b5516nj/internet-banking-concept-microservices-303209/core-banking-service/src/main/java/com/javatodev/finance/model/dto/Transaction.java
2026-01-06 15:51:45,687 - Knowledge - INFO - process ingested knowledge for /app/data/T0015/303209/b5516nj/internet-banking-concept-microservices-303209/core-banking-service/src/main/resources/bootstrap.yml
2026-01-06 15:51:45,765 - Knowledge - INFO - process ingested knowledge for /app/data/T0015/303209/b5516nj/internet-banking-concept-microservices-303209/core-banking-service/src/main/java/com/javatodev/finance/controller/AccountController.java
2026-01-06 15:51:45,853 - Knowledge - INFO - process ingested knowledge for /app/data/T0015/303209/b5516nj/internet-banking-concept-microservices-303209/core-banking-service/src/main/java/com/javatodev/finance/model/dto/request/FundTransferRequest.java
2026-01-06 15:51:45,923 - Knowledge - INFO - process ingested knowledge for /app/data/T0015/303209/b5516nj/internet-banking-concept-microservices-303209/postman_collection/BANKING_CORE_MICROSERVICES_PROJECT.postman_environment.json
2026-01-06 15:51:46,040 - Knowledge - INFO - process ingested knowledge for /app/data/T0015/303209/b5516nj/internet-banking-concept-microservices-303209/core-banking-service/src/main/java/com/javatodev/finance/model/AccountType.java
2026-01-06 15:51:46,146 - Knowledge - INFO - process ingested knowledge for /app/data/T0015/303209/b5516nj/internet-banking-concept-microservices-303209/core-banking-service/src/main/java/com/javatodev/finance/exception/GlobalExceptionHandler.java
2026-01-06 15:51:46,228 - Knowledge - INFO - process ingested knowledge for /app/data/T0015/303209/b5516nj/internet-banking-concept-microservices-303209/core-banking-service/src/main/resources/db/migration/V1.0.20210429210839__create_transaction_table.sql
2026-01-06 15:51:46,341 - Knowledge - INFO - process ingested knowledge for /app/data/T0015/303209/b5516nj/internet-banking-concept-microservices-303209/core-banking-service/src/main/java/com/javatodev/finance/model/mapper/UserMapper.java
2026-01-06 15:51:46,430 - Knowledge - INFO - process ingested knowledge for /app/data/T0015/303209/b5516nj/internet-banking-concept-microservices-303209/core-banking-service/src/main/java/com/javatodev/finance/model/entity/BankAccountEntity.java
2026-01-06 15:51:46,509 - Knowledge - INFO - process ingested knowledge for /app/data/T0015/303209/b5516nj/internet-banking-concept-microservices-303209/internet-banking-config-server/build.gradle
2026-01-06 15:51:46,597 - Knowledge - INFO - process ingested knowledge for /app/data/T0015/303209/b5516nj/internet-banking-concept-microservices-303209/core-banking-service/src/main/java/com/javatodev/finance/model/dto/UtilityAccount.java
2026-01-06 15:51:46,670 - Knowledge - INFO - process ingested knowledge for /app/data/T0015/303209/b5516nj/internet-banking-concept-microservices-303209/core-banking-service/settings.gradle
2026-01-06 15:51:46,784 - Knowledge - INFO - process ingested knowledge for /app/data/T0015/303209/b5516nj/internet-banking-concept-microservices-303209/core-banking-service/src/main/java/com/javatodev/finance/controller/UserController.java
2026-01-06 15:51:46,875 - Knowledge - INFO - process ingested knowledge for /app/data/T0015/303209/b5516nj/internet-banking-concept-microservices-303209/core-banking-service/src/main/java/com/javatodev/finance/model/dto/User.java
2026-01-06 15:51:46,939 - Knowledge - INFO - process ingested knowledge for /app/data/T0015/303209/b5516nj/internet-banking-concept-microservices-303209/README.md
2026-01-06 15:51:47,013 - Knowledge - INFO - process ingested knowledge for /app/data/T0015/303209/b5516nj/internet-banking-concept-microservices-303209/core-banking-service/src/main/java/com/javatodev/finance/exception/SimpleBankingGlobalException.java
2026-01-06 15:51:47,086 - Knowledge - INFO - process ingested knowledge for /app/data/T0015/303209/b5516nj/internet-banking-concept-microservices-303209/core-banking-service/src/main/java/com/javatodev/finance/exception/ErrorResponse.java
2026-01-06 15:51:47,176 - Knowledge - INFO - process ingested knowledge for /app/data/T0015/303209/b5516nj/internet-banking-concept-microservices-303209/core-banking-service/src/main/resources/db/migration/V1.0.20210427174721__temp_data.sql
2026-01-06 15:51:47,276 - Knowledge - INFO - process ingested knowledge for /app/data/T0015/303209/b5516nj/internet-banking-concept-microservices-303209/core-banking-service/src/main/java/com/javatodev/finance/model/mapper/UtilityAccountMapper.java
2026-01-06 15:51:47,356 - Knowledge - INFO - process ingested knowledge for /app/data/T0015/303209/b5516nj/internet-banking-concept-microservices-303209/core-banking-service/src/main/java/com/javatodev/finance/model/entity/UtilityAccountEntity.java
2026-01-06 15:51:47,526 - Knowledge - INFO - process ingested knowledge for /app/data/T0015/303209/b5516nj/internet-banking-concept-microservices-303209/core-banking-service/src/main/java/com/javatodev/finance/model/dto/BankAccount.java
2026-01-06 15:51:47,626 - Knowledge - INFO - process ingested knowledge for /app/data/T0015/303209/b5516nj/internet-banking-concept-microservices-303209/core-banking-service/build.gradle
2026-01-06 15:51:47,816 - Knowledge - INFO - [WEBSOCKET] Sent: Type=progress_update, Size: 274, Duration: 0ms
2026-01-06 15:51:47,816 - Knowledge - INFO - process ingested knowledge for /app/data/T0015/303209/b5516nj/internet-banking-concept-microservices-303209/core-banking-service/src/main/java/com/javatodev/finance/model/dto/response/FundTransferResponse.java
2026-01-06 15:51:47,954 - Knowledge - INFO - process ingested knowledge for /app/data/T0015/303209/b5516nj/internet-banking-concept-microservices-303209/internet-banking-config-server/src/test/java/com/javatodev/finance/InternetBankingConfigServerApplicationTests.java
2026-01-06 15:51:48,045 - Knowledge - INFO - process ingested knowledge for /app/data/T0015/303209/b5516nj/internet-banking-concept-microservices-303209/core-banking-service/src/main/java/com/javatodev/finance/exception/GlobalErrorCode.java
2026-01-06 15:51:48,062 - Knowledge - INFO - process ingested knowledge for /app/data/T0015/303209/b5516nj/internet-banking-concept-microservices-303209/core-banking-service/src/main/java/com/javatodev/finance/exception/EntityNotFoundException.java
2026-01-06 15:51:48,158 - Knowledge - INFO - process ingested knowledge for /app/data/T0015/303209/b5516nj/internet-banking-concept-microservices-303209/core-banking-service/src/main/resources/db/migration/V1.0.20210427174638__create_base_table_structure.sql
2026-01-06 15:51:48,566 - Knowledge - INFO - process ingested knowledge for /app/data/T0015/303209/b5516nj/internet-banking-concept-microservices-303209/postman_collection/JAVA_TO_DEV_MICROSERVICES.postman_collection.json
2026-01-06 15:51:48,624 - Knowledge - INFO - [WEBSOCKET] Sent: Type=unknown, Size: ?, Duration: 808ms
2026-01-06 15:51:49,203 - Knowledge - INFO - process ingested knowledge for /app/data/T0015/303209/b5516nj/internet-banking-concept-microservices-303209/internet-banking-config-server/src/main/java/com/javatodev/finance/InternetBankingConfigServerApplication.java
2026-01-06 15:51:49,333 - Knowledge - INFO - Progress: 97.3% | Files: 142/146 | Rate: 1.19 files/sec | Queue: 0
2026-01-06 15:51:57,948 - Knowledge - INFO - [LLM_CALL] Completed: TransactionService.java:chunk1, Duration: 16110ms, PromptTokens: 2830, CompletionTokens: 1428, Cost: $0.00085
2026-01-06 15:51:58,149 - Knowledge - INFO - done ingest for /app/data/T0015/303209/b5516nj/internet-banking-concept-microservices-303209/core-banking-service/src/main/java/com/javatodev/finance/service/TransactionService.java
2026-01-06 15:51:58,333 - Knowledge - INFO - Processing batch of 4 files
2026-01-06 15:51:58,556 - Knowledge - INFO - process ingested knowledge for /app/data/T0015/303209/b5516nj/internet-banking-concept-microservices-303209/core-banking-service/src/main/java/com/javatodev/finance/service/UserService.java
2026-01-06 15:51:58,731 - Knowledge - INFO - process ingested knowledge for /app/data/T0015/303209/b5516nj/internet-banking-concept-microservices-303209/core-banking-service/src/main/java/com/javatodev/finance/service/AccountService.java
2026-01-06 15:51:58,884 - Knowledge - INFO - process ingested knowledge for /app/data/T0015/303209/b5516nj/internet-banking-concept-microservices-303209/core-banking-service/src/main/java/com/javatodev/finance/service/TransactionService.java
2026-01-06 15:51:59,085 - Knowledge - INFO - process ingested knowledge for /app/data/T0015/303209/b5516nj/internet-banking-concept-microservices-303209/core-banking-service/src/main/java/com/javatodev/finance/model/TransactionType.java
2026-01-06 15:51:59,579 - Knowledge - INFO - [WEBSOCKET] Sent: Type=progress_update, Size: 273, Duration: 0ms
2026-01-06 15:51:59,798 - Knowledge - INFO - [WEBSOCKET] Sent: Type=unknown, Size: ?, Duration: 220ms
2026-01-06 15:51:59,960 - Knowledge - INFO - Progress: 100.0% | Files: 146/146 | Rate: 1.11 files/sec | Queue: 0
2026-01-06 15:52:00,128 - Knowledge - INFO - Knowledge creation complete
2026-01-06 15:52:00,297 - Knowledge - INFO - ==================================================
2026-01-06 15:52:00,487 - Knowledge - INFO - KNOWLEDGE GRAPH GENERATION PERFORMANCE SUMMARY
2026-01-06 15:52:00,689 - Knowledge - INFO - ==================================================
2026-01-06 15:52:00,842 - Knowledge - INFO - Total processing time: 131.95 seconds (2.20 minutes)
2026-01-06 15:52:00,977 - Knowledge - INFO - Files processed: 0
2026-01-06 15:52:01,145 - Knowledge - INFO - Processing rate: 0.00 files/second
2026-01-06 15:52:01,333 - Knowledge - INFO - 
[TIME_BREAKDOWN]
2026-01-06 15:52:01,533 - Knowledge - INFO - File Reading: 0.00s (0.0%)
2026-01-06 15:52:01,736 - Knowledge - INFO - LLM Processing: 24.27s (18.4%)
2026-01-06 15:52:01,909 - Knowledge - INFO - MongoDB Operations: 0.00s (0.0%)
2026-01-06 15:52:02,062 - Knowledge - INFO - Redis Operations: 0.00s (0.0%)
2026-01-06 15:52:02,243 - Knowledge - INFO - WebSocket Communication: 3.74s (2.8%)
2026-01-06 15:52:02,428 - Knowledge - INFO - Other Overhead: 103.94s (78.8%)
2026-01-06 15:52:02,615 - Knowledge - INFO - 
[LLM_STATS]
2026-01-06 15:52:02,748 - Knowledge - INFO - Total LLM calls: 2
2026-01-06 15:52:02,971 - Knowledge - INFO - Average LLM response time: 12134ms
2026-01-06 15:52:03,127 - Knowledge - INFO - Average prompt tokens: 2724.0
2026-01-06 15:52:03,276 - Knowledge - INFO - Average completion tokens: 1036.0
2026-01-06 15:52:03,470 - Knowledge - INFO - Total prompt tokens: 5448
2026-01-06 15:52:03,619 - Knowledge - INFO - Total completion tokens: 2072
2026-01-06 15:52:03,783 - Knowledge - INFO - Total LLM cost: $0.0014
2026-01-06 15:52:03,970 - Knowledge - INFO - 
[DATABASE_STATS]
2026-01-06 15:52:04,152 - Knowledge - INFO - MongoDB operations: 0
2026-01-06 15:52:04,369 - Knowledge - INFO - Redis operations: 0
2026-01-06 15:52:04,564 - Knowledge - INFO - 
[COMMUNICATION_STATS]
2026-01-06 15:52:04,730 - Knowledge - INFO - WebSocket messages sent: 13
2026-01-06 15:52:04,905 - Knowledge - INFO - Average message size: 137.8 bytes
2026-01-06 15:52:05,071 - Knowledge - INFO - 
[WORKER_STATS]
2026-01-06 15:52:05,303 - Knowledge - INFO - 
[FILE_TYPE_STATS]
2026-01-06 15:52:05,487 - Knowledge - INFO - 
[SLOWEST_FILES]
2026-01-06 15:52:05,705 - Knowledge - INFO - ==================================================
2026-01-06 15:52:05,864 - Knowledge - INFO - ==================================================
2026-01-06 15:52:06,015 - Knowledge - INFO - KNOWLEDGE GRAPH GENERATION PERFORMANCE SUMMARY
2026-01-06 15:52:06,175 - Knowledge - INFO - ==================================================
2026-01-06 15:52:06,390 - Knowledge - INFO - Total processing time: 137.60 seconds (2.29 minutes)
2026-01-06 15:52:06,585 - Knowledge - INFO - Files processed: 146 of 146
2026-01-06 15:52:06,786 - Knowledge - INFO - Processing rate: 1.06 files/second
2026-01-06 15:52:06,945 - Knowledge - INFO - WebSocket messages sent: 6
2026-01-06 15:52:07,090 - Knowledge - INFO - MongoDB operations: 146
2026-01-06 15:52:07,226 - Knowledge - INFO - Average MongoDB ops per file: 1.00
2026-01-06 15:52:07,429 - Knowledge - INFO - LLM costs: $0.0014
2026-01-06 15:52:07,616 - Knowledge - INFO - Prompt tokens: 5448
2026-01-06 15:52:07,820 - Knowledge - INFO - Completion tokens: 2072
2026-01-06 15:52:07,978 - Knowledge - INFO - Updating org costs, total cost: 0.0013736
2026-01-06 15:52:09,442 - Knowledge - INFO - [WEBSOCKET] Sent: Type=progress_update, Size: 270, Duration: 0ms
2026-01-06 15:52:09,653 - Knowledge - INFO - Saving knowledge to Redis...
2026-01-06 15:52:10,025 - Knowledge - INFO - Knowledge saved to Redis successfully
2026-01-28 12:20:02,312 - Knowledge - INFO - Created shared MongoDB connection pool
2026-01-28 12:20:02,697 - Knowledge - INFO - Starting Knowledge Graph processing with 20 threads
2026-01-28 12:20:02,871 - Knowledge - INFO - Initial configuration: chunk_size=65536, max_cache_size=500
2026-01-28 12:20:03,033 - Knowledge - INFO - Knowledge Graph concurrency configuration: workers=20, max_batch_size=10, max_concurrent_llm_calls=50
2026-01-28 12:20:04,038 - Knowledge - INFO - 🔍 _load_persisted_knowledge called - checking for Redis optimization
2026-01-28 12:20:04,204 - Knowledge - WARNING - ❌ load_from_redis method not found - Redis support not attached
2026-01-28 12:20:04,440 - Knowledge - INFO - load persisted knowledge: begin
2026-01-28 12:20:06,323 - Knowledge - INFO - Persisted knowledge files in /app/data/T0015/311196/b7970fw/internet-banking-concept-microservices-303209/.knowledge have been renamed to use .json
2026-01-28 12:20:06,500 - Knowledge - INFO - Found code-base-name: https://github.com/kavia-common/internet-banking-concept-microservices-303209.git:kavia-development
2026-01-28 12:20:06,669 - Knowledge - INFO - Code base not found for https://github.com/kavia-common/internet-banking-concept-microservices-303209.git:kavia-development. Joining with Knowledge base_path: True.
2026-01-28 12:20:06,861 - Knowledge - INFO - /app/data/T0015/311196/b7970fw/internet-banking-concept-microservices-303209
2026-01-28 12:20:07,157 - Knowledge - INFO - Found code-base-name: https://github.com/kavia-common/internet-banking-concept-microservices-303209.git:kavia-development
2026-01-28 12:20:07,355 - Knowledge - INFO - Code base not found for https://github.com/kavia-common/internet-banking-concept-microservices-303209.git:kavia-development. Joining with Knowledge base_path: False.
2026-01-28 12:20:07,538 - Knowledge - INFO - /app/data/T0015/311196/b7970fw/internet-banking-concept-microservices-303209
2026-01-28 12:20:07,712 - Knowledge - INFO - persist ingested knowledge for /app/data/T0015/311196/b7970fw/internet-banking-concept-microservices-303209/internet-banking-user-service/src/main/java/com/javatodev/finance/exception/EntityNotFoundException.java
2026-01-28 12:20:08,227 - Knowledge - INFO - [MONGODB_OP] Completed: persist, Collection: file_info, Duration: 94ms
2026-01-28 12:20:09,417 - Knowledge - INFO - [REDIS_OP] Completed: store_embedding, Key: internet-banking-user-service/src/main/java/com/javatodev/finance/exception/EntityNotFoundException.java, Duration: 1008ms
2026-01-28 12:20:09,617 - Knowledge - INFO - persist search terms embedding for internet-banking-user-service/src/main/java/com/javatodev/finance/exception/EntityNotFoundException.java
2026-01-28 12:20:09,811 - Knowledge - INFO - process ingested knowledge for /app/data/T0015/311196/b7970fw/internet-banking-concept-microservices-303209/internet-banking-user-service/src/main/java/com/javatodev/finance/exception/EntityNotFoundException.java
2026-01-28 12:20:09,987 - Knowledge - INFO - Found code-base-name: https://github.com/kavia-common/internet-banking-concept-microservices-303209.git:kavia-development
2026-01-28 12:20:10,159 - Knowledge - INFO - Code base not found for https://github.com/kavia-common/internet-banking-concept-microservices-303209.git:kavia-development. Joining with Knowledge base_path: True.
2026-01-28 12:20:10,363 - Knowledge - INFO - /app/data/T0015/311196/b7970fw/internet-banking-concept-microservices-303209
2026-01-28 12:20:10,581 - Knowledge - INFO - Found code-base-name: https://github.com/kavia-common/internet-banking-concept-microservices-303209.git:kavia-development
2026-01-28 12:20:10,749 - Knowledge - INFO - Code base not found for https://github.com/kavia-common/internet-banking-concept-microservices-303209.git:kavia-development. Joining with Knowledge base_path: False.
2026-01-28 12:20:10,919 - Knowledge - INFO - /app/data/T0015/311196/b7970fw/internet-banking-concept-microservices-303209
2026-01-28 12:20:11,098 - Knowledge - INFO - persist ingested knowledge for /app/data/T0015/311196/b7970fw/internet-banking-concept-microservices-303209/internet-banking-utility-payment-service/src/main/java/com/javatodev/finance/exception/ErrorResponse.java
2026-01-28 12:20:11,394 - Knowledge - INFO - [MONGODB_OP] Completed: persist, Collection: file_info, Duration: 95ms
2026-01-28 12:20:11,862 - Knowledge - INFO - [REDIS_OP] Completed: store_embedding, Key: internet-banking-utility-payment-service/src/main/java/com/javatodev/finance/exception/ErrorResponse.java, Duration: 310ms
2026-01-28 12:20:12,052 - Knowledge - INFO - persist search terms embedding for internet-banking-utility-payment-service/src/main/java/com/javatodev/finance/exception/ErrorResponse.java
2026-01-28 12:20:12,213 - Knowledge - INFO - process ingested knowledge for /app/data/T0015/311196/b7970fw/internet-banking-concept-microservices-303209/internet-banking-utility-payment-service/src/main/java/com/javatodev/finance/exception/ErrorResponse.java
2026-01-28 12:20:12,433 - Knowledge - INFO - Found code-base-name: https://github.com/kavia-common/internet-banking-concept-microservices-303209.git:kavia-development
2026-01-28 12:20:12,635 - Knowledge - INFO - Code base not found for https://github.com/kavia-common/internet-banking-concept-microservices-303209.git:kavia-development. Joining with Knowledge base_path: True.
2026-01-28 12:20:12,808 - Knowledge - INFO - /app/data/T0015/311196/b7970fw/internet-banking-concept-microservices-303209
2026-01-28 12:20:13,031 - Knowledge - INFO - Found code-base-name: https://github.com/kavia-common/internet-banking-concept-microservices-303209.git:kavia-development
2026-01-28 12:20:13,231 - Knowledge - INFO - Code base not found for https://github.com/kavia-common/internet-banking-concept-microservices-303209.git:kavia-development. Joining with Knowledge base_path: False.
2026-01-28 12:20:13,397 - Knowledge - INFO - /app/data/T0015/311196/b7970fw/internet-banking-concept-microservices-303209
2026-01-28 12:20:13,593 - Knowledge - INFO - persist ingested knowledge for /app/data/T0015/311196/b7970fw/internet-banking-concept-microservices-303209/internet-banking-user-service/src/main/java/com/javatodev/finance/configuration/KeycloakProperties.java
2026-01-28 12:20:13,864 - Knowledge - INFO - [MONGODB_OP] Completed: persist, Collection: file_info, Duration: 106ms
2026-01-28 12:20:14,494 - Knowledge - INFO - [REDIS_OP] Completed: store_embedding, Key: internet-banking-user-service/src/main/java/com/javatodev/finance/configuration/KeycloakProperties.java, Duration: 462ms
2026-01-28 12:20:14,699 - Knowledge - INFO - persist search terms embedding for internet-banking-user-service/src/main/java/com/javatodev/finance/configuration/KeycloakProperties.java
2026-01-28 12:20:14,855 - Knowledge - INFO - process ingested knowledge for /app/data/T0015/311196/b7970fw/internet-banking-concept-microservices-303209/internet-banking-user-service/src/main/java/com/javatodev/finance/configuration/KeycloakProperties.java
2026-01-28 12:20:15,066 - Knowledge - INFO - Found code-base-name: https://github.com/kavia-common/internet-banking-concept-microservices-303209.git:kavia-development
2026-01-28 12:20:15,231 - Knowledge - INFO - Code base not found for https://github.com/kavia-common/internet-banking-concept-microservices-303209.git:kavia-development. Joining with Knowledge base_path: True.
2026-01-28 12:20:15,397 - Knowledge - INFO - /app/data/T0015/311196/b7970fw/internet-banking-concept-microservices-303209
2026-01-28 12:20:15,629 - Knowledge - INFO - Found code-base-name: https://github.com/kavia-common/internet-banking-concept-microservices-303209.git:kavia-development
2026-01-28 12:20:15,807 - Knowledge - INFO - Code base not found for https://github.com/kavia-common/internet-banking-concept-microservices-303209.git:kavia-development. Joining with Knowledge base_path: False.
2026-01-28 12:20:15,983 - Knowledge - INFO - /app/data/T0015/311196/b7970fw/internet-banking-concept-microservices-303209
2026-01-28 12:20:16,170 - Knowledge - INFO - persist ingested knowledge for /app/data/T0015/311196/b7970fw/internet-banking-concept-microservices-303209/internet-banking-user-service/src/main/java/com/javatodev/finance/exception/ErrorResponse.java
2026-01-28 12:20:16,415 - Knowledge - INFO - [MONGODB_OP] Completed: persist, Collection: file_info, Duration: 89ms
2026-01-28 12:20:16,851 - Knowledge - INFO - [REDIS_OP] Completed: store_embedding, Key: internet-banking-user-service/src/main/java/com/javatodev/finance/exception/ErrorResponse.java, Duration: 276ms
2026-01-28 12:20:17,023 - Knowledge - INFO - persist search terms embedding for internet-banking-user-service/src/main/java/com/javatodev/finance/exception/ErrorResponse.java
2026-01-28 12:20:17,205 - Knowledge - INFO - process ingested knowledge for /app/data/T0015/311196/b7970fw/internet-banking-concept-microservices-303209/internet-banking-user-service/src/main/java/com/javatodev/finance/exception/ErrorResponse.java
2026-01-28 12:20:17,367 - Knowledge - INFO - Found code-base-name: https://github.com/kavia-common/internet-banking-concept-microservices-303209.git:kavia-development
2026-01-28 12:20:17,552 - Knowledge - INFO - Code base not found for https://github.com/kavia-common/internet-banking-concept-microservices-303209.git:kavia-development. Joining with Knowledge base_path: True.
2026-01-28 12:20:17,719 - Knowledge - INFO - /app/data/T0015/311196/b7970fw/internet-banking-concept-microservices-303209
2026-01-28 12:20:17,995 - Knowledge - INFO - Found code-base-name: https://github.com/kavia-common/internet-banking-concept-microservices-303209.git:kavia-development
2026-01-28 12:20:18,158 - Knowledge - INFO - Code base not found for https://github.com/kavia-common/internet-banking-concept-microservices-303209.git:kavia-development. Joining with Knowledge base_path: False.
2026-01-28 12:20:18,319 - Knowledge - INFO - /app/data/T0015/311196/b7970fw/internet-banking-concept-microservices-303209
2026-01-28 12:20:18,525 - Knowledge - INFO - persist ingested knowledge for /app/data/T0015/311196/b7970fw/internet-banking-concept-microservices-303209/internet-banking-service-registry/build.gradle
2026-01-28 12:20:18,771 - Knowledge - INFO - [MONGODB_OP] Completed: persist, Collection: file_info, Duration: 85ms
2026-01-28 12:20:19,163 - Knowledge - INFO - [REDIS_OP] Completed: store_embedding, Key: internet-banking-service-registry/build.gradle, Duration: 220ms
2026-01-28 12:20:19,351 - Knowledge - INFO - persist search terms embedding for internet-banking-service-registry/build.gradle
2026-01-28 12:20:19,510 - Knowledge - INFO - process ingested knowledge for /app/data/T0015/311196/b7970fw/internet-banking-concept-microservices-303209/internet-banking-service-registry/build.gradle
2026-01-28 12:20:19,681 - Knowledge - INFO - Found code-base-name: https://github.com/kavia-common/internet-banking-concept-microservices-303209.git:kavia-development
2026-01-28 12:20:19,852 - Knowledge - INFO - Code base not found for https://github.com/kavia-common/internet-banking-concept-microservices-303209.git:kavia-development. Joining with Knowledge base_path: True.
2026-01-28 12:20:20,021 - Knowledge - INFO - /app/data/T0015/311196/b7970fw/internet-banking-concept-microservices-303209
2026-01-28 12:20:20,272 - Knowledge - INFO - Found code-base-name: https://github.com/kavia-common/internet-banking-concept-microservices-303209.git:kavia-development
2026-01-28 12:20:20,438 - Knowledge - INFO - Code base not found for https://github.com/kavia-common/internet-banking-concept-microservices-303209.git:kavia-development. Joining with Knowledge base_path: False.
2026-01-28 12:20:20,623 - Knowledge - INFO - /app/data/T0015/311196/b7970fw/internet-banking-concept-microservices-303209
2026-01-28 12:20:20,791 - Knowledge - INFO - persist ingested knowledge for /app/data/T0015/311196/b7970fw/internet-banking-concept-microservices-303209/core-banking-service/src/main/resources/bootstrap.yml
2026-01-28 12:20:21,116 - Knowledge - INFO - [MONGODB_OP] Completed: persist, Collection: file_info, Duration: 104ms
2026-01-28 12:20:21,544 - Knowledge - INFO - [REDIS_OP] Completed: store_embedding, Key: core-banking-service/src/main/resources/bootstrap.yml, Duration: 235ms
2026-01-28 12:20:21,723 - Knowledge - INFO - persist search terms embedding for core-banking-service/src/main/resources/bootstrap.yml
2026-01-28 12:20:21,936 - Knowledge - INFO - process ingested knowledge for /app/data/T0015/311196/b7970fw/internet-banking-concept-microservices-303209/core-banking-service/src/main/resources/bootstrap.yml
2026-01-28 12:20:22,156 - Knowledge - INFO - Found code-base-name: https://github.com/kavia-common/internet-banking-concept-microservices-303209.git:kavia-development
2026-01-28 12:20:22,409 - Knowledge - INFO - Code base not found for https://github.com/kavia-common/internet-banking-concept-microservices-303209.git:kavia-development. Joining with Knowledge base_path: True.
2026-01-28 12:20:22,586 - Knowledge - INFO - /app/data/T0015/311196/b7970fw/internet-banking-concept-microservices-303209
2026-01-28 12:20:22,866 - Knowledge - INFO - Found code-base-name: https://github.com/kavia-common/internet-banking-concept-microservices-303209.git:kavia-development
2026-01-28 12:20:23,047 - Knowledge - INFO - Code base not found for https://github.com/kavia-common/internet-banking-concept-microservices-303209.git:kavia-development. Joining with Knowledge base_path: False.
2026-01-28 12:20:23,243 - Knowledge - INFO - /app/data/T0015/311196/b7970fw/internet-banking-concept-microservices-303209
2026-01-28 12:20:23,402 - Knowledge - INFO - persist ingested knowledge for /app/data/T0015/311196/b7970fw/internet-banking-concept-microservices-303209/internet-banking-fund-transfer-service/src/main/java/com/javatodev/finance/exception/ErrorResponse.java
2026-01-28 12:20:23,783 - Knowledge - INFO - [MONGODB_OP] Completed: persist, Collection: file_info, Duration: 89ms
2026-01-28 12:20:24,158 - Knowledge - INFO - [REDIS_OP] Completed: store_embedding, Key: internet-banking-fund-transfer-service/src/main/java/com/javatodev/finance/exception/ErrorResponse.java, Duration: 209ms
2026-01-28 12:20:24,375 - Knowledge - INFO - persist search terms embedding for internet-banking-fund-transfer-service/src/main/java/com/javatodev/finance/exception/ErrorResponse.java
2026-01-28 12:20:24,555 - Knowledge - INFO - process ingested knowledge for /app/data/T0015/311196/b7970fw/internet-banking-concept-microservices-303209/internet-banking-fund-transfer-service/src/main/java/com/javatodev/finance/exception/ErrorResponse.java
2026-01-28 12:20:24,751 - Knowledge - INFO - Found code-base-name: https://github.com/kavia-common/internet-banking-concept-microservices-303209.git:kavia-development
2026-01-28 12:20:24,919 - Knowledge - INFO - Code base not found for https://github.com/kavia-common/internet-banking-concept-microservices-303209.git:kavia-development. Joining with Knowledge base_path: True.
2026-01-28 12:20:25,079 - Knowledge - INFO - /app/data/T0015/311196/b7970fw/internet-banking-concept-microservices-303209
2026-01-28 12:20:25,312 - Knowledge - INFO - Found code-base-name: https://github.com/kavia-common/internet-banking-concept-microservices-303209.git:kavia-development
2026-01-28 12:20:25,480 - Knowledge - INFO - Code base not found for https://github.com/kavia-common/internet-banking-concept-microservices-303209.git:kavia-development. Joining with Knowledge base_path: False.
2026-01-28 12:20:25,691 - Knowledge - INFO - /app/data/T0015/311196/b7970fw/internet-banking-concept-microservices-303209
2026-01-28 12:20:25,863 - Knowledge - INFO - persist ingested knowledge for /app/data/T0015/311196/b7970fw/internet-banking-concept-microservices-303209/internet-banking-user-service/src/main/java/com/javatodev/finance/InternetBankingUserServiceApplication.java
2026-01-28 12:20:26,164 - Knowledge - INFO - [MONGODB_OP] Completed: persist, Collection: file_info, Duration: 87ms
2026-01-28 12:20:26,649 - Knowledge - INFO - [REDIS_OP] Completed: store_embedding, Key: internet-banking-user-service/src/main/java/com/javatodev/finance/InternetBankingUserServiceApplication.java, Duration: 322ms
2026-01-28 12:20:26,849 - Knowledge - INFO - persist search terms embedding for internet-banking-user-service/src/main/java/com/javatodev/finance/InternetBankingUserServiceApplication.java
2026-01-28 12:20:27,043 - Knowledge - INFO - process ingested knowledge for /app/data/T0015/311196/b7970fw/internet-banking-concept-microservices-303209/internet-banking-user-service/src/main/java/com/javatodev/finance/InternetBankingUserServiceApplication.java
2026-01-28 12:20:27,204 - Knowledge - INFO - Found code-base-name: https://github.com/kavia-common/internet-banking-concept-microservices-303209.git:kavia-development
2026-01-28 12:20:27,381 - Knowledge - INFO - Code base not found for https://github.com/kavia-common/internet-banking-concept-microservices-303209.git:kavia-development. Joining with Knowledge base_path: True.
2026-01-28 12:20:27,596 - Knowledge - INFO - /app/data/T0015/311196/b7970fw/internet-banking-concept-microservices-303209
2026-01-28 12:20:27,834 - Knowledge - INFO - Found code-base-name: https://github.com/kavia-common/internet-banking-concept-microservices-303209.git:kavia-development
2026-01-28 12:20:27,990 - Knowledge - INFO - Code base not found for https://github.com/kavia-common/internet-banking-concept-microservices-303209.git:kavia-development. Joining with Knowledge base_path: False.
2026-01-28 12:20:28,232 - Knowledge - INFO - /app/data/T0015/311196/b7970fw/internet-banking-concept-microservices-303209
2026-01-28 12:20:28,434 - Knowledge - INFO - persist ingested knowledge for /app/data/T0015/311196/b7970fw/internet-banking-concept-microservices-303209/internet-banking-user-service/src/main/java/com/javatodev/finance/model/rest/response/AccountResponse.java
2026-01-28 12:20:28,678 - Knowledge - INFO - [MONGODB_OP] Completed: persist, Collection: file_info, Duration: 80ms
2026-01-28 12:20:29,115 - Knowledge - INFO - [REDIS_OP] Completed: store_embedding, Key: internet-banking-user-service/src/main/java/com/javatodev/finance/model/rest/response/AccountResponse.java, Duration: 256ms
2026-01-28 12:20:29,285 - Knowledge - INFO - persist search terms embedding for internet-banking-user-service/src/main/java/com/javatodev/finance/model/rest/response/AccountResponse.java
2026-01-28 12:20:29,467 - Knowledge - INFO - process ingested knowledge for /app/data/T0015/311196/b7970fw/internet-banking-concept-microservices-303209/internet-banking-user-service/src/main/java/com/javatodev/finance/model/rest/response/AccountResponse.java
2026-01-28 12:20:29,646 - Knowledge - INFO - Found code-base-name: https://github.com/kavia-common/internet-banking-concept-microservices-303209.git:kavia-development
2026-01-28 12:20:29,813 - Knowledge - INFO - Code base not found for https://github.com/kavia-common/internet-banking-concept-microservices-303209.git:kavia-development. Joining with Knowledge base_path: True.
2026-01-28 12:20:29,978 - Knowledge - INFO - /app/data/T0015/311196/b7970fw/internet-banking-concept-microservices-303209
2026-01-28 12:20:30,257 - Knowledge - INFO - Found code-base-name: https://github.com/kavia-common/internet-banking-concept-microservices-303209.git:kavia-development
2026-01-28 12:20:30,433 - Knowledge - INFO - Code base not found for https://github.com/kavia-common/internet-banking-concept-microservices-303209.git:kavia-development. Joining with Knowledge base_path: False.
2026-01-28 12:20:30,594 - Knowledge - INFO - /app/data/T0015/311196/b7970fw/internet-banking-concept-microservices-303209
2026-01-28 12:20:30,781 - Knowledge - INFO - persist ingested knowledge for /app/data/T0015/311196/b7970fw/internet-banking-concept-microservices-303209/internet-banking-utility-payment-service/src/main/java/com/javatodev/finance/model/rest/response/AccountResponse.java
2026-01-28 12:20:31,073 - Knowledge - INFO - [MONGODB_OP] Completed: persist, Collection: file_info, Duration: 87ms
2026-01-28 12:20:31,435 - Knowledge - INFO - [REDIS_OP] Completed: store_embedding, Key: internet-banking-utility-payment-service/src/main/java/com/javatodev/finance/model/rest/response/AccountResponse.java, Duration: 190ms
2026-01-28 12:20:31,626 - Knowledge - INFO - persist search terms embedding for internet-banking-utility-payment-service/src/main/java/com/javatodev/finance/model/rest/response/AccountResponse.java
2026-01-28 12:20:31,811 - Knowledge - INFO - process ingested knowledge for /app/data/T0015/311196/b7970fw/internet-banking-concept-microservices-303209/internet-banking-utility-payment-service/src/main/java/com/javatodev/finance/model/rest/response/AccountResponse.java
2026-01-28 12:20:31,984 - Knowledge - INFO - Found code-base-name: https://github.com/kavia-common/internet-banking-concept-microservices-303209.git:kavia-development
2026-01-28 12:20:32,156 - Knowledge - INFO - Code base not found for https://github.com/kavia-common/internet-banking-concept-microservices-303209.git:kavia-development. Joining with Knowledge base_path: True.
2026-01-28 12:20:32,358 - Knowledge - INFO - /app/data/T0015/311196/b7970fw/internet-banking-concept-microservices-303209
2026-01-28 12:20:32,596 - Knowledge - INFO - Found code-base-name: https://github.com/kavia-common/internet-banking-concept-microservices-303209.git:kavia-development
2026-01-28 12:20:32,767 - Knowledge - INFO - Code base not found for https://github.com/kavia-common/internet-banking-concept-microservices-303209.git:kavia-development. Joining with Knowledge base_path: False.
2026-01-28 12:20:32,952 - Knowledge - INFO - /app/data/T0015/311196/b7970fw/internet-banking-concept-microservices-303209
2026-01-28 12:20:33,131 - Knowledge - INFO - persist ingested knowledge for /app/data/T0015/311196/b7970fw/internet-banking-concept-microservices-303209/internet-banking-api-gateway/src/main/resources/bootstrap.yml
2026-01-28 12:20:33,378 - Knowledge - INFO - [MONGODB_OP] Completed: persist, Collection: file_info, Duration: 91ms
2026-01-28 12:20:33,790 - Knowledge - INFO - [REDIS_OP] Completed: store_embedding, Key: internet-banking-api-gateway/src/main/resources/bootstrap.yml, Duration: 247ms
2026-01-28 12:20:33,948 - Knowledge - INFO - persist search terms embedding for internet-banking-api-gateway/src/main/resources/bootstrap.yml
2026-01-28 12:20:34,153 - Knowledge - INFO - process ingested knowledge for /app/data/T0015/311196/b7970fw/internet-banking-concept-microservices-303209/internet-banking-api-gateway/src/main/resources/bootstrap.yml
2026-01-28 12:20:34,368 - Knowledge - INFO - Found code-base-name: https://github.com/kavia-common/internet-banking-concept-microservices-303209.git:kavia-development
2026-01-28 12:20:34,574 - Knowledge - INFO - Code base not found for https://github.com/kavia-common/internet-banking-concept-microservices-303209.git:kavia-development. Joining with Knowledge base_path: True.
2026-01-28 12:20:34,737 - Knowledge - INFO - /app/data/T0015/311196/b7970fw/internet-banking-concept-microservices-303209
2026-01-28 12:20:35,019 - Knowledge - INFO - Found code-base-name: https://github.com/kavia-common/internet-banking-concept-microservices-303209.git:kavia-development
2026-01-28 12:20:35,191 - Knowledge - INFO - Code base not found for https://github.com/kavia-common/internet-banking-concept-microservices-303209.git:kavia-development. Joining with Knowledge base_path: False.
2026-01-28 12:20:35,357 - Knowledge - INFO - /app/data/T0015/311196/b7970fw/internet-banking-concept-microservices-303209
2026-01-28 12:20:35,519 - Knowledge - INFO - persist ingested knowledge for /app/data/T0015/311196/b7970fw/internet-banking-concept-microservices-303209/internet-banking-api-gateway/src/main/java/com/javatodev/finance/InternetBankingApiGatewayApplication.java
2026-01-28 12:20:35,796 - Knowledge - INFO - [MONGODB_OP] Completed: persist, Collection: file_info, Duration: 86ms
2026-01-28 12:20:36,452 - Knowledge - INFO - [REDIS_OP] Completed: store_embedding, Key: internet-banking-api-gateway/src/main/java/com/javatodev/finance/InternetBankingApiGatewayApplication.java, Duration: 488ms
2026-01-28 12:20:36,633 - Knowledge - INFO - persist search terms embedding for internet-banking-api-gateway/src/main/java/com/javatodev/finance/InternetBankingApiGatewayApplication.java
2026-01-28 12:20:36,837 - Knowledge - INFO - process ingested knowledge for /app/data/T0015/311196/b7970fw/internet-banking-concept-microservices-303209/internet-banking-api-gateway/src/main/java/com/javatodev/finance/InternetBankingApiGatewayApplication.java
2026-01-28 12:20:37,008 - Knowledge - INFO - Found code-base-name: https://github.com/kavia-common/internet-banking-concept-microservices-303209.git:kavia-development
2026-01-28 12:20:37,186 - Knowledge - INFO - Code base not found for https://github.com/kavia-common/internet-banking-concept-microservices-303209.git:kavia-development. Joining with Knowledge base_path: True.
2026-01-28 12:20:37,358 - Knowledge - INFO - /app/data/T0015/311196/b7970fw/internet-banking-concept-microservices-303209
2026-01-28 12:20:37,614 - Knowledge - INFO - Found code-base-name: https://github.com/kavia-common/internet-banking-concept-microservices-303209.git:kavia-development
2026-01-28 12:20:37,822 - Knowledge - INFO - Code base not found for https://github.com/kavia-common/internet-banking-concept-microservices-303209.git:kavia-development. Joining with Knowledge base_path: False.
2026-01-28 12:20:37,995 - Knowledge - INFO - /app/data/T0015/311196/b7970fw/internet-banking-concept-microservices-303209
2026-01-28 12:20:38,161 - Knowledge - INFO - persist ingested knowledge for /app/data/T0015/311196/b7970fw/internet-banking-concept-microservices-303209/internet-banking-config-server/src/test/java/com/javatodev/finance/InternetBankingConfigServerApplicationTests.java
2026-01-28 12:20:38,427 - Knowledge - INFO - [MONGODB_OP] Completed: persist, Collection: file_info, Duration: 89ms
2026-01-28 12:20:38,874 - Knowledge - INFO - [REDIS_OP] Completed: store_embedding, Key: internet-banking-config-server/src/test/java/com/javatodev/finance/InternetBankingConfigServerApplicationTests.java, Duration: 226ms
2026-01-28 12:20:39,060 - Knowledge - INFO - persist search terms embedding for internet-banking-config-server/src/test/java/com/javatodev/finance/InternetBankingConfigServerApplicationTests.java
2026-01-28 12:20:39,254 - Knowledge - INFO - process ingested knowledge for /app/data/T0015/311196/b7970fw/internet-banking-concept-microservices-303209/internet-banking-config-server/src/test/java/com/javatodev/finance/InternetBankingConfigServerApplicationTests.java
2026-01-28 12:20:39,468 - Knowledge - INFO - Found code-base-name: https://github.com/kavia-common/internet-banking-concept-microservices-303209.git:kavia-development
2026-01-28 12:20:39,655 - Knowledge - INFO - Code base not found for https://github.com/kavia-common/internet-banking-concept-microservices-303209.git:kavia-development. Joining with Knowledge base_path: True.
2026-01-28 12:20:39,871 - Knowledge - INFO - /app/data/T0015/311196/b7970fw/internet-banking-concept-microservices-303209
2026-01-28 12:20:40,101 - Knowledge - INFO - Found code-base-name: https://github.com/kavia-common/internet-banking-concept-microservices-303209.git:kavia-development
2026-01-28 12:20:40,278 - Knowledge - INFO - Code base not found for https://github.com/kavia-common/internet-banking-concept-microservices-303209.git:kavia-development. Joining with Knowledge base_path: False.
2026-01-28 12:20:40,458 - Knowledge - INFO - /app/data/T0015/311196/b7970fw/internet-banking-concept-microservices-303209
2026-01-28 12:20:40,673 - Knowledge - INFO - persist ingested knowledge for /app/data/T0015/311196/b7970fw/internet-banking-concept-microservices-303209/internet-banking-fund-transfer-service/src/main/java/com/javatodev/finance/model/entity/FundTransferEntity.java
2026-01-28 12:20:40,928 - Knowledge - INFO - [MONGODB_OP] Completed: persist, Collection: file_info, Duration: 88ms
2026-01-28 12:20:41,404 - Knowledge - INFO - [REDIS_OP] Completed: store_embedding, Key: internet-banking-fund-transfer-service/src/main/java/com/javatodev/finance/model/entity/FundTransferEntity.java, Duration: 294ms
2026-01-28 12:20:41,601 - Knowledge - INFO - persist search terms embedding for internet-banking-fund-transfer-service/src/main/java/com/javatodev/finance/model/entity/FundTransferEntity.java
2026-01-28 12:20:41,817 - Knowledge - INFO - process ingested knowledge for /app/data/T0015/311196/b7970fw/internet-banking-concept-microservices-303209/internet-banking-fund-transfer-service/src/main/java/com/javatodev/finance/model/entity/FundTransferEntity.java
2026-01-28 12:20:42,022 - Knowledge - INFO - Found code-base-name: https://github.com/kavia-common/internet-banking-concept-microservices-303209.git:kavia-development
2026-01-28 12:20:42,237 - Knowledge - INFO - Code base not found for https://github.com/kavia-common/internet-banking-concept-microservices-303209.git:kavia-development. Joining with Knowledge base_path: True.
2026-01-28 12:20:42,409 - Knowledge - INFO - /app/data/T0015/311196/b7970fw/internet-banking-concept-microservices-303209
2026-01-28 12:20:42,649 - Knowledge - INFO - Found code-base-name: https://github.com/kavia-common/internet-banking-concept-microservices-303209.git:kavia-development
2026-01-28 12:20:42,863 - Knowledge - INFO - Code base not found for https://github.com/kavia-common/internet-banking-concept-microservices-303209.git:kavia-development. Joining with Knowledge base_path: False.
2026-01-28 12:20:43,013 - Knowledge - INFO - /app/data/T0015/311196/b7970fw/internet-banking-concept-microservices-303209
2026-01-28 12:20:43,171 - Knowledge - INFO - persist ingested knowledge for /app/data/T0015/311196/b7970fw/internet-banking-concept-microservices-303209/core-banking-service/src/main/java/com/javatodev/finance/exception/EntityNotFoundException.java
2026-01-28 12:20:43,422 - Knowledge - INFO - [MONGODB_OP] Completed: persist, Collection: file_info, Duration: 85ms
2026-01-28 12:20:43,934 - Knowledge - INFO - [REDIS_OP] Completed: store_embedding, Key: core-banking-service/src/main/java/com/javatodev/finance/exception/EntityNotFoundException.java, Duration: 334ms
2026-01-28 12:20:44,114 - Knowledge - INFO - persist search terms embedding for core-banking-service/src/main/java/com/javatodev/finance/exception/EntityNotFoundException.java
2026-01-28 12:20:44,285 - Knowledge - INFO - process ingested knowledge for /app/data/T0015/311196/b7970fw/internet-banking-concept-microservices-303209/core-banking-service/src/main/java/com/javatodev/finance/exception/EntityNotFoundException.java
2026-01-28 12:20:44,456 - Knowledge - INFO - Found code-base-name: https://github.com/kavia-common/internet-banking-concept-microservices-303209.git:kavia-development
2026-01-28 12:20:44,613 - Knowledge - INFO - Code base not found for https://github.com/kavia-common/internet-banking-concept-microservices-303209.git:kavia-development. Joining with Knowledge base_path: True.
2026-01-28 12:20:44,817 - Knowledge - INFO - /app/data/T0015/311196/b7970fw/internet-banking-concept-microservices-303209
2026-01-28 12:20:45,035 - Knowledge - INFO - Found code-base-name: https://github.com/kavia-common/internet-banking-concept-microservices-303209.git:kavia-development
2026-01-28 12:20:45,251 - Knowledge - INFO - Code base not found for https://github.com/kavia-common/internet-banking-concept-microservices-303209.git:kavia-development. Joining with Knowledge base_path: False.
2026-01-28 12:20:45,445 - Knowledge - INFO - /app/data/T0015/311196/b7970fw/internet-banking-concept-microservices-303209
2026-01-28 12:20:45,629 - Knowledge - INFO - persist ingested knowledge for /app/data/T0015/311196/b7970fw/internet-banking-concept-microservices-303209/internet-banking-utility-payment-service/src/main/java/com/javatodev/finance/model/entity/UtilityPaymentEntity.java
2026-01-28 12:20:45,921 - Knowledge - INFO - [MONGODB_OP] Completed: persist, Collection: file_info, Duration: 128ms
2026-01-28 12:20:46,401 - Knowledge - INFO - [REDIS_OP] Completed: store_embedding, Key: internet-banking-utility-payment-service/src/main/java/com/javatodev/finance/model/entity/UtilityPaymentEntity.java, Duration: 304ms
2026-01-28 12:20:46,570 - Knowledge - INFO - persist search terms embedding for internet-banking-utility-payment-service/src/main/java/com/javatodev/finance/model/entity/UtilityPaymentEntity.java
2026-01-28 12:20:46,734 - Knowledge - INFO - process ingested knowledge for /app/data/T0015/311196/b7970fw/internet-banking-concept-microservices-303209/internet-banking-utility-payment-service/src/main/java/com/javatodev/finance/model/entity/UtilityPaymentEntity.java
2026-01-28 12:20:46,913 - Knowledge - INFO - Found code-base-name: https://github.com/kavia-common/internet-banking-concept-microservices-303209.git:kavia-development
2026-01-28 12:20:47,094 - Knowledge - INFO - Code base not found for https://github.com/kavia-common/internet-banking-concept-microservices-303209.git:kavia-development. Joining with Knowledge base_path: True.
2026-01-28 12:20:47,271 - Knowledge - INFO - /app/data/T0015/311196/b7970fw/internet-banking-concept-microservices-303209
2026-01-28 12:20:47,571 - Knowledge - INFO - Found code-base-name: https://github.com/kavia-common/internet-banking-concept-microservices-303209.git:kavia-development
2026-01-28 12:20:47,751 - Knowledge - INFO - Code base not found for https://github.com/kavia-common/internet-banking-concept-microservices-303209.git:kavia-development. Joining with Knowledge base_path: False.
2026-01-28 12:20:47,907 - Knowledge - INFO - /app/data/T0015/311196/b7970fw/internet-banking-concept-microservices-303209
2026-01-28 12:20:48,067 - Knowledge - INFO - persist ingested knowledge for /app/data/T0015/311196/b7970fw/internet-banking-concept-microservices-303209/core-banking-service/src/main/java/com/javatodev/finance/exception/ErrorResponse.java
2026-01-28 12:20:48,338 - Knowledge - INFO - [MONGODB_OP] Completed: persist, Collection: file_info, Duration: 91ms
2026-01-28 12:20:48,788 - Knowledge - INFO - [REDIS_OP] Completed: store_embedding, Key: core-banking-service/src/main/java/com/javatodev/finance/exception/ErrorResponse.java, Duration: 293ms
2026-01-28 12:20:49,005 - Knowledge - INFO - persist search terms embedding for core-banking-service/src/main/java/com/javatodev/finance/exception/ErrorResponse.java
2026-01-28 12:20:49,200 - Knowledge - INFO - process ingested knowledge for /app/data/T0015/311196/b7970fw/internet-banking-concept-microservices-303209/core-banking-service/src/main/java/com/javatodev/finance/exception/ErrorResponse.java
2026-01-28 12:20:49,407 - Knowledge - INFO - Found code-base-name: https://github.com/kavia-common/internet-banking-concept-microservices-303209.git:kavia-development
2026-01-28 12:20:49,640 - Knowledge - INFO - Code base not found for https://github.com/kavia-common/internet-banking-concept-microservices-303209.git:kavia-development. Joining with Knowledge base_path: True.
2026-01-28 12:20:49,807 - Knowledge - INFO - /app/data/T0015/311196/b7970fw/internet-banking-concept-microservices-303209
2026-01-28 12:20:50,110 - Knowledge - INFO - Found code-base-name: https://github.com/kavia-common/internet-banking-concept-microservices-303209.git:kavia-development
2026-01-28 12:20:50,291 - Knowledge - INFO - Code base not found for https://github.com/kavia-common/internet-banking-concept-microservices-303209.git:kavia-development. Joining with Knowledge base_path: False.
2026-01-28 12:20:50,464 - Knowledge - INFO - /app/data/T0015/311196/b7970fw/internet-banking-concept-microservices-303209
2026-01-28 12:20:50,645 - Knowledge - INFO - persist ingested knowledge for /app/data/T0015/311196/b7970fw/internet-banking-concept-microservices-303209/internet-banking-user-service/src/main/java/com/javatodev/finance/configuration/CustomFeignErrorDecoder.java
2026-01-28 12:20:50,907 - Knowledge - INFO - [MONGODB_OP] Completed: persist, Collection: file_info, Duration: 90ms
2026-01-28 12:20:51,321 - Knowledge - INFO - [REDIS_OP] Completed: store_embedding, Key: internet-banking-user-service/src/main/java/com/javatodev/finance/configuration/CustomFeignErrorDecoder.java, Duration: 221ms
2026-01-28 12:20:51,481 - Knowledge - INFO - persist search terms embedding for internet-banking-user-service/src/main/java/com/javatodev/finance/configuration/CustomFeignErrorDecoder.java
2026-01-28 12:20:51,658 - Knowledge - INFO - process ingested knowledge for /app/data/T0015/311196/b7970fw/internet-banking-concept-microservices-303209/internet-banking-user-service/src/main/java/com/javatodev/finance/configuration/CustomFeignErrorDecoder.java
2026-01-28 12:20:51,858 - Knowledge - INFO - Found code-base-name: https://github.com/kavia-common/internet-banking-concept-microservices-303209.git:kavia-development
2026-01-28 12:20:52,030 - Knowledge - INFO - Code base not found for https://github.com/kavia-common/internet-banking-concept-microservices-303209.git:kavia-development. Joining with Knowledge base_path: True.
2026-01-28 12:20:52,200 - Knowledge - INFO - /app/data/T0015/311196/b7970fw/internet-banking-concept-microservices-303209
2026-01-28 12:20:52,445 - Knowledge - INFO - Found code-base-name: https://github.com/kavia-common/internet-banking-concept-microservices-303209.git:kavia-development
2026-01-28 12:20:52,651 - Knowledge - INFO - Code base not found for https://github.com/kavia-common/internet-banking-concept-microservices-303209.git:kavia-development. Joining with Knowledge base_path: False.
2026-01-28 12:20:52,861 - Knowledge - INFO - /app/data/T0015/311196/b7970fw/internet-banking-concept-microservices-303209
2026-01-28 12:20:53,017 - Knowledge - INFO - persist ingested knowledge for /app/data/T0015/311196/b7970fw/internet-banking-concept-microservices-303209/internet-banking-config-server/settings.gradle
2026-01-28 12:20:53,287 - Knowledge - INFO - [MONGODB_OP] Completed: persist, Collection: file_info, Duration: 96ms
2026-01-28 12:20:53,747 - Knowledge - INFO - [REDIS_OP] Completed: store_embedding, Key: internet-banking-config-server/settings.gradle, Duration: 297ms
2026-01-28 12:20:53,913 - Knowledge - INFO - persist search terms embedding for internet-banking-config-server/settings.gradle
2026-01-28 12:20:54,078 - Knowledge - INFO - process ingested knowledge for /app/data/T0015/311196/b7970fw/internet-banking-concept-microservices-303209/internet-banking-config-server/settings.gradle
2026-01-28 12:20:54,279 - Knowledge - INFO - Found code-base-name: https://github.com/kavia-common/internet-banking-concept-microservices-303209.git:kavia-development
2026-01-28 12:20:54,491 - Knowledge - INFO - Code base not found for https://github.com/kavia-common/internet-banking-concept-microservices-303209.git:kavia-development. Joining with Knowledge base_path: True.
2026-01-28 12:20:54,663 - Knowledge - INFO - /app/data/T0015/311196/b7970fw/internet-banking-concept-microservices-303209
2026-01-28 12:20:54,878 - Knowledge - INFO - Found code-base-name: https://github.com/kavia-common/internet-banking-concept-microservices-303209.git:kavia-development
2026-01-28 12:20:55,083 - Knowledge - INFO - Code base not found for https://github.com/kavia-common/internet-banking-concept-microservices-303209.git:kavia-development. Joining with Knowledge base_path: False.
2026-01-28 12:20:55,262 - Knowledge - INFO - /app/data/T0015/311196/b7970fw/internet-banking-concept-microservices-303209
2026-01-28 12:20:55,433 - Knowledge - INFO - persist ingested knowledge for /app/data/T0015/311196/b7970fw/internet-banking-concept-microservices-303209/core-banking-service/src/main/java/com/javatodev/finance/service/TransactionService.java
2026-01-28 12:20:55,695 - Knowledge - INFO - [MONGODB_OP] Completed: persist, Collection: file_info, Duration: 82ms
2026-01-28 12:20:56,160 - Knowledge - INFO - [REDIS_OP] Completed: store_embedding, Key: core-banking-service/src/main/java/com/javatodev/finance/service/TransactionService.java, Duration: 288ms
2026-01-28 12:20:56,325 - Knowledge - INFO - persist search terms embedding for core-banking-service/src/main/java/com/javatodev/finance/service/TransactionService.java
2026-01-28 12:20:56,504 - Knowledge - INFO - process ingested knowledge for /app/data/T0015/311196/b7970fw/internet-banking-concept-microservices-303209/core-banking-service/src/main/java/com/javatodev/finance/service/TransactionService.java
2026-01-28 12:20:56,700 - Knowledge - INFO - Found code-base-name: https://github.com/kavia-common/internet-banking-concept-microservices-303209.git:kavia-development
2026-01-28 12:20:56,898 - Knowledge - INFO - Code base not found for https://github.com/kavia-common/internet-banking-concept-microservices-303209.git:kavia-development. Joining with Knowledge base_path: True.
2026-01-28 12:20:57,086 - Knowledge - INFO - /app/data/T0015/311196/b7970fw/internet-banking-concept-microservices-303209
2026-01-28 12:20:57,399 - Knowledge - INFO - Found code-base-name: https://github.com/kavia-common/internet-banking-concept-microservices-303209.git:kavia-development
2026-01-28 12:20:57,590 - Knowledge - INFO - Code base not found for https://github.com/kavia-common/internet-banking-concept-microservices-303209.git:kavia-development. Joining with Knowledge base_path: False.
2026-01-28 12:20:57,773 - Knowledge - INFO - /app/data/T0015/311196/b7970fw/internet-banking-concept-microservices-303209
2026-01-28 12:20:57,936 - Knowledge - INFO - persist ingested knowledge for /app/data/T0015/311196/b7970fw/internet-banking-concept-microservices-303209/internet-banking-utility-payment-service/src/main/java/com/javatodev/finance/model/mapper/UtilityPaymentMapper.java
2026-01-28 12:20:58,194 - Knowledge - INFO - [MONGODB_OP] Completed: persist, Collection: file_info, Duration: 81ms
2026-01-28 12:20:59,788 - Knowledge - INFO - [REDIS_OP] Completed: store_embedding, Key: internet-banking-utility-payment-service/src/main/java/com/javatodev/finance/model/mapper/UtilityPaymentMapper.java, Duration: 1418ms
2026-01-28 12:20:59,964 - Knowledge - INFO - persist search terms embedding for internet-banking-utility-payment-service/src/main/java/com/javatodev/finance/model/mapper/UtilityPaymentMapper.java
2026-01-28 12:21:00,133 - Knowledge - INFO - process ingested knowledge for /app/data/T0015/311196/b7970fw/internet-banking-concept-microservices-303209/internet-banking-utility-payment-service/src/main/java/com/javatodev/finance/model/mapper/UtilityPaymentMapper.java
2026-01-28 12:21:00,333 - Knowledge - INFO - Found code-base-name: https://github.com/kavia-common/internet-banking-concept-microservices-303209.git:kavia-development
2026-01-28 12:21:00,499 - Knowledge - INFO - Code base not found for https://github.com/kavia-common/internet-banking-concept-microservices-303209.git:kavia-development. Joining with Knowledge base_path: True.
2026-01-28 12:21:00,696 - Knowledge - INFO - /app/data/T0015/311196/b7970fw/internet-banking-concept-microservices-303209
2026-01-28 12:21:00,948 - Knowledge - INFO - Found code-base-name: https://github.com/kavia-common/internet-banking-concept-microservices-303209.git:kavia-development
2026-01-28 12:21:01,133 - Knowledge - INFO - Code base not found for https://github.com/kavia-common/internet-banking-concept-microservices-303209.git:kavia-development. Joining with Knowledge base_path: False.
2026-01-28 12:21:01,307 - Knowledge - INFO - /app/data/T0015/311196/b7970fw/internet-banking-concept-microservices-303209
2026-01-28 12:21:01,471 - Knowledge - INFO - persist ingested knowledge for /app/data/T0015/311196/b7970fw/internet-banking-concept-microservices-303209/internet-banking-fund-transfer-service/src/main/java/com/javatodev/finance/model/mapper/FundTransferMapper.java
2026-01-28 12:21:01,737 - Knowledge - INFO - [MONGODB_OP] Completed: persist, Collection: file_info, Duration: 89ms
2026-01-28 12:21:02,172 - Knowledge - INFO - [REDIS_OP] Completed: store_embedding, Key: internet-banking-fund-transfer-service/src/main/java/com/javatodev/finance/model/mapper/FundTransferMapper.java, Duration: 257ms
2026-01-28 12:21:02,325 - Knowledge - INFO - persist search terms embedding for internet-banking-fund-transfer-service/src/main/java/com/javatodev/finance/model/mapper/FundTransferMapper.java
2026-01-28 12:21:02,491 - Knowledge - INFO - process ingested knowledge for /app/data/T0015/311196/b7970fw/internet-banking-concept-microservices-303209/internet-banking-fund-transfer-service/src/main/java/com/javatodev/finance/model/mapper/FundTransferMapper.java
2026-01-28 12:21:02,702 - Knowledge - INFO - Found code-base-name: https://github.com/kavia-common/internet-banking-concept-microservices-303209.git:kavia-development
2026-01-28 12:21:02,882 - Knowledge - INFO - Code base not found for https://github.com/kavia-common/internet-banking-concept-microservices-303209.git:kavia-development. Joining with Knowledge base_path: True.
2026-01-28 12:21:03,084 - Knowledge - INFO - /app/data/T0015/311196/b7970fw/internet-banking-concept-microservices-303209
2026-01-28 12:21:03,339 - Knowledge - INFO - Found code-base-name: https://github.com/kavia-common/internet-banking-concept-microservices-303209.git:kavia-development
2026-01-28 12:21:03,518 - Knowledge - INFO - Code base not found for https://github.com/kavia-common/internet-banking-concept-microservices-303209.git:kavia-development. Joining with Knowledge base_path: False.
2026-01-28 12:21:03,695 - Knowledge - INFO - /app/data/T0015/311196/b7970fw/internet-banking-concept-microservices-303209
2026-01-28 12:21:03,873 - Knowledge - INFO - persist ingested knowledge for /app/data/T0015/311196/b7970fw/internet-banking-concept-microservices-303209/internet-banking-service-registry/src/main/java/com/javatodev/finance/InternetBankingServiceRegistryApplication.java
2026-01-28 12:21:04,184 - Knowledge - INFO - [MONGODB_OP] Completed: persist, Collection: file_info, Duration: 91ms
2026-01-28 12:21:04,569 - Knowledge - INFO - [REDIS_OP] Completed: store_embedding, Key: internet-banking-service-registry/src/main/java/com/javatodev/finance/InternetBankingServiceRegistryApplication.java, Duration: 209ms
2026-01-28 12:21:04,759 - Knowledge - INFO - persist search terms embedding for internet-banking-service-registry/src/main/java/com/javatodev/finance/InternetBankingServiceRegistryApplication.java
2026-01-28 12:21:04,942 - Knowledge - INFO - process ingested knowledge for /app/data/T0015/311196/b7970fw/internet-banking-concept-microservices-303209/internet-banking-service-registry/src/main/java/com/javatodev/finance/InternetBankingServiceRegistryApplication.java
2026-01-28 12:21:05,161 - Knowledge - INFO - Found code-base-name: https://github.com/kavia-common/internet-banking-concept-microservices-303209.git:kavia-development
2026-01-28 12:21:05,331 - Knowledge - INFO - Code base not found for https://github.com/kavia-common/internet-banking-concept-microservices-303209.git:kavia-development. Joining with Knowledge base_path: True.
2026-01-28 12:21:05,489 - Knowledge - INFO - /app/data/T0015/311196/b7970fw/internet-banking-concept-microservices-303209
2026-01-28 12:21:05,751 - Knowledge - INFO - Found code-base-name: https://github.com/kavia-common/internet-banking-concept-microservices-303209.git:kavia-development
2026-01-28 12:21:05,902 - Knowledge - INFO - Code base not found for https://github.com/kavia-common/internet-banking-concept-microservices-303209.git:kavia-development. Joining with Knowledge base_path: False.
2026-01-28 12:21:06,083 - Knowledge - INFO - /app/data/T0015/311196/b7970fw/internet-banking-concept-microservices-303209
2026-01-28 12:21:06,253 - Knowledge - INFO - persist ingested knowledge for /app/data/T0015/311196/b7970fw/internet-banking-concept-microservices-303209/core-banking-service/src/main/java/com/javatodev/finance/model/dto/UtilityAccount.java
2026-01-28 12:21:06,516 - Knowledge - INFO - [MONGODB_OP] Completed: persist, Collection: file_info, Duration: 89ms
2026-01-28 12:21:06,980 - Knowledge - INFO - [REDIS_OP] Completed: store_embedding, Key: core-banking-service/src/main/java/com/javatodev/finance/model/dto/UtilityAccount.java, Duration: 271ms
2026-01-28 12:21:07,148 - Knowledge - INFO - persist search terms embedding for core-banking-service/src/main/java/com/javatodev/finance/model/dto/UtilityAccount.java
2026-01-28 12:21:07,328 - Knowledge - INFO - process ingested knowledge for /app/data/T0015/311196/b7970fw/internet-banking-concept-microservices-303209/core-banking-service/src/main/java/com/javatodev/finance/model/dto/UtilityAccount.java
2026-01-28 12:21:07,568 - Knowledge - INFO - Found code-base-name: https://github.com/kavia-common/internet-banking-concept-microservices-303209.git:kavia-development
2026-01-28 12:21:07,781 - Knowledge - INFO - Code base not found for https://github.com/kavia-common/internet-banking-concept-microservices-303209.git:kavia-development. Joining with Knowledge base_path: True.
2026-01-28 12:21:07,960 - Knowledge - INFO - /app/data/T0015/311196/b7970fw/internet-banking-concept-microservices-303209
2026-01-28 12:21:08,214 - Knowledge - INFO - Found code-base-name: https://github.com/kavia-common/internet-banking-concept-microservices-303209.git:kavia-development
2026-01-28 12:21:08,374 - Knowledge - INFO - Code base not found for https://github.com/kavia-common/internet-banking-concept-microservices-303209.git:kavia-development. Joining with Knowledge base_path: False.
2026-01-28 12:21:08,544 - Knowledge - INFO - /app/data/T0015/311196/b7970fw/internet-banking-concept-microservices-303209
2026-01-28 12:21:08,719 - Knowledge - INFO - persist ingested knowledge for /app/data/T0015/311196/b7970fw/internet-banking-concept-microservices-303209/core-banking-service/src/main/java/com/javatodev/finance/model/dto/BankAccount.java
2026-01-28 12:21:09,007 - Knowledge - INFO - [MONGODB_OP] Completed: persist, Collection: file_info, Duration: 107ms
2026-01-28 12:21:09,456 - Knowledge - INFO - [REDIS_OP] Completed: store_embedding, Key: core-banking-service/src/main/java/com/javatodev/finance/model/dto/BankAccount.java, Duration: 268ms
2026-01-28 12:21:09,630 - Knowledge - INFO - persist search terms embedding for core-banking-service/src/main/java/com/javatodev/finance/model/dto/BankAccount.java
2026-01-28 12:21:09,800 - Knowledge - INFO - process ingested knowledge for /app/data/T0015/311196/b7970fw/internet-banking-concept-microservices-303209/core-banking-service/src/main/java/com/javatodev/finance/model/dto/BankAccount.java
2026-01-28 12:21:09,983 - Knowledge - INFO - Found code-base-name: https://github.com/kavia-common/internet-banking-concept-microservices-303209.git:kavia-development
2026-01-28 12:21:10,171 - Knowledge - INFO - Code base not found for https://github.com/kavia-common/internet-banking-concept-microservices-303209.git:kavia-development. Joining with Knowledge base_path: True.
2026-01-28 12:21:10,321 - Knowledge - INFO - /app/data/T0015/311196/b7970fw/internet-banking-concept-microservices-303209
2026-01-28 12:21:10,576 - Knowledge - INFO - Found code-base-name: https://github.com/kavia-common/internet-banking-concept-microservices-303209.git:kavia-development
2026-01-28 12:21:10,747 - Knowledge - INFO - Code base not found for https://github.com/kavia-common/internet-banking-concept-microservices-303209.git:kavia-development. Joining with Knowledge base_path: False.
2026-01-28 12:21:10,908 - Knowledge - INFO - /app/data/T0015/311196/b7970fw/internet-banking-concept-microservices-303209
2026-01-28 12:21:11,094 - Knowledge - INFO - persist ingested knowledge for /app/data/T0015/311196/b7970fw/internet-banking-concept-microservices-303209/core-banking-service/src/main/java/com/javatodev/finance/model/entity/TransactionEntity.java
2026-01-28 12:21:11,367 - Knowledge - INFO - [MONGODB_OP] Completed: persist, Collection: file_info, Duration: 94ms
2026-01-28 12:21:11,893 - Knowledge - INFO - [REDIS_OP] Completed: store_embedding, Key: core-banking-service/src/main/java/com/javatodev/finance/model/entity/TransactionEntity.java, Duration: 310ms
2026-01-28 12:21:12,068 - Knowledge - INFO - persist search terms embedding for core-banking-service/src/main/java/com/javatodev/finance/model/entity/TransactionEntity.java
2026-01-28 12:21:12,254 - Knowledge - INFO - process ingested knowledge for /app/data/T0015/311196/b7970fw/internet-banking-concept-microservices-303209/core-banking-service/src/main/java/com/javatodev/finance/model/entity/TransactionEntity.java
2026-01-28 12:21:12,423 - Knowledge - INFO - Found code-base-name: https://github.com/kavia-common/internet-banking-concept-microservices-303209.git:kavia-development
2026-01-28 12:21:12,583 - Knowledge - INFO - Code base not found for https://github.com/kavia-common/internet-banking-concept-microservices-303209.git:kavia-development. Joining with Knowledge base_path: True.
2026-01-28 12:21:12,751 - Knowledge - INFO - /app/data/T0015/311196/b7970fw/internet-banking-concept-microservices-303209
2026-01-28 12:21:13,020 - Knowledge - INFO - Found code-base-name: https://github.com/kavia-common/internet-banking-concept-microservices-303209.git:kavia-development
2026-01-28 12:21:13,236 - Knowledge - INFO - Code base not found for https://github.com/kavia-common/internet-banking-concept-microservices-303209.git:kavia-development. Joining with Knowledge base_path: False.
2026-01-28 12:21:13,447 - Knowledge - INFO - /app/data/T0015/311196/b7970fw/internet-banking-concept-microservices-303209
2026-01-28 12:21:13,603 - Knowledge - INFO - persist ingested knowledge for /app/data/T0015/311196/b7970fw/internet-banking-concept-microservices-303209/internet-banking-utility-payment-service/src/main/java/com/javatodev/finance/service/UtilityPaymentService.java
2026-01-28 12:21:13,887 - Knowledge - INFO - [MONGODB_OP] Completed: persist, Collection: file_info, Duration: 98ms
2026-01-28 12:21:14,263 - Knowledge - INFO - [REDIS_OP] Completed: store_embedding, Key: internet-banking-utility-payment-service/src/main/java/com/javatodev/finance/service/UtilityPaymentService.java, Duration: 211ms
2026-01-28 12:21:14,503 - Knowledge - INFO - persist search terms embedding for internet-banking-utility-payment-service/src/main/java/com/javatodev/finance/service/UtilityPaymentService.java
2026-01-28 12:21:14,669 - Knowledge - INFO - process ingested knowledge for /app/data/T0015/311196/b7970fw/internet-banking-concept-microservices-303209/internet-banking-utility-payment-service/src/main/java/com/javatodev/finance/service/UtilityPaymentService.java
2026-01-28 12:21:14,875 - Knowledge - INFO - Found code-base-name: https://github.com/kavia-common/internet-banking-concept-microservices-303209.git:kavia-development
2026-01-28 12:21:15,054 - Knowledge - INFO - Code base not found for https://github.com/kavia-common/internet-banking-concept-microservices-303209.git:kavia-development. Joining with Knowledge base_path: True.
2026-01-28 12:21:15,228 - Knowledge - INFO - /app/data/T0015/311196/b7970fw/internet-banking-concept-microservices-303209
2026-01-28 12:21:15,458 - Knowledge - INFO - Found code-base-name: https://github.com/kavia-common/internet-banking-concept-microservices-303209.git:kavia-development
2026-01-28 12:21:15,637 - Knowledge - INFO - Code base not found for https://github.com/kavia-common/internet-banking-concept-microservices-303209.git:kavia-development. Joining with Knowledge base_path: False.
2026-01-28 12:21:15,815 - Knowledge - INFO - /app/data/T0015/311196/b7970fw/internet-banking-concept-microservices-303209
2026-01-28 12:21:16,029 - Knowledge - INFO - persist ingested knowledge for /app/data/T0015/311196/b7970fw/internet-banking-concept-microservices-303209/internet-banking-fund-transfer-service/src/main/java/com/javatodev/finance/service/FundTransferService.java
2026-01-28 12:21:16,279 - Knowledge - INFO - [MONGODB_OP] Completed: persist, Collection: file_info, Duration: 93ms
2026-01-28 12:21:16,669 - Knowledge - INFO - [REDIS_OP] Completed: store_embedding, Key: internet-banking-fund-transfer-service/src/main/java/com/javatodev/finance/service/FundTransferService.java, Duration: 214ms
2026-01-28 12:21:16,841 - Knowledge - INFO - persist search terms embedding for internet-banking-fund-transfer-service/src/main/java/com/javatodev/finance/service/FundTransferService.java
2026-01-28 12:21:17,016 - Knowledge - INFO - process ingested knowledge for /app/data/T0015/311196/b7970fw/internet-banking-concept-microservices-303209/internet-banking-fund-transfer-service/src/main/java/com/javatodev/finance/service/FundTransferService.java
2026-01-28 12:21:17,172 - Knowledge - INFO - Found code-base-name: https://github.com/kavia-common/internet-banking-concept-microservices-303209.git:kavia-development
2026-01-28 12:21:17,321 - Knowledge - INFO - Code base not found for https://github.com/kavia-common/internet-banking-concept-microservices-303209.git:kavia-development. Joining with Knowledge base_path: True.
2026-01-28 12:21:17,484 - Knowledge - INFO - /app/data/T0015/311196/b7970fw/internet-banking-concept-microservices-303209
2026-01-28 12:21:17,702 - Knowledge - INFO - Found code-base-name: https://github.com/kavia-common/internet-banking-concept-microservices-303209.git:kavia-development
2026-01-28 12:21:17,873 - Knowledge - INFO - Code base not found for https://github.com/kavia-common/internet-banking-concept-microservices-303209.git:kavia-development. Joining with Knowledge base_path: False.
2026-01-28 12:21:18,028 - Knowledge - INFO - /app/data/T0015/311196/b7970fw/internet-banking-concept-microservices-303209
2026-01-28 12:21:18,238 - Knowledge - INFO - persist ingested knowledge for /app/data/T0015/311196/b7970fw/internet-banking-concept-microservices-303209/internet-banking-user-service/src/main/resources/bootstrap.yml
2026-01-28 12:21:18,507 - Knowledge - INFO - [MONGODB_OP] Completed: persist, Collection: file_info, Duration: 84ms
2026-01-28 12:21:18,974 - Knowledge - INFO - [REDIS_OP] Completed: store_embedding, Key: internet-banking-user-service/src/main/resources/bootstrap.yml, Duration: 281ms
2026-01-28 12:21:19,134 - Knowledge - INFO - persist search terms embedding for internet-banking-user-service/src/main/resources/bootstrap.yml
2026-01-28 12:21:19,319 - Knowledge - INFO - process ingested knowledge for /app/data/T0015/311196/b7970fw/internet-banking-concept-microservices-303209/internet-banking-user-service/src/main/resources/bootstrap.yml
2026-01-28 12:21:19,491 - Knowledge - INFO - Found code-base-name: https://github.com/kavia-common/internet-banking-concept-microservices-303209.git:kavia-development
2026-01-28 12:21:19,650 - Knowledge - INFO - Code base not found for https://github.com/kavia-common/internet-banking-concept-microservices-303209.git:kavia-development. Joining with Knowledge base_path: True.
2026-01-28 12:21:19,819 - Knowledge - INFO - /app/data/T0015/311196/b7970fw/internet-banking-concept-microservices-303209
2026-01-28 12:21:20,082 - Knowledge - INFO - Found code-base-name: https://github.com/kavia-common/internet-banking-concept-microservices-303209.git:kavia-development
2026-01-28 12:21:20,277 - Knowledge - INFO - Code base not found for https://github.com/kavia-common/internet-banking-concept-microservices-303209.git:kavia-development. Joining with Knowledge base_path: False.
2026-01-28 12:21:20,509 - Knowledge - INFO - /app/data/T0015/311196/b7970fw/internet-banking-concept-microservices-303209
2026-01-28 12:21:20,683 - Knowledge - INFO - persist ingested knowledge for /app/data/T0015/311196/b7970fw/internet-banking-concept-microservices-303209/internet-banking-utility-payment-service/src/main/resources/bootstrap.yml
2026-01-28 12:21:20,947 - Knowledge - INFO - [MONGODB_OP] Completed: persist, Collection: file_info, Duration: 88ms
2026-01-28 12:21:21,371 - Knowledge - INFO - [REDIS_OP] Completed: store_embedding, Key: internet-banking-utility-payment-service/src/main/resources/bootstrap.yml, Duration: 254ms
2026-01-28 12:21:21,535 - Knowledge - INFO - persist search terms embedding for internet-banking-utility-payment-service/src/main/resources/bootstrap.yml
2026-01-28 12:21:21,690 - Knowledge - INFO - process ingested knowledge for /app/data/T0015/311196/b7970fw/internet-banking-concept-microservices-303209/internet-banking-utility-payment-service/src/main/resources/bootstrap.yml
2026-01-28 12:21:21,836 - Knowledge - INFO - Found code-base-name: https://github.com/kavia-common/internet-banking-concept-microservices-303209.git:kavia-development
2026-01-28 12:21:22,080 - Knowledge - INFO - Code base not found for https://github.com/kavia-common/internet-banking-concept-microservices-303209.git:kavia-development. Joining with Knowledge base_path: True.
2026-01-28 12:21:22,283 - Knowledge - INFO - /app/data/T0015/311196/b7970fw/internet-banking-concept-microservices-303209
2026-01-28 12:21:22,555 - Knowledge - INFO - Found code-base-name: https://github.com/kavia-common/internet-banking-concept-microservices-303209.git:kavia-development
2026-01-28 12:21:22,783 - Knowledge - INFO - Code base not found for https://github.com/kavia-common/internet-banking-concept-microservices-303209.git:kavia-development. Joining with Knowledge base_path: False.
2026-01-28 12:21:22,951 - Knowledge - INFO - /app/data/T0015/311196/b7970fw/internet-banking-concept-microservices-303209
2026-01-28 12:21:23,121 - Knowledge - INFO - persist ingested knowledge for /app/data/T0015/311196/b7970fw/internet-banking-concept-microservices-303209/internet-banking-user-service/src/main/java/com/javatodev/finance/service/KeycloakUserService.java
2026-01-28 12:21:23,367 - Knowledge - INFO - [MONGODB_OP] Completed: persist, Collection: file_info, Duration: 88ms
2026-01-28 12:21:23,774 - Knowledge - INFO - [REDIS_OP] Completed: store_embedding, Key: internet-banking-user-service/src/main/java/com/javatodev/finance/service/KeycloakUserService.java, Duration: 230ms
2026-01-28 12:21:23,963 - Knowledge - INFO - persist search terms embedding for internet-banking-user-service/src/main/java/com/javatodev/finance/service/KeycloakUserService.java
2026-01-28 12:21:24,120 - Knowledge - INFO - process ingested knowledge for /app/data/T0015/311196/b7970fw/internet-banking-concept-microservices-303209/internet-banking-user-service/src/main/java/com/javatodev/finance/service/KeycloakUserService.java
2026-01-28 12:21:24,336 - Knowledge - INFO - Found code-base-name: https://github.com/kavia-common/internet-banking-concept-microservices-303209.git:kavia-development
2026-01-28 12:21:24,506 - Knowledge - INFO - Code base not found for https://github.com/kavia-common/internet-banking-concept-microservices-303209.git:kavia-development. Joining with Knowledge base_path: True.
2026-01-28 12:21:24,742 - Knowledge - INFO - /app/data/T0015/311196/b7970fw/internet-banking-concept-microservices-303209
2026-01-28 12:21:25,034 - Knowledge - INFO - Found code-base-name: https://github.com/kavia-common/internet-banking-concept-microservices-303209.git:kavia-development
2026-01-28 12:21:25,244 - Knowledge - INFO - Code base not found for https://github.com/kavia-common/internet-banking-concept-microservices-303209.git:kavia-development. Joining with Knowledge base_path: False.
2026-01-28 12:21:25,411 - Knowledge - INFO - /app/data/T0015/311196/b7970fw/internet-banking-concept-microservices-303209
2026-01-28 12:21:25,641 - Knowledge - INFO - persist ingested knowledge for /app/data/T0015/311196/b7970fw/internet-banking-concept-microservices-303209/internet-banking-service-registry/src/main/resources/application.yml
2026-01-28 12:21:25,944 - Knowledge - INFO - [MONGODB_OP] Completed: persist, Collection: file_info, Duration: 102ms
2026-01-28 12:21:26,402 - Knowledge - INFO - [REDIS_OP] Completed: store_embedding, Key: internet-banking-service-registry/src/main/resources/application.yml, Duration: 259ms
2026-01-28 12:21:26,570 - Knowledge - INFO - persist search terms embedding for internet-banking-service-registry/src/main/resources/application.yml
2026-01-28 12:21:26,737 - Knowledge - INFO - process ingested knowledge for /app/data/T0015/311196/b7970fw/internet-banking-concept-microservices-303209/internet-banking-service-registry/src/main/resources/application.yml
2026-01-28 12:21:26,923 - Knowledge - INFO - Found code-base-name: https://github.com/kavia-common/internet-banking-concept-microservices-303209.git:kavia-development
2026-01-28 12:21:27,087 - Knowledge - INFO - Code base not found for https://github.com/kavia-common/internet-banking-concept-microservices-303209.git:kavia-development. Joining with Knowledge base_path: True.
2026-01-28 12:21:27,239 - Knowledge - INFO - /app/data/T0015/311196/b7970fw/internet-banking-concept-microservices-303209
2026-01-28 12:21:27,462 - Knowledge - INFO - Found code-base-name: https://github.com/kavia-common/internet-banking-concept-microservices-303209.git:kavia-development
2026-01-28 12:21:27,634 - Knowledge - INFO - Code base not found for https://github.com/kavia-common/internet-banking-concept-microservices-303209.git:kavia-development. Joining with Knowledge base_path: False.
2026-01-28 12:21:27,801 - Knowledge - INFO - /app/data/T0015/311196/b7970fw/internet-banking-concept-microservices-303209
2026-01-28 12:21:27,977 - Knowledge - INFO - persist ingested knowledge for /app/data/T0015/311196/b7970fw/internet-banking-concept-microservices-303209/core-banking-service/src/main/java/com/javatodev/finance/model/AccountType.java
2026-01-28 12:21:28,229 - Knowledge - INFO - [MONGODB_OP] Completed: persist, Collection: file_info, Duration: 89ms
2026-01-28 12:21:28,703 - Knowledge - INFO - [REDIS_OP] Completed: store_embedding, Key: core-banking-service/src/main/java/com/javatodev/finance/model/AccountType.java, Duration: 260ms
2026-01-28 12:21:28,876 - Knowledge - INFO - persist search terms embedding for core-banking-service/src/main/java/com/javatodev/finance/model/AccountType.java
2026-01-28 12:21:29,042 - Knowledge - INFO - process ingested knowledge for /app/data/T0015/311196/b7970fw/internet-banking-concept-microservices-303209/core-banking-service/src/main/java/com/javatodev/finance/model/AccountType.java
2026-01-28 12:21:29,215 - Knowledge - INFO - Found code-base-name: https://github.com/kavia-common/internet-banking-concept-microservices-303209.git:kavia-development
2026-01-28 12:21:29,400 - Knowledge - INFO - Code base not found for https://github.com/kavia-common/internet-banking-concept-microservices-303209.git:kavia-development. Joining with Knowledge base_path: True.
2026-01-28 12:21:29,576 - Knowledge - INFO - /app/data/T0015/311196/b7970fw/internet-banking-concept-microservices-303209
2026-01-28 12:21:29,790 - Knowledge - INFO - Found code-base-name: https://github.com/kavia-common/internet-banking-concept-microservices-303209.git:kavia-development
2026-01-28 12:21:29,973 - Knowledge - INFO - Code base not found for https://github.com/kavia-common/internet-banking-concept-microservices-303209.git:kavia-development. Joining with Knowledge base_path: False.
2026-01-28 12:21:30,141 - Knowledge - INFO - /app/data/T0015/311196/b7970fw/internet-banking-concept-microservices-303209
2026-01-28 12:21:30,325 - Knowledge - INFO - persist ingested knowledge for /app/data/T0015/311196/b7970fw/internet-banking-concept-microservices-303209/internet-banking-fund-transfer-service/src/main/resources/bootstrap.yml
2026-01-28 12:21:30,597 - Knowledge - INFO - [MONGODB_OP] Completed: persist, Collection: file_info, Duration: 102ms
2026-01-28 12:21:31,039 - Knowledge - INFO - [REDIS_OP] Completed: store_embedding, Key: internet-banking-fund-transfer-service/src/main/resources/bootstrap.yml, Duration: 256ms
2026-01-28 12:21:31,236 - Knowledge - INFO - persist search terms embedding for internet-banking-fund-transfer-service/src/main/resources/bootstrap.yml
2026-01-28 12:21:31,424 - Knowledge - INFO - process ingested knowledge for /app/data/T0015/311196/b7970fw/internet-banking-concept-microservices-303209/internet-banking-fund-transfer-service/src/main/resources/bootstrap.yml
2026-01-28 12:21:31,614 - Knowledge - INFO - Found code-base-name: https://github.com/kavia-common/internet-banking-concept-microservices-303209.git:kavia-development
2026-01-28 12:21:31,788 - Knowledge - INFO - Code base not found for https://github.com/kavia-common/internet-banking-concept-microservices-303209.git:kavia-development. Joining with Knowledge base_path: True.
2026-01-28 12:21:31,987 - Knowledge - INFO - /app/data/T0015/311196/b7970fw/internet-banking-concept-microservices-303209
2026-01-28 12:21:32,219 - Knowledge - INFO - Found code-base-name: https://github.com/kavia-common/internet-banking-concept-microservices-303209.git:kavia-development
2026-01-28 12:21:32,414 - Knowledge - INFO - Code base not found for https://github.com/kavia-common/internet-banking-concept-microservices-303209.git:kavia-development. Joining with Knowledge base_path: False.
2026-01-28 12:21:32,620 - Knowledge - INFO - /app/data/T0015/311196/b7970fw/internet-banking-concept-microservices-303209
2026-01-28 12:21:32,799 - Knowledge - INFO - persist ingested knowledge for /app/data/T0015/311196/b7970fw/internet-banking-concept-microservices-303209/internet-banking-fund-transfer-service/src/main/java/com/javatodev/finance/controller/FundTransferController.java
2026-01-28 12:21:33,046 - Knowledge - INFO - [MONGODB_OP] Completed: persist, Collection: file_info, Duration: 84ms
2026-01-28 12:21:33,491 - Knowledge - INFO - [REDIS_OP] Completed: store_embedding, Key: internet-banking-fund-transfer-service/src/main/java/com/javatodev/finance/controller/FundTransferController.java, Duration: 229ms
2026-01-28 12:21:33,658 - Knowledge - INFO - persist search terms embedding for internet-banking-fund-transfer-service/src/main/java/com/javatodev/finance/controller/FundTransferController.java
2026-01-28 12:21:33,855 - Knowledge - INFO - process ingested knowledge for /app/data/T0015/311196/b7970fw/internet-banking-concept-microservices-303209/internet-banking-fund-transfer-service/src/main/java/com/javatodev/finance/controller/FundTransferController.java
2026-01-28 12:21:34,040 - Knowledge - INFO - Found code-base-name: https://github.com/kavia-common/internet-banking-concept-microservices-303209.git:kavia-development
2026-01-28 12:21:34,226 - Knowledge - INFO - Code base not found for https://github.com/kavia-common/internet-banking-concept-microservices-303209.git:kavia-development. Joining with Knowledge base_path: True.
2026-01-28 12:21:34,446 - Knowledge - INFO - /app/data/T0015/311196/b7970fw/internet-banking-concept-microservices-303209
2026-01-28 12:21:34,676 - Knowledge - INFO - Found code-base-name: https://github.com/kavia-common/internet-banking-concept-microservices-303209.git:kavia-development
2026-01-28 12:21:34,894 - Knowledge - INFO - Code base not found for https://github.com/kavia-common/internet-banking-concept-microservices-303209.git:kavia-development. Joining with Knowledge base_path: False.
2026-01-28 12:21:35,148 - Knowledge - INFO - /app/data/T0015/311196/b7970fw/internet-banking-concept-microservices-303209
2026-01-28 12:21:35,299 - Knowledge - INFO - persist ingested knowledge for /app/data/T0015/311196/b7970fw/internet-banking-concept-microservices-303209/internet-banking-api-gateway/build.gradle
2026-01-28 12:21:35,552 - Knowledge - INFO - [MONGODB_OP] Completed: persist, Collection: file_info, Duration: 86ms
2026-01-28 12:21:37,676 - Knowledge - INFO - [REDIS_OP] Completed: store_embedding, Key: internet-banking-api-gateway/build.gradle, Duration: 1940ms
2026-01-28 12:21:37,854 - Knowledge - INFO - persist search terms embedding for internet-banking-api-gateway/build.gradle
2026-01-28 12:21:38,037 - Knowledge - INFO - process ingested knowledge for /app/data/T0015/311196/b7970fw/internet-banking-concept-microservices-303209/internet-banking-api-gateway/build.gradle
2026-01-28 12:21:38,240 - Knowledge - INFO - Found code-base-name: https://github.com/kavia-common/internet-banking-concept-microservices-303209.git:kavia-development
2026-01-28 12:21:38,438 - Knowledge - INFO - Code base not found for https://github.com/kavia-common/internet-banking-concept-microservices-303209.git:kavia-development. Joining with Knowledge base_path: True.
2026-01-28 12:21:38,608 - Knowledge - INFO - /app/data/T0015/311196/b7970fw/internet-banking-concept-microservices-303209
2026-01-28 12:21:38,858 - Knowledge - INFO - Found code-base-name: https://github.com/kavia-common/internet-banking-concept-microservices-303209.git:kavia-development
2026-01-28 12:21:39,025 - Knowledge - INFO - Code base not found for https://github.com/kavia-common/internet-banking-concept-microservices-303209.git:kavia-development. Joining with Knowledge base_path: False.
2026-01-28 12:21:39,224 - Knowledge - INFO - /app/data/T0015/311196/b7970fw/internet-banking-concept-microservices-303209
2026-01-28 12:21:39,393 - Knowledge - INFO - persist ingested knowledge for /app/data/T0015/311196/b7970fw/internet-banking-concept-microservices-303209/internet-banking-utility-payment-service/src/main/java/com/javatodev/finance/controller/UtilityPaymentController.java
2026-01-28 12:21:39,726 - Knowledge - INFO - [MONGODB_OP] Completed: persist, Collection: file_info, Duration: 95ms
2026-01-28 12:21:40,165 - Knowledge - INFO - [REDIS_OP] Completed: store_embedding, Key: internet-banking-utility-payment-service/src/main/java/com/javatodev/finance/controller/UtilityPaymentController.java, Duration: 259ms
2026-01-28 12:21:40,341 - Knowledge - INFO - persist search terms embedding for internet-banking-utility-payment-service/src/main/java/com/javatodev/finance/controller/UtilityPaymentController.java
2026-01-28 12:21:40,517 - Knowledge - INFO - process ingested knowledge for /app/data/T0015/311196/b7970fw/internet-banking-concept-microservices-303209/internet-banking-utility-payment-service/src/main/java/com/javatodev/finance/controller/UtilityPaymentController.java
2026-01-28 12:21:40,696 - Knowledge - INFO - Found code-base-name: https://github.com/kavia-common/internet-banking-concept-microservices-303209.git:kavia-development
2026-01-28 12:21:40,901 - Knowledge - INFO - Code base not found for https://github.com/kavia-common/internet-banking-concept-microservices-303209.git:kavia-development. Joining with Knowledge base_path: True.
2026-01-28 12:21:41,081 - Knowledge - INFO - /app/data/T0015/311196/b7970fw/internet-banking-concept-microservices-303209
2026-01-28 12:21:41,327 - Knowledge - INFO - Found code-base-name: https://github.com/kavia-common/internet-banking-concept-microservices-303209.git:kavia-development
2026-01-28 12:21:41,523 - Knowledge - INFO - Code base not found for https://github.com/kavia-common/internet-banking-concept-microservices-303209.git:kavia-development. Joining with Knowledge base_path: False.
2026-01-28 12:21:41,705 - Knowledge - INFO - /app/data/T0015/311196/b7970fw/internet-banking-concept-microservices-303209
2026-01-28 12:21:41,881 - Knowledge - INFO - persist ingested knowledge for /app/data/T0015/311196/b7970fw/internet-banking-concept-microservices-303209/internet-banking-user-service/src/main/resources/application.yml
2026-01-28 12:21:42,113 - Knowledge - INFO - [MONGODB_OP] Completed: persist, Collection: file_info, Duration: 81ms
2026-01-28 12:21:42,532 - Knowledge - INFO - [REDIS_OP] Completed: store_embedding, Key: internet-banking-user-service/src/main/resources/application.yml, Duration: 252ms
2026-01-28 12:21:42,730 - Knowledge - INFO - persist search terms embedding for internet-banking-user-service/src/main/resources/application.yml
2026-01-28 12:21:42,913 - Knowledge - INFO - process ingested knowledge for /app/data/T0015/311196/b7970fw/internet-banking-concept-microservices-303209/internet-banking-user-service/src/main/resources/application.yml
2026-01-28 12:21:43,089 - Knowledge - INFO - Found code-base-name: https://github.com/kavia-common/internet-banking-concept-microservices-303209.git:kavia-development
2026-01-28 12:21:43,247 - Knowledge - INFO - Code base not found for https://github.com/kavia-common/internet-banking-concept-microservices-303209.git:kavia-development. Joining with Knowledge base_path: True.
2026-01-28 12:21:43,452 - Knowledge - INFO - /app/data/T0015/311196/b7970fw/internet-banking-concept-microservices-303209
2026-01-28 12:21:43,714 - Knowledge - INFO - Found code-base-name: https://github.com/kavia-common/internet-banking-concept-microservices-303209.git:kavia-development
2026-01-28 12:21:43,912 - Knowledge - INFO - Code base not found for https://github.com/kavia-common/internet-banking-concept-microservices-303209.git:kavia-development. Joining with Knowledge base_path: False.
2026-01-28 12:21:44,095 - Knowledge - INFO - /app/data/T0015/311196/b7970fw/internet-banking-concept-microservices-303209
2026-01-28 12:21:44,272 - Knowledge - INFO - persist ingested knowledge for /app/data/T0015/311196/b7970fw/internet-banking-concept-microservices-303209/internet-banking-utility-payment-service/src/main/resources/application.yml
2026-01-28 12:21:44,541 - Knowledge - INFO - [MONGODB_OP] Completed: persist, Collection: file_info, Duration: 95ms
2026-01-28 12:21:45,006 - Knowledge - INFO - [REDIS_OP] Completed: store_embedding, Key: internet-banking-utility-payment-service/src/main/resources/application.yml, Duration: 298ms
2026-01-28 12:21:45,175 - Knowledge - INFO - persist search terms embedding for internet-banking-utility-payment-service/src/main/resources/application.yml
2026-01-28 12:21:45,341 - Knowledge - INFO - process ingested knowledge for /app/data/T0015/311196/b7970fw/internet-banking-concept-microservices-303209/internet-banking-utility-payment-service/src/main/resources/application.yml
2026-01-28 12:21:45,559 - Knowledge - INFO - Found code-base-name: https://github.com/kavia-common/internet-banking-concept-microservices-303209.git:kavia-development
2026-01-28 12:21:45,714 - Knowledge - INFO - Code base not found for https://github.com/kavia-common/internet-banking-concept-microservices-303209.git:kavia-development. Joining with Knowledge base_path: True.
2026-01-28 12:21:45,914 - Knowledge - INFO - /app/data/T0015/311196/b7970fw/internet-banking-concept-microservices-303209
2026-01-28 12:21:46,146 - Knowledge - INFO - Found code-base-name: https://github.com/kavia-common/internet-banking-concept-microservices-303209.git:kavia-development
2026-01-28 12:21:46,348 - Knowledge - INFO - Code base not found for https://github.com/kavia-common/internet-banking-concept-microservices-303209.git:kavia-development. Joining with Knowledge base_path: False.
2026-01-28 12:21:46,502 - Knowledge - INFO - /app/data/T0015/311196/b7970fw/internet-banking-concept-microservices-303209
2026-01-28 12:21:46,679 - Knowledge - INFO - persist ingested knowledge for /app/data/T0015/311196/b7970fw/internet-banking-concept-microservices-303209/internet-banking-fund-transfer-service/src/main/java/com/javatodev/finance/model/dto/request/UtilityPaymentRequest.java
2026-01-28 12:21:46,948 - Knowledge - INFO - [MONGODB_OP] Completed: persist, Collection: file_info, Duration: 84ms
2026-01-28 12:21:47,293 - Knowledge - INFO - [REDIS_OP] Completed: store_embedding, Key: internet-banking-fund-transfer-service/src/main/java/com/javatodev/finance/model/dto/request/UtilityPaymentRequest.java, Duration: 171ms
2026-01-28 12:21:47,459 - Knowledge - INFO - persist search terms embedding for internet-banking-fund-transfer-service/src/main/java/com/javatodev/finance/model/dto/request/UtilityPaymentRequest.java
2026-01-28 12:21:47,667 - Knowledge - INFO - process ingested knowledge for /app/data/T0015/311196/b7970fw/internet-banking-concept-microservices-303209/internet-banking-fund-transfer-service/src/main/java/com/javatodev/finance/model/dto/request/UtilityPaymentRequest.java
2026-01-28 12:21:47,836 - Knowledge - INFO - Found code-base-name: https://github.com/kavia-common/internet-banking-concept-microservices-303209.git:kavia-development
2026-01-28 12:21:48,005 - Knowledge - INFO - Code base not found for https://github.com/kavia-common/internet-banking-concept-microservices-303209.git:kavia-development. Joining with Knowledge base_path: True.
2026-01-28 12:21:48,190 - Knowledge - INFO - /app/data/T0015/311196/b7970fw/internet-banking-concept-microservices-303209
2026-01-28 12:21:48,436 - Knowledge - INFO - Found code-base-name: https://github.com/kavia-common/internet-banking-concept-microservices-303209.git:kavia-development
2026-01-28 12:21:48,639 - Knowledge - INFO - Code base not found for https://github.com/kavia-common/internet-banking-concept-microservices-303209.git:kavia-development. Joining with Knowledge base_path: False.
2026-01-28 12:21:48,866 - Knowledge - INFO - /app/data/T0015/311196/b7970fw/internet-banking-concept-microservices-303209
2026-01-28 12:21:49,043 - Knowledge - INFO - persist ingested knowledge for /app/data/T0015/311196/b7970fw/internet-banking-concept-microservices-303209/core-banking-service/src/main/java/com/javatodev/finance/model/dto/response/UtilityPaymentResponse.java
2026-01-28 12:21:49,350 - Knowledge - INFO - [MONGODB_OP] Completed: persist, Collection: file_info, Duration: 89ms
2026-01-28 12:21:49,822 - Knowledge - INFO - [REDIS_OP] Completed: store_embedding, Key: core-banking-service/src/main/java/com/javatodev/finance/model/dto/response/UtilityPaymentResponse.java, Duration: 250ms
2026-01-28 12:21:49,989 - Knowledge - INFO - persist search terms embedding for core-banking-service/src/main/java/com/javatodev/finance/model/dto/response/UtilityPaymentResponse.java
2026-01-28 12:21:50,174 - Knowledge - INFO - process ingested knowledge for /app/data/T0015/311196/b7970fw/internet-banking-concept-microservices-303209/core-banking-service/src/main/java/com/javatodev/finance/model/dto/response/UtilityPaymentResponse.java
2026-01-28 12:21:50,355 - Knowledge - INFO - Found code-base-name: https://github.com/kavia-common/internet-banking-concept-microservices-303209.git:kavia-development
2026-01-28 12:21:50,552 - Knowledge - INFO - Code base not found for https://github.com/kavia-common/internet-banking-concept-microservices-303209.git:kavia-development. Joining with Knowledge base_path: True.
2026-01-28 12:21:50,755 - Knowledge - INFO - /app/data/T0015/311196/b7970fw/internet-banking-concept-microservices-303209
2026-01-28 12:21:50,992 - Knowledge - INFO - Found code-base-name: https://github.com/kavia-common/internet-banking-concept-microservices-303209.git:kavia-development
2026-01-28 12:21:51,147 - Knowledge - INFO - Code base not found for https://github.com/kavia-common/internet-banking-concept-microservices-303209.git:kavia-development. Joining with Knowledge base_path: False.
2026-01-28 12:21:51,367 - Knowledge - INFO - /app/data/T0015/311196/b7970fw/internet-banking-concept-microservices-303209
2026-01-28 12:21:51,537 - Knowledge - INFO - persist ingested knowledge for /app/data/T0015/311196/b7970fw/internet-banking-concept-microservices-303209/internet-banking-service-registry/src/test/java/com/javatodev/finance/InternetBankingServiceRegistryApplicationTests.java
2026-01-28 12:21:51,783 - Knowledge - INFO - [MONGODB_OP] Completed: persist, Collection: file_info, Duration: 87ms
2026-01-28 12:21:52,175 - Knowledge - INFO - [REDIS_OP] Completed: store_embedding, Key: internet-banking-service-registry/src/test/java/com/javatodev/finance/InternetBankingServiceRegistryApplicationTests.java, Duration: 209ms
2026-01-28 12:21:52,341 - Knowledge - INFO - persist search terms embedding for internet-banking-service-registry/src/test/java/com/javatodev/finance/InternetBankingServiceRegistryApplicationTests.java
2026-01-28 12:21:52,513 - Knowledge - INFO - process ingested knowledge for /app/data/T0015/311196/b7970fw/internet-banking-concept-microservices-303209/internet-banking-service-registry/src/test/java/com/javatodev/finance/InternetBankingServiceRegistryApplicationTests.java
2026-01-28 12:21:52,723 - Knowledge - INFO - Found code-base-name: https://github.com/kavia-common/internet-banking-concept-microservices-303209.git:kavia-development
2026-01-28 12:21:52,893 - Knowledge - INFO - Code base not found for https://github.com/kavia-common/internet-banking-concept-microservices-303209.git:kavia-development. Joining with Knowledge base_path: True.
2026-01-28 12:21:53,114 - Knowledge - INFO - /app/data/T0015/311196/b7970fw/internet-banking-concept-microservices-303209
2026-01-28 12:21:53,341 - Knowledge - INFO - Found code-base-name: https://github.com/kavia-common/internet-banking-concept-microservices-303209.git:kavia-development
2026-01-28 12:21:53,518 - Knowledge - INFO - Code base not found for https://github.com/kavia-common/internet-banking-concept-microservices-303209.git:kavia-development. Joining with Knowledge base_path: False.
2026-01-28 12:21:53,720 - Knowledge - INFO - /app/data/T0015/311196/b7970fw/internet-banking-concept-microservices-303209
2026-01-28 12:21:53,895 - Knowledge - INFO - persist ingested knowledge for /app/data/T0015/311196/b7970fw/internet-banking-concept-microservices-303209/internet-banking-user-service/src/main/java/com/javatodev/finance/model/rest/response/UserResponse.java
2026-01-28 12:21:54,154 - Knowledge - INFO - [MONGODB_OP] Completed: persist, Collection: file_info, Duration: 91ms
2026-01-28 12:21:54,571 - Knowledge - INFO - [REDIS_OP] Completed: store_embedding, Key: internet-banking-user-service/src/main/java/com/javatodev/finance/model/rest/response/UserResponse.java, Duration: 202ms
2026-01-28 12:21:54,719 - Knowledge - INFO - persist search terms embedding for internet-banking-user-service/src/main/java/com/javatodev/finance/model/rest/response/UserResponse.java
2026-01-28 12:21:54,892 - Knowledge - INFO - process ingested knowledge for /app/data/T0015/311196/b7970fw/internet-banking-concept-microservices-303209/internet-banking-user-service/src/main/java/com/javatodev/finance/model/rest/response/UserResponse.java
2026-01-28 12:21:55,067 - Knowledge - INFO - Found code-base-name: https://github.com/kavia-common/internet-banking-concept-microservices-303209.git:kavia-development
2026-01-28 12:21:55,245 - Knowledge - INFO - Code base not found for https://github.com/kavia-common/internet-banking-concept-microservices-303209.git:kavia-development. Joining with Knowledge base_path: True.
2026-01-28 12:21:55,463 - Knowledge - INFO - /app/data/T0015/311196/b7970fw/internet-banking-concept-microservices-303209
2026-01-28 12:21:55,732 - Knowledge - INFO - Found code-base-name: https://github.com/kavia-common/internet-banking-concept-microservices-303209.git:kavia-development
2026-01-28 12:21:55,896 - Knowledge - INFO - Code base not found for https://github.com/kavia-common/internet-banking-concept-microservices-303209.git:kavia-development. Joining with Knowledge base_path: False.
2026-01-28 12:21:56,068 - Knowledge - INFO - /app/data/T0015/311196/b7970fw/internet-banking-concept-microservices-303209
2026-01-28 12:21:56,245 - Knowledge - INFO - persist ingested knowledge for /app/data/T0015/311196/b7970fw/internet-banking-concept-microservices-303209/internet-banking-fund-transfer-service/src/main/java/com/javatodev/finance/model/dto/request/FundTransferRequest.java
2026-01-28 12:21:56,512 - Knowledge - INFO - [MONGODB_OP] Completed: persist, Collection: file_info, Duration: 86ms
2026-01-28 12:21:56,901 - Knowledge - INFO - [REDIS_OP] Completed: store_embedding, Key: internet-banking-fund-transfer-service/src/main/java/com/javatodev/finance/model/dto/request/FundTransferRequest.java, Duration: 191ms
2026-01-28 12:21:57,077 - Knowledge - INFO - persist search terms embedding for internet-banking-fund-transfer-service/src/main/java/com/javatodev/finance/model/dto/request/FundTransferRequest.java
2026-01-28 12:21:57,242 - Knowledge - INFO - process ingested knowledge for /app/data/T0015/311196/b7970fw/internet-banking-concept-microservices-303209/internet-banking-fund-transfer-service/src/main/java/com/javatodev/finance/model/dto/request/FundTransferRequest.java
2026-01-28 12:21:57,395 - Knowledge - INFO - Found code-base-name: https://github.com/kavia-common/internet-banking-concept-microservices-303209.git:kavia-development
2026-01-28 12:21:57,598 - Knowledge - INFO - Code base not found for https://github.com/kavia-common/internet-banking-concept-microservices-303209.git:kavia-development. Joining with Knowledge base_path: True.
2026-01-28 12:21:57,778 - Knowledge - INFO - /app/data/T0015/311196/b7970fw/internet-banking-concept-microservices-303209
2026-01-28 12:21:58,013 - Knowledge - INFO - Found code-base-name: https://github.com/kavia-common/internet-banking-concept-microservices-303209.git:kavia-development
2026-01-28 12:21:58,206 - Knowledge - INFO - Code base not found for https://github.com/kavia-common/internet-banking-concept-microservices-303209.git:kavia-development. Joining with Knowledge base_path: False.
2026-01-28 12:21:58,376 - Knowledge - INFO - /app/data/T0015/311196/b7970fw/internet-banking-concept-microservices-303209
2026-01-28 12:21:58,578 - Knowledge - INFO - persist ingested knowledge for /app/data/T0015/311196/b7970fw/internet-banking-concept-microservices-303209/core-banking-service/src/main/java/com/javatodev/finance/model/dto/User.java
2026-01-28 12:21:58,881 - Knowledge - INFO - [MONGODB_OP] Completed: persist, Collection: file_info, Duration: 98ms
2026-01-28 12:21:59,299 - Knowledge - INFO - [REDIS_OP] Completed: store_embedding, Key: core-banking-service/src/main/java/com/javatodev/finance/model/dto/User.java, Duration: 228ms
2026-01-28 12:21:59,480 - Knowledge - INFO - persist search terms embedding for core-banking-service/src/main/java/com/javatodev/finance/model/dto/User.java
2026-01-28 12:21:59,701 - Knowledge - INFO - process ingested knowledge for /app/data/T0015/311196/b7970fw/internet-banking-concept-microservices-303209/core-banking-service/src/main/java/com/javatodev/finance/model/dto/User.java
2026-01-28 12:21:59,856 - Knowledge - INFO - Found code-base-name: https://github.com/kavia-common/internet-banking-concept-microservices-303209.git:kavia-development
2026-01-28 12:22:00,030 - Knowledge - INFO - Code base not found for https://github.com/kavia-common/internet-banking-concept-microservices-303209.git:kavia-development. Joining with Knowledge base_path: True.
2026-01-28 12:22:00,231 - Knowledge - INFO - /app/data/T0015/311196/b7970fw/internet-banking-concept-microservices-303209
2026-01-28 12:22:00,518 - Knowledge - INFO - Found code-base-name: https://github.com/kavia-common/internet-banking-concept-microservices-303209.git:kavia-development
2026-01-28 12:22:00,666 - Knowledge - INFO - Code base not found for https://github.com/kavia-common/internet-banking-concept-microservices-303209.git:kavia-development. Joining with Knowledge base_path: False.
2026-01-28 12:22:00,843 - Knowledge - INFO - /app/data/T0015/311196/b7970fw/internet-banking-concept-microservices-303209
2026-01-28 12:22:01,000 - Knowledge - INFO - persist ingested knowledge for /app/data/T0015/311196/b7970fw/internet-banking-concept-microservices-303209/core-banking-service/src/main/java/com/javatodev/finance/model/dto/response/FundTransferResponse.java
2026-01-28 12:22:01,299 - Knowledge - INFO - [MONGODB_OP] Completed: persist, Collection: file_info, Duration: 95ms
2026-01-28 12:22:01,778 - Knowledge - INFO - [REDIS_OP] Completed: store_embedding, Key: core-banking-service/src/main/java/com/javatodev/finance/model/dto/response/FundTransferResponse.java, Duration: 271ms
2026-01-28 12:22:01,957 - Knowledge - INFO - persist search terms embedding for core-banking-service/src/main/java/com/javatodev/finance/model/dto/response/FundTransferResponse.java
2026-01-28 12:22:02,124 - Knowledge - INFO - process ingested knowledge for /app/data/T0015/311196/b7970fw/internet-banking-concept-microservices-303209/core-banking-service/src/main/java/com/javatodev/finance/model/dto/response/FundTransferResponse.java
2026-01-28 12:22:02,283 - Knowledge - INFO - Found code-base-name: https://github.com/kavia-common/internet-banking-concept-microservices-303209.git:kavia-development
2026-01-28 12:22:02,467 - Knowledge - INFO - Code base not found for https://github.com/kavia-common/internet-banking-concept-microservices-303209.git:kavia-development. Joining with Knowledge base_path: True.
2026-01-28 12:22:02,690 - Knowledge - INFO - /app/data/T0015/311196/b7970fw/internet-banking-concept-microservices-303209
2026-01-28 12:22:02,916 - Knowledge - INFO - Found code-base-name: https://github.com/kavia-common/internet-banking-concept-microservices-303209.git:kavia-development
2026-01-28 12:22:03,081 - Knowledge - INFO - Code base not found for https://github.com/kavia-common/internet-banking-concept-microservices-303209.git:kavia-development. Joining with Knowledge base_path: False.
2026-01-28 12:22:03,284 - Knowledge - INFO - /app/data/T0015/311196/b7970fw/internet-banking-concept-microservices-303209
2026-01-28 12:22:03,453 - Knowledge - INFO - persist ingested knowledge for /app/data/T0015/311196/b7970fw/internet-banking-concept-microservices-303209/core-banking-service/src/main/java/com/javatodev/finance/repository/TransactionRepository.java
2026-01-28 12:22:03,731 - Knowledge - INFO - [MONGODB_OP] Completed: persist, Collection: file_info, Duration: 105ms
2026-01-28 12:22:04,138 - Knowledge - INFO - [REDIS_OP] Completed: store_embedding, Key: core-banking-service/src/main/java/com/javatodev/finance/repository/TransactionRepository.java, Duration: 172ms
2026-01-28 12:22:04,298 - Knowledge - INFO - persist search terms embedding for core-banking-service/src/main/java/com/javatodev/finance/repository/TransactionRepository.java
2026-01-28 12:22:04,459 - Knowledge - INFO - process ingested knowledge for /app/data/T0015/311196/b7970fw/internet-banking-concept-microservices-303209/core-banking-service/src/main/java/com/javatodev/finance/repository/TransactionRepository.java
2026-01-28 12:22:04,662 - Knowledge - INFO - Found code-base-name: https://github.com/kavia-common/internet-banking-concept-microservices-303209.git:kavia-development
2026-01-28 12:22:04,837 - Knowledge - INFO - Code base not found for https://github.com/kavia-common/internet-banking-concept-microservices-303209.git:kavia-development. Joining with Knowledge base_path: True.
2026-01-28 12:22:05,011 - Knowledge - INFO - /app/data/T0015/311196/b7970fw/internet-banking-concept-microservices-303209
2026-01-28 12:22:05,239 - Knowledge - INFO - Found code-base-name: https://github.com/kavia-common/internet-banking-concept-microservices-303209.git:kavia-development
2026-01-28 12:22:05,441 - Knowledge - INFO - Code base not found for https://github.com/kavia-common/internet-banking-concept-microservices-303209.git:kavia-development. Joining with Knowledge base_path: False.
2026-01-28 12:22:05,645 - Knowledge - INFO - /app/data/T0015/311196/b7970fw/internet-banking-concept-microservices-303209
2026-01-28 12:22:05,823 - Knowledge - INFO - persist ingested knowledge for /app/data/T0015/311196/b7970fw/internet-banking-concept-microservices-303209/internet-banking-fund-transfer-service/src/main/resources/application.yml
2026-01-28 12:22:06,082 - Knowledge - INFO - [MONGODB_OP] Completed: persist, Collection: file_info, Duration: 85ms
2026-01-28 12:22:06,571 - Knowledge - INFO - [REDIS_OP] Completed: store_embedding, Key: internet-banking-fund-transfer-service/src/main/resources/application.yml, Duration: 325ms
2026-01-28 12:22:06,743 - Knowledge - INFO - persist search terms embedding for internet-banking-fund-transfer-service/src/main/resources/application.yml
2026-01-28 12:22:06,959 - Knowledge - INFO - process ingested knowledge for /app/data/T0015/311196/b7970fw/internet-banking-concept-microservices-303209/internet-banking-fund-transfer-service/src/main/resources/application.yml
2026-01-28 12:22:07,132 - Knowledge - INFO - Found code-base-name: https://github.com/kavia-common/internet-banking-concept-microservices-303209.git:kavia-development
2026-01-28 12:22:07,305 - Knowledge - INFO - Code base not found for https://github.com/kavia-common/internet-banking-concept-microservices-303209.git:kavia-development. Joining with Knowledge base_path: True.
2026-01-28 12:22:07,488 - Knowledge - INFO - /app/data/T0015/311196/b7970fw/internet-banking-concept-microservices-303209
2026-01-28 12:22:07,732 - Knowledge - INFO - Found code-base-name: https://github.com/kavia-common/internet-banking-concept-microservices-303209.git:kavia-development
2026-01-28 12:22:07,919 - Knowledge - INFO - Code base not found for https://github.com/kavia-common/internet-banking-concept-microservices-303209.git:kavia-development. Joining with Knowledge base_path: False.
2026-01-28 12:22:08,124 - Knowledge - INFO - /app/data/T0015/311196/b7970fw/internet-banking-concept-microservices-303209
2026-01-28 12:22:08,303 - Knowledge - INFO - persist ingested knowledge for /app/data/T0015/311196/b7970fw/internet-banking-concept-microservices-303209/core-banking-service/build.gradle
2026-01-28 12:22:08,628 - Knowledge - INFO - [MONGODB_OP] Completed: persist, Collection: file_info, Duration: 83ms
2026-01-28 12:22:09,089 - Knowledge - INFO - [REDIS_OP] Completed: store_embedding, Key: core-banking-service/build.gradle, Duration: 287ms
2026-01-28 12:22:09,256 - Knowledge - INFO - persist search terms embedding for core-banking-service/build.gradle
2026-01-28 12:22:09,437 - Knowledge - INFO - process ingested knowledge for /app/data/T0015/311196/b7970fw/internet-banking-concept-microservices-303209/core-banking-service/build.gradle
2026-01-28 12:22:09,612 - Knowledge - INFO - Found code-base-name: https://github.com/kavia-common/internet-banking-concept-microservices-303209.git:kavia-development
2026-01-28 12:22:09,774 - Knowledge - INFO - Code base not found for https://github.com/kavia-common/internet-banking-concept-microservices-303209.git:kavia-development. Joining with Knowledge base_path: True.
2026-01-28 12:22:09,968 - Knowledge - INFO - /app/data/T0015/311196/b7970fw/internet-banking-concept-microservices-303209
2026-01-28 12:22:10,241 - Knowledge - INFO - Found code-base-name: https://github.com/kavia-common/internet-banking-concept-microservices-303209.git:kavia-development
2026-01-28 12:22:10,441 - Knowledge - INFO - Code base not found for https://github.com/kavia-common/internet-banking-concept-microservices-303209.git:kavia-development. Joining with Knowledge base_path: False.
2026-01-28 12:22:10,630 - Knowledge - INFO - /app/data/T0015/311196/b7970fw/internet-banking-concept-microservices-303209
2026-01-28 12:22:10,792 - Knowledge - INFO - persist ingested knowledge for /app/data/T0015/311196/b7970fw/internet-banking-concept-microservices-303209/internet-banking-user-service/src/main/java/com/javatodev/finance/model/dto/UserUpdateRequest.java
2026-01-28 12:22:11,065 - Knowledge - INFO - [MONGODB_OP] Completed: persist, Collection: file_info, Duration: 80ms
2026-01-28 12:22:11,463 - Knowledge - INFO - [REDIS_OP] Completed: store_embedding, Key: internet-banking-user-service/src/main/java/com/javatodev/finance/model/dto/UserUpdateRequest.java, Duration: 219ms
2026-01-28 12:22:11,658 - Knowledge - INFO - persist search terms embedding for internet-banking-user-service/src/main/java/com/javatodev/finance/model/dto/UserUpdateRequest.java
2026-01-28 12:22:11,871 - Knowledge - INFO - process ingested knowledge for /app/data/T0015/311196/b7970fw/internet-banking-concept-microservices-303209/internet-banking-user-service/src/main/java/com/javatodev/finance/model/dto/UserUpdateRequest.java
2026-01-28 12:22:12,049 - Knowledge - INFO - Found code-base-name: https://github.com/kavia-common/internet-banking-concept-microservices-303209.git:kavia-development
2026-01-28 12:22:12,227 - Knowledge - INFO - Code base not found for https://github.com/kavia-common/internet-banking-concept-microservices-303209.git:kavia-development. Joining with Knowledge base_path: True.
2026-01-28 12:22:12,426 - Knowledge - INFO - /app/data/T0015/311196/b7970fw/internet-banking-concept-microservices-303209
2026-01-28 12:22:12,652 - Knowledge - INFO - Found code-base-name: https://github.com/kavia-common/internet-banking-concept-microservices-303209.git:kavia-development
2026-01-28 12:22:12,806 - Knowledge - INFO - Code base not found for https://github.com/kavia-common/internet-banking-concept-microservices-303209.git:kavia-development. Joining with Knowledge base_path: False.
2026-01-28 12:22:12,961 - Knowledge - INFO - /app/data/T0015/311196/b7970fw/internet-banking-concept-microservices-303209
2026-01-28 12:22:13,134 - Knowledge - INFO - persist ingested knowledge for /app/data/T0015/311196/b7970fw/internet-banking-concept-microservices-303209/internet-banking-fund-transfer-service/src/main/java/com/javatodev/finance/model/repository/FundTransferRepository.java
2026-01-28 12:22:13,395 - Knowledge - INFO - [MONGODB_OP] Completed: persist, Collection: file_info, Duration: 102ms
2026-01-28 12:22:13,802 - Knowledge - INFO - [REDIS_OP] Completed: store_embedding, Key: internet-banking-fund-transfer-service/src/main/java/com/javatodev/finance/model/repository/FundTransferRepository.java, Duration: 229ms
2026-01-28 12:22:14,019 - Knowledge - INFO - persist search terms embedding for internet-banking-fund-transfer-service/src/main/java/com/javatodev/finance/model/repository/FundTransferRepository.java
2026-01-28 12:22:14,178 - Knowledge - INFO - process ingested knowledge for /app/data/T0015/311196/b7970fw/internet-banking-concept-microservices-303209/internet-banking-fund-transfer-service/src/main/java/com/javatodev/finance/model/repository/FundTransferRepository.java
2026-01-28 12:22:14,355 - Knowledge - INFO - Found code-base-name: https://github.com/kavia-common/internet-banking-concept-microservices-303209.git:kavia-development
2026-01-28 12:22:14,526 - Knowledge - INFO - Code base not found for https://github.com/kavia-common/internet-banking-concept-microservices-303209.git:kavia-development. Joining with Knowledge base_path: True.
2026-01-28 12:22:14,733 - Knowledge - INFO - /app/data/T0015/311196/b7970fw/internet-banking-concept-microservices-303209
2026-01-28 12:22:14,988 - Knowledge - INFO - Found code-base-name: https://github.com/kavia-common/internet-banking-concept-microservices-303209.git:kavia-development
2026-01-28 12:22:15,147 - Knowledge - INFO - Code base not found for https://github.com/kavia-common/internet-banking-concept-microservices-303209.git:kavia-development. Joining with Knowledge base_path: False.
2026-01-28 12:22:15,330 - Knowledge - INFO - /app/data/T0015/311196/b7970fw/internet-banking-concept-microservices-303209
2026-01-28 12:22:15,509 - Knowledge - INFO - persist ingested knowledge for /app/data/T0015/311196/b7970fw/internet-banking-concept-microservices-303209/internet-banking-config-server/src/main/java/com/javatodev/finance/InternetBankingConfigServerApplication.java
2026-01-28 12:22:15,811 - Knowledge - INFO - [MONGODB_OP] Completed: persist, Collection: file_info, Duration: 81ms
2026-01-28 12:22:16,258 - Knowledge - INFO - [REDIS_OP] Completed: store_embedding, Key: internet-banking-config-server/src/main/java/com/javatodev/finance/InternetBankingConfigServerApplication.java, Duration: 285ms
2026-01-28 12:22:16,460 - Knowledge - INFO - persist search terms embedding for internet-banking-config-server/src/main/java/com/javatodev/finance/InternetBankingConfigServerApplication.java
2026-01-28 12:22:16,634 - Knowledge - INFO - process ingested knowledge for /app/data/T0015/311196/b7970fw/internet-banking-concept-microservices-303209/internet-banking-config-server/src/main/java/com/javatodev/finance/InternetBankingConfigServerApplication.java
2026-01-28 12:22:16,874 - Knowledge - INFO - Found code-base-name: https://github.com/kavia-common/internet-banking-concept-microservices-303209.git:kavia-development
2026-01-28 12:22:17,059 - Knowledge - INFO - Code base not found for https://github.com/kavia-common/internet-banking-concept-microservices-303209.git:kavia-development. Joining with Knowledge base_path: True.
2026-01-28 12:22:17,251 - Knowledge - INFO - /app/data/T0015/311196/b7970fw/internet-banking-concept-microservices-303209
2026-01-28 12:22:17,488 - Knowledge - INFO - Found code-base-name: https://github.com/kavia-common/internet-banking-concept-microservices-303209.git:kavia-development
2026-01-28 12:22:17,690 - Knowledge - INFO - Code base not found for https://github.com/kavia-common/internet-banking-concept-microservices-303209.git:kavia-development. Joining with Knowledge base_path: False.
2026-01-28 12:22:17,846 - Knowledge - INFO - /app/data/T0015/311196/b7970fw/internet-banking-concept-microservices-303209
2026-01-28 12:22:18,016 - Knowledge - INFO - persist ingested knowledge for /app/data/T0015/311196/b7970fw/internet-banking-concept-microservices-303209/core-banking-service/src/main/resources/db/migration/V1.0.20210429210839__create_transaction_table.sql
2026-01-28 12:22:18,289 - Knowledge - INFO - [MONGODB_OP] Completed: persist, Collection: file_info, Duration: 83ms
2026-01-28 12:22:18,875 - Knowledge - INFO - [REDIS_OP] Completed: store_embedding, Key: core-banking-service/src/main/resources/db/migration/V1.0.20210429210839__create_transaction_table.sql, Duration: 413ms
2026-01-28 12:22:19,060 - Knowledge - INFO - persist search terms embedding for core-banking-service/src/main/resources/db/migration/V1.0.20210429210839__create_transaction_table.sql
2026-01-28 12:22:19,218 - Knowledge - INFO - process ingested knowledge for /app/data/T0015/311196/b7970fw/internet-banking-concept-microservices-303209/core-banking-service/src/main/resources/db/migration/V1.0.20210429210839__create_transaction_table.sql
2026-01-28 12:22:19,385 - Knowledge - INFO - Found code-base-name: https://github.com/kavia-common/internet-banking-concept-microservices-303209.git:kavia-development
2026-01-28 12:22:19,553 - Knowledge - INFO - Code base not found for https://github.com/kavia-common/internet-banking-concept-microservices-303209.git:kavia-development. Joining with Knowledge base_path: True.
2026-01-28 12:22:19,729 - Knowledge - INFO - /app/data/T0015/311196/b7970fw/internet-banking-concept-microservices-303209
2026-01-28 12:22:19,975 - Knowledge - INFO - Found code-base-name: https://github.com/kavia-common/internet-banking-concept-microservices-303209.git:kavia-development
2026-01-28 12:22:20,170 - Knowledge - INFO - Code base not found for https://github.com/kavia-common/internet-banking-concept-microservices-303209.git:kavia-development. Joining with Knowledge base_path: False.
2026-01-28 12:22:20,381 - Knowledge - INFO - /app/data/T0015/311196/b7970fw/internet-banking-concept-microservices-303209
2026-01-28 12:22:20,547 - Knowledge - INFO - persist ingested knowledge for /app/data/T0015/311196/b7970fw/internet-banking-concept-microservices-303209/core-banking-service/src/main/java/com/javatodev/finance/controller/TransactionController.java
2026-01-28 12:22:20,813 - Knowledge - INFO - [MONGODB_OP] Completed: persist, Collection: file_info, Duration: 84ms
2026-01-28 12:22:21,326 - Knowledge - INFO - [REDIS_OP] Completed: store_embedding, Key: core-banking-service/src/main/java/com/javatodev/finance/controller/TransactionController.java, Duration: 333ms
2026-01-28 12:22:21,497 - Knowledge - INFO - persist search terms embedding for core-banking-service/src/main/java/com/javatodev/finance/controller/TransactionController.java
2026-01-28 12:22:21,667 - Knowledge - INFO - process ingested knowledge for /app/data/T0015/311196/b7970fw/internet-banking-concept-microservices-303209/core-banking-service/src/main/java/com/javatodev/finance/controller/TransactionController.java
2026-01-28 12:22:21,834 - Knowledge - INFO - Found code-base-name: https://github.com/kavia-common/internet-banking-concept-microservices-303209.git:kavia-development
2026-01-28 12:22:22,034 - Knowledge - INFO - Code base not found for https://github.com/kavia-common/internet-banking-concept-microservices-303209.git:kavia-development. Joining with Knowledge base_path: True.
2026-01-28 12:22:22,183 - Knowledge - INFO - /app/data/T0015/311196/b7970fw/internet-banking-concept-microservices-303209
2026-01-28 12:22:22,427 - Knowledge - INFO - Found code-base-name: https://github.com/kavia-common/internet-banking-concept-microservices-303209.git:kavia-development
2026-01-28 12:22:22,631 - Knowledge - INFO - Code base not found for https://github.com/kavia-common/internet-banking-concept-microservices-303209.git:kavia-development. Joining with Knowledge base_path: False.
2026-01-28 12:22:22,802 - Knowledge - INFO - /app/data/T0015/311196/b7970fw/internet-banking-concept-microservices-303209
2026-01-28 12:22:22,975 - Knowledge - INFO - persist ingested knowledge for /app/data/T0015/311196/b7970fw/internet-banking-concept-microservices-303209/internet-banking-utility-payment-service/src/main/java/com/javatodev/finance/repository/UtilityPaymentRepository.java
2026-01-28 12:22:23,235 - Knowledge - INFO - [MONGODB_OP] Completed: persist, Collection: file_info, Duration: 95ms
2026-01-28 12:22:23,697 - Knowledge - INFO - [REDIS_OP] Completed: store_embedding, Key: internet-banking-utility-payment-service/src/main/java/com/javatodev/finance/repository/UtilityPaymentRepository.java, Duration: 277ms
2026-01-28 12:22:23,888 - Knowledge - INFO - persist search terms embedding for internet-banking-utility-payment-service/src/main/java/com/javatodev/finance/repository/UtilityPaymentRepository.java
2026-01-28 12:22:24,072 - Knowledge - INFO - process ingested knowledge for /app/data/T0015/311196/b7970fw/internet-banking-concept-microservices-303209/internet-banking-utility-payment-service/src/main/java/com/javatodev/finance/repository/UtilityPaymentRepository.java
2026-01-28 12:22:24,225 - Knowledge - INFO - Found code-base-name: https://github.com/kavia-common/internet-banking-concept-microservices-303209.git:kavia-development
2026-01-28 12:22:24,465 - Knowledge - INFO - Code base not found for https://github.com/kavia-common/internet-banking-concept-microservices-303209.git:kavia-development. Joining with Knowledge base_path: True.
2026-01-28 12:22:24,680 - Knowledge - INFO - /app/data/T0015/311196/b7970fw/internet-banking-concept-microservices-303209
2026-01-28 12:22:24,953 - Knowledge - INFO - Found code-base-name: https://github.com/kavia-common/internet-banking-concept-microservices-303209.git:kavia-development
2026-01-28 12:22:25,160 - Knowledge - INFO - Code base not found for https://github.com/kavia-common/internet-banking-concept-microservices-303209.git:kavia-development. Joining with Knowledge base_path: False.
2026-01-28 12:22:25,387 - Knowledge - INFO - /app/data/T0015/311196/b7970fw/internet-banking-concept-microservices-303209
2026-01-28 12:22:25,554 - Knowledge - INFO - persist ingested knowledge for /app/data/T0015/311196/b7970fw/internet-banking-concept-microservices-303209/postman_collection/JAVA_TO_DEV_MICROSERVICES.postman_collection.json
2026-01-28 12:22:25,805 - Knowledge - INFO - [MONGODB_OP] Completed: persist, Collection: file_info, Duration: 89ms
2026-01-28 12:22:26,283 - Knowledge - INFO - [REDIS_OP] Completed: store_embedding, Key: postman_collection/JAVA_TO_DEV_MICROSERVICES.postman_collection.json, Duration: 295ms
2026-01-28 12:22:26,481 - Knowledge - INFO - persist search terms embedding for postman_collection/JAVA_TO_DEV_MICROSERVICES.postman_collection.json
2026-01-28 12:22:26,644 - Knowledge - INFO - process ingested knowledge for /app/data/T0015/311196/b7970fw/internet-banking-concept-microservices-303209/postman_collection/JAVA_TO_DEV_MICROSERVICES.postman_collection.json
2026-01-28 12:22:26,797 - Knowledge - INFO - Found code-base-name: https://github.com/kavia-common/internet-banking-concept-microservices-303209.git:kavia-development
2026-01-28 12:22:26,971 - Knowledge - INFO - Code base not found for https://github.com/kavia-common/internet-banking-concept-microservices-303209.git:kavia-development. Joining with Knowledge base_path: True.
2026-01-28 12:22:27,136 - Knowledge - INFO - /app/data/T0015/311196/b7970fw/internet-banking-concept-microservices-303209
2026-01-28 12:22:27,423 - Knowledge - INFO - Found code-base-name: https://github.com/kavia-common/internet-banking-concept-microservices-303209.git:kavia-development
2026-01-28 12:22:27,613 - Knowledge - INFO - Code base not found for https://github.com/kavia-common/internet-banking-concept-microservices-303209.git:kavia-development. Joining with Knowledge base_path: False.
2026-01-28 12:22:27,775 - Knowledge - INFO - /app/data/T0015/311196/b7970fw/internet-banking-concept-microservices-303209
2026-01-28 12:22:27,938 - Knowledge - INFO - persist ingested knowledge for /app/data/T0015/311196/b7970fw/internet-banking-concept-microservices-303209/internet-banking-user-service/src/main/java/com/javatodev/finance/exception/InvalidBankingUserException.java
2026-01-28 12:22:28,183 - Knowledge - INFO - [MONGODB_OP] Completed: persist, Collection: file_info, Duration: 93ms
2026-01-28 12:22:28,569 - Knowledge - INFO - [REDIS_OP] Completed: store_embedding, Key: internet-banking-user-service/src/main/java/com/javatodev/finance/exception/InvalidBankingUserException.java, Duration: 225ms
2026-01-28 12:22:28,739 - Knowledge - INFO - persist search terms embedding for internet-banking-user-service/src/main/java/com/javatodev/finance/exception/InvalidBankingUserException.java
2026-01-28 12:22:28,922 - Knowledge - INFO - process ingested knowledge for /app/data/T0015/311196/b7970fw/internet-banking-concept-microservices-303209/internet-banking-user-service/src/main/java/com/javatodev/finance/exception/InvalidBankingUserException.java
2026-01-28 12:22:29,095 - Knowledge - INFO - Found code-base-name: https://github.com/kavia-common/internet-banking-concept-microservices-303209.git:kavia-development
2026-01-28 12:22:29,262 - Knowledge - INFO - Code base not found for https://github.com/kavia-common/internet-banking-concept-microservices-303209.git:kavia-development. Joining with Knowledge base_path: True.
2026-01-28 12:22:29,434 - Knowledge - INFO - /app/data/T0015/311196/b7970fw/internet-banking-concept-microservices-303209
2026-01-28 12:22:29,708 - Knowledge - INFO - Found code-base-name: https://github.com/kavia-common/internet-banking-concept-microservices-303209.git:kavia-development
2026-01-28 12:22:29,862 - Knowledge - INFO - Code base not found for https://github.com/kavia-common/internet-banking-concept-microservices-303209.git:kavia-development. Joining with Knowledge base_path: False.
2026-01-28 12:22:30,070 - Knowledge - INFO - /app/data/T0015/311196/b7970fw/internet-banking-concept-microservices-303209
2026-01-28 12:22:30,250 - Knowledge - INFO - persist ingested knowledge for /app/data/T0015/311196/b7970fw/internet-banking-concept-microservices-303209/core-banking-service/src/main/resources/application.yml
2026-01-28 12:22:30,558 - Knowledge - INFO - [MONGODB_OP] Completed: persist, Collection: file_info, Duration: 107ms
2026-01-28 12:22:31,073 - Knowledge - INFO - [REDIS_OP] Completed: store_embedding, Key: core-banking-service/src/main/resources/application.yml, Duration: 340ms
2026-01-28 12:22:31,245 - Knowledge - INFO - persist search terms embedding for core-banking-service/src/main/resources/application.yml
2026-01-28 12:22:31,432 - Knowledge - INFO - process ingested knowledge for /app/data/T0015/311196/b7970fw/internet-banking-concept-microservices-303209/core-banking-service/src/main/resources/application.yml
2026-01-28 12:22:31,605 - Knowledge - INFO - Found code-base-name: https://github.com/kavia-common/internet-banking-concept-microservices-303209.git:kavia-development
2026-01-28 12:22:31,785 - Knowledge - INFO - Code base not found for https://github.com/kavia-common/internet-banking-concept-microservices-303209.git:kavia-development. Joining with Knowledge base_path: True.
2026-01-28 12:22:31,959 - Knowledge - INFO - /app/data/T0015/311196/b7970fw/internet-banking-concept-microservices-303209
2026-01-28 12:22:32,189 - Knowledge - INFO - Found code-base-name: https://github.com/kavia-common/internet-banking-concept-microservices-303209.git:kavia-development
2026-01-28 12:22:32,360 - Knowledge - INFO - Code base not found for https://github.com/kavia-common/internet-banking-concept-microservices-303209.git:kavia-development. Joining with Knowledge base_path: False.
2026-01-28 12:22:32,507 - Knowledge - INFO - /app/data/T0015/311196/b7970fw/internet-banking-concept-microservices-303209
2026-01-28 12:22:32,665 - Knowledge - INFO - persist ingested knowledge for /app/data/T0015/311196/b7970fw/internet-banking-concept-microservices-303209/internet-banking-utility-payment-service/build.gradle
2026-01-28 12:22:32,911 - Knowledge - INFO - [MONGODB_OP] Completed: persist, Collection: file_info, Duration: 85ms
2026-01-28 12:22:33,333 - Knowledge - INFO - [REDIS_OP] Completed: store_embedding, Key: internet-banking-utility-payment-service/build.gradle, Duration: 234ms
2026-01-28 12:22:33,506 - Knowledge - INFO - persist search terms embedding for internet-banking-utility-payment-service/build.gradle
2026-01-28 12:22:33,668 - Knowledge - INFO - process ingested knowledge for /app/data/T0015/311196/b7970fw/internet-banking-concept-microservices-303209/internet-banking-utility-payment-service/build.gradle
2026-01-28 12:22:33,852 - Knowledge - INFO - Found code-base-name: https://github.com/kavia-common/internet-banking-concept-microservices-303209.git:kavia-development
2026-01-28 12:22:34,087 - Knowledge - INFO - Code base not found for https://github.com/kavia-common/internet-banking-concept-microservices-303209.git:kavia-development. Joining with Knowledge base_path: True.
2026-01-28 12:22:34,278 - Knowledge - INFO - /app/data/T0015/311196/b7970fw/internet-banking-concept-microservices-303209
2026-01-28 12:22:34,503 - Knowledge - INFO - Found code-base-name: https://github.com/kavia-common/internet-banking-concept-microservices-303209.git:kavia-development
2026-01-28 12:22:34,675 - Knowledge - INFO - Code base not found for https://github.com/kavia-common/internet-banking-concept-microservices-303209.git:kavia-development. Joining with Knowledge base_path: False.
2026-01-28 12:22:34,857 - Knowledge - INFO - /app/data/T0015/311196/b7970fw/internet-banking-concept-microservices-303209
2026-01-28 12:22:35,023 - Knowledge - INFO - persist ingested knowledge for /app/data/T0015/311196/b7970fw/internet-banking-concept-microservices-303209/internet-banking-user-service/build.gradle
2026-01-28 12:22:35,288 - Knowledge - INFO - [MONGODB_OP] Completed: persist, Collection: file_info, Duration: 101ms
2026-01-28 12:22:35,641 - Knowledge - INFO - [REDIS_OP] Completed: store_embedding, Key: internet-banking-user-service/build.gradle, Duration: 180ms
2026-01-28 12:22:35,848 - Knowledge - INFO - persist search terms embedding for internet-banking-user-service/build.gradle
2026-01-28 12:22:36,016 - Knowledge - INFO - process ingested knowledge for /app/data/T0015/311196/b7970fw/internet-banking-concept-microservices-303209/internet-banking-user-service/build.gradle
2026-01-28 12:22:36,172 - Knowledge - INFO - Found code-base-name: https://github.com/kavia-common/internet-banking-concept-microservices-303209.git:kavia-development
2026-01-28 12:22:36,335 - Knowledge - INFO - Code base not found for https://github.com/kavia-common/internet-banking-concept-microservices-303209.git:kavia-development. Joining with Knowledge base_path: True.
2026-01-28 12:22:36,502 - Knowledge - INFO - /app/data/T0015/311196/b7970fw/internet-banking-concept-microservices-303209
2026-01-28 12:22:36,764 - Knowledge - INFO - Found code-base-name: https://github.com/kavia-common/internet-banking-concept-microservices-303209.git:kavia-development
2026-01-28 12:22:36,949 - Knowledge - INFO - Code base not found for https://github.com/kavia-common/internet-banking-concept-microservices-303209.git:kavia-development. Joining with Knowledge base_path: False.
2026-01-28 12:22:37,131 - Knowledge - INFO - /app/data/T0015/311196/b7970fw/internet-banking-concept-microservices-303209
2026-01-28 12:22:37,339 - Knowledge - INFO - persist ingested knowledge for /app/data/T0015/311196/b7970fw/internet-banking-concept-microservices-303209/core-banking-service/src/main/java/com/javatodev/finance/model/dto/request/FundTransferRequest.java
2026-01-28 12:22:37,617 - Knowledge - INFO - [MONGODB_OP] Completed: persist, Collection: file_info, Duration: 86ms
2026-01-28 12:22:38,008 - Knowledge - INFO - [REDIS_OP] Completed: store_embedding, Key: core-banking-service/src/main/java/com/javatodev/finance/model/dto/request/FundTransferRequest.java, Duration: 216ms
2026-01-28 12:22:38,190 - Knowledge - INFO - persist search terms embedding for core-banking-service/src/main/java/com/javatodev/finance/model/dto/request/FundTransferRequest.java
2026-01-28 12:22:38,368 - Knowledge - INFO - process ingested knowledge for /app/data/T0015/311196/b7970fw/internet-banking-concept-microservices-303209/core-banking-service/src/main/java/com/javatodev/finance/model/dto/request/FundTransferRequest.java
2026-01-28 12:22:38,548 - Knowledge - INFO - Found code-base-name: https://github.com/kavia-common/internet-banking-concept-microservices-303209.git:kavia-development
2026-01-28 12:22:38,725 - Knowledge - INFO - Code base not found for https://github.com/kavia-common/internet-banking-concept-microservices-303209.git:kavia-development. Joining with Knowledge base_path: True.
2026-01-28 12:22:38,953 - Knowledge - INFO - /app/data/T0015/311196/b7970fw/internet-banking-concept-microservices-303209
2026-01-28 12:22:39,220 - Knowledge - INFO - Found code-base-name: https://github.com/kavia-common/internet-banking-concept-microservices-303209.git:kavia-development
2026-01-28 12:22:39,410 - Knowledge - INFO - Code base not found for https://github.com/kavia-common/internet-banking-concept-microservices-303209.git:kavia-development. Joining with Knowledge base_path: False.
2026-01-28 12:22:39,562 - Knowledge - INFO - /app/data/T0015/311196/b7970fw/internet-banking-concept-microservices-303209
2026-01-28 12:22:39,712 - Knowledge - INFO - persist ingested knowledge for /app/data/T0015/311196/b7970fw/internet-banking-concept-microservices-303209/internet-banking-api-gateway/src/test/java/com/javatodev/finance/InternetBankingApiGatewayApplicationTests.java
2026-01-28 12:22:39,973 - Knowledge - INFO - [MONGODB_OP] Completed: persist, Collection: file_info, Duration: 97ms
2026-01-28 12:22:40,446 - Knowledge - INFO - [REDIS_OP] Completed: store_embedding, Key: internet-banking-api-gateway/src/test/java/com/javatodev/finance/InternetBankingApiGatewayApplicationTests.java, Duration: 316ms
2026-01-28 12:22:40,617 - Knowledge - INFO - persist search terms embedding for internet-banking-api-gateway/src/test/java/com/javatodev/finance/InternetBankingApiGatewayApplicationTests.java
2026-01-28 12:22:40,842 - Knowledge - INFO - process ingested knowledge for /app/data/T0015/311196/b7970fw/internet-banking-concept-microservices-303209/internet-banking-api-gateway/src/test/java/com/javatodev/finance/InternetBankingApiGatewayApplicationTests.java
2026-01-28 12:22:41,039 - Knowledge - INFO - Found code-base-name: https://github.com/kavia-common/internet-banking-concept-microservices-303209.git:kavia-development
2026-01-28 12:22:41,215 - Knowledge - INFO - Code base not found for https://github.com/kavia-common/internet-banking-concept-microservices-303209.git:kavia-development. Joining with Knowledge base_path: True.
2026-01-28 12:22:41,395 - Knowledge - INFO - /app/data/T0015/311196/b7970fw/internet-banking-concept-microservices-303209
2026-01-28 12:22:41,649 - Knowledge - INFO - Found code-base-name: https://github.com/kavia-common/internet-banking-concept-microservices-303209.git:kavia-development
2026-01-28 12:22:41,814 - Knowledge - INFO - Code base not found for https://github.com/kavia-common/internet-banking-concept-microservices-303209.git:kavia-development. Joining with Knowledge base_path: False.
2026-01-28 12:22:41,998 - Knowledge - INFO - /app/data/T0015/311196/b7970fw/internet-banking-concept-microservices-303209
2026-01-28 12:22:42,158 - Knowledge - INFO - persist ingested knowledge for /app/data/T0015/311196/b7970fw/internet-banking-concept-microservices-303209/internet-banking-api-gateway/src/main/java/com/javatodev/finance/configuration/GatewayConfiguration.java
2026-01-28 12:22:42,399 - Knowledge - INFO - [MONGODB_OP] Completed: persist, Collection: file_info, Duration: 87ms
2026-01-28 12:22:42,783 - Knowledge - INFO - [REDIS_OP] Completed: store_embedding, Key: internet-banking-api-gateway/src/main/java/com/javatodev/finance/configuration/GatewayConfiguration.java, Duration: 215ms
2026-01-28 12:22:42,969 - Knowledge - INFO - persist search terms embedding for internet-banking-api-gateway/src/main/java/com/javatodev/finance/configuration/GatewayConfiguration.java
2026-01-28 12:22:43,132 - Knowledge - INFO - process ingested knowledge for /app/data/T0015/311196/b7970fw/internet-banking-concept-microservices-303209/internet-banking-api-gateway/src/main/java/com/javatodev/finance/configuration/GatewayConfiguration.java
2026-01-28 12:22:43,297 - Knowledge - INFO - Found code-base-name: https://github.com/kavia-common/internet-banking-concept-microservices-303209.git:kavia-development
2026-01-28 12:22:43,443 - Knowledge - INFO - Code base not found for https://github.com/kavia-common/internet-banking-concept-microservices-303209.git:kavia-development. Joining with Knowledge base_path: True.
2026-01-28 12:22:43,641 - Knowledge - INFO - /app/data/T0015/311196/b7970fw/internet-banking-concept-microservices-303209
2026-01-28 12:22:43,885 - Knowledge - INFO - Found code-base-name: https://github.com/kavia-common/internet-banking-concept-microservices-303209.git:kavia-development
2026-01-28 12:22:44,067 - Knowledge - INFO - Code base not found for https://github.com/kavia-common/internet-banking-concept-microservices-303209.git:kavia-development. Joining with Knowledge base_path: False.
2026-01-28 12:22:44,234 - Knowledge - INFO - /app/data/T0015/311196/b7970fw/internet-banking-concept-microservices-303209
2026-01-28 12:22:44,407 - Knowledge - INFO - persist ingested knowledge for /app/data/T0015/311196/b7970fw/internet-banking-concept-microservices-303209/internet-banking-utility-payment-service/src/main/java/com/javatodev/finance/service/rest/BankingCoreRestClient.java
2026-01-28 12:22:44,683 - Knowledge - INFO - [MONGODB_OP] Completed: persist, Collection: file_info, Duration: 88ms
2026-01-28 12:22:45,263 - Knowledge - INFO - [REDIS_OP] Completed: store_embedding, Key: internet-banking-utility-payment-service/src/main/java/com/javatodev/finance/service/rest/BankingCoreRestClient.java, Duration: 402ms
2026-01-28 12:22:45,436 - Knowledge - INFO - persist search terms embedding for internet-banking-utility-payment-service/src/main/java/com/javatodev/finance/service/rest/BankingCoreRestClient.java
2026-01-28 12:22:45,632 - Knowledge - INFO - process ingested knowledge for /app/data/T0015/311196/b7970fw/internet-banking-concept-microservices-303209/internet-banking-utility-payment-service/src/main/java/com/javatodev/finance/service/rest/BankingCoreRestClient.java
2026-01-28 12:22:45,798 - Knowledge - INFO - Found code-base-name: https://github.com/kavia-common/internet-banking-concept-microservices-303209.git:kavia-development
2026-01-28 12:22:46,006 - Knowledge - INFO - Code base not found for https://github.com/kavia-common/internet-banking-concept-microservices-303209.git:kavia-development. Joining with Knowledge base_path: True.
2026-01-28 12:22:46,180 - Knowledge - INFO - /app/data/T0015/311196/b7970fw/internet-banking-concept-microservices-303209
2026-01-28 12:22:46,427 - Knowledge - INFO - Found code-base-name: https://github.com/kavia-common/internet-banking-concept-microservices-303209.git:kavia-development
2026-01-28 12:22:46,603 - Knowledge - INFO - Code base not found for https://github.com/kavia-common/internet-banking-concept-microservices-303209.git:kavia-development. Joining with Knowledge base_path: False.
2026-01-28 12:22:46,760 - Knowledge - INFO - /app/data/T0015/311196/b7970fw/internet-banking-concept-microservices-303209
2026-01-28 12:22:46,920 - Knowledge - INFO - persist ingested knowledge for /app/data/T0015/311196/b7970fw/internet-banking-concept-microservices-303209/internet-banking-user-service/src/main/java/com/javatodev/finance/service/rest/BankingCoreRestClient.java
2026-01-28 12:22:47,206 - Knowledge - INFO - [MONGODB_OP] Completed: persist, Collection: file_info, Duration: 80ms
2026-01-28 12:22:47,668 - Knowledge - INFO - [REDIS_OP] Completed: store_embedding, Key: internet-banking-user-service/src/main/java/com/javatodev/finance/service/rest/BankingCoreRestClient.java, Duration: 287ms
2026-01-28 12:22:47,868 - Knowledge - INFO - persist search terms embedding for internet-banking-user-service/src/main/java/com/javatodev/finance/service/rest/BankingCoreRestClient.java
2026-01-28 12:22:48,041 - Knowledge - INFO - process ingested knowledge for /app/data/T0015/311196/b7970fw/internet-banking-concept-microservices-303209/internet-banking-user-service/src/main/java/com/javatodev/finance/service/rest/BankingCoreRestClient.java
2026-01-28 12:22:48,207 - Knowledge - INFO - Found code-base-name: https://github.com/kavia-common/internet-banking-concept-microservices-303209.git:kavia-development
2026-01-28 12:22:48,380 - Knowledge - INFO - Code base not found for https://github.com/kavia-common/internet-banking-concept-microservices-303209.git:kavia-development. Joining with Knowledge base_path: True.
2026-01-28 12:22:48,546 - Knowledge - INFO - /app/data/T0015/311196/b7970fw/internet-banking-concept-microservices-303209
2026-01-28 12:22:48,775 - Knowledge - INFO - Found code-base-name: https://github.com/kavia-common/internet-banking-concept-microservices-303209.git:kavia-development
2026-01-28 12:22:49,029 - Knowledge - INFO - Code base not found for https://github.com/kavia-common/internet-banking-concept-microservices-303209.git:kavia-development. Joining with Knowledge base_path: False.
2026-01-28 12:22:49,270 - Knowledge - INFO - /app/data/T0015/311196/b7970fw/internet-banking-concept-microservices-303209
2026-01-28 12:22:49,423 - Knowledge - INFO - persist ingested knowledge for /app/data/T0015/311196/b7970fw/internet-banking-concept-microservices-303209/core-banking-service/src/main/resources/db/migration/V1.0.20210427174721__temp_data.sql
2026-01-28 12:22:49,679 - Knowledge - INFO - [MONGODB_OP] Completed: persist, Collection: file_info, Duration: 82ms
2026-01-28 12:22:50,097 - Knowledge - INFO - [REDIS_OP] Completed: store_embedding, Key: core-banking-service/src/main/resources/db/migration/V1.0.20210427174721__temp_data.sql, Duration: 262ms
2026-01-28 12:22:50,252 - Knowledge - INFO - persist search terms embedding for core-banking-service/src/main/resources/db/migration/V1.0.20210427174721__temp_data.sql
2026-01-28 12:22:50,413 - Knowledge - INFO - process ingested knowledge for /app/data/T0015/311196/b7970fw/internet-banking-concept-microservices-303209/core-banking-service/src/main/resources/db/migration/V1.0.20210427174721__temp_data.sql
2026-01-28 12:22:50,636 - Knowledge - INFO - Found code-base-name: https://github.com/kavia-common/internet-banking-concept-microservices-303209.git:kavia-development
2026-01-28 12:22:50,817 - Knowledge - INFO - Code base not found for https://github.com/kavia-common/internet-banking-concept-microservices-303209.git:kavia-development. Joining with Knowledge base_path: True.
2026-01-28 12:22:50,973 - Knowledge - INFO - /app/data/T0015/311196/b7970fw/internet-banking-concept-microservices-303209
2026-01-28 12:22:51,222 - Knowledge - INFO - Found code-base-name: https://github.com/kavia-common/internet-banking-concept-microservices-303209.git:kavia-development
2026-01-28 12:22:51,432 - Knowledge - INFO - Code base not found for https://github.com/kavia-common/internet-banking-concept-microservices-303209.git:kavia-development. Joining with Knowledge base_path: False.
2026-01-28 12:22:51,646 - Knowledge - INFO - /app/data/T0015/311196/b7970fw/internet-banking-concept-microservices-303209
2026-01-28 12:22:51,837 - Knowledge - INFO - persist ingested knowledge for /app/data/T0015/311196/b7970fw/internet-banking-concept-microservices-303209/core-banking-service/src/main/java/com/javatodev/finance/model/dto/request/UtilityPaymentRequest.java
2026-01-28 12:22:52,118 - Knowledge - INFO - [MONGODB_OP] Completed: persist, Collection: file_info, Duration: 86ms
2026-01-28 12:22:52,534 - Knowledge - INFO - [REDIS_OP] Completed: store_embedding, Key: core-banking-service/src/main/java/com/javatodev/finance/model/dto/request/UtilityPaymentRequest.java, Duration: 230ms
2026-01-28 12:22:52,747 - Knowledge - INFO - persist search terms embedding for core-banking-service/src/main/java/com/javatodev/finance/model/dto/request/UtilityPaymentRequest.java
2026-01-28 12:22:52,951 - Knowledge - INFO - process ingested knowledge for /app/data/T0015/311196/b7970fw/internet-banking-concept-microservices-303209/core-banking-service/src/main/java/com/javatodev/finance/model/dto/request/UtilityPaymentRequest.java
2026-01-28 12:22:53,167 - Knowledge - INFO - Found code-base-name: https://github.com/kavia-common/internet-banking-concept-microservices-303209.git:kavia-development
2026-01-28 12:22:53,355 - Knowledge - INFO - Code base not found for https://github.com/kavia-common/internet-banking-concept-microservices-303209.git:kavia-development. Joining with Knowledge base_path: True.
2026-01-28 12:22:53,525 - Knowledge - INFO - /app/data/T0015/311196/b7970fw/internet-banking-concept-microservices-303209
2026-01-28 12:22:53,764 - Knowledge - INFO - Found code-base-name: https://github.com/kavia-common/internet-banking-concept-microservices-303209.git:kavia-development
2026-01-28 12:22:53,965 - Knowledge - INFO - Code base not found for https://github.com/kavia-common/internet-banking-concept-microservices-303209.git:kavia-development. Joining with Knowledge base_path: False.
2026-01-28 12:22:54,133 - Knowledge - INFO - /app/data/T0015/311196/b7970fw/internet-banking-concept-microservices-303209
2026-01-28 12:22:54,315 - Knowledge - INFO - persist ingested knowledge for /app/data/T0015/311196/b7970fw/internet-banking-concept-microservices-303209/internet-banking-fund-transfer-service/build.gradle
2026-01-28 12:22:54,601 - Knowledge - INFO - [MONGODB_OP] Completed: persist, Collection: file_info, Duration: 86ms
2026-01-28 12:22:54,995 - Knowledge - INFO - [REDIS_OP] Completed: store_embedding, Key: internet-banking-fund-transfer-service/build.gradle, Duration: 235ms
2026-01-28 12:22:55,167 - Knowledge - INFO - persist search terms embedding for internet-banking-fund-transfer-service/build.gradle
2026-01-28 12:22:55,330 - Knowledge - INFO - process ingested knowledge for /app/data/T0015/311196/b7970fw/internet-banking-concept-microservices-303209/internet-banking-fund-transfer-service/build.gradle
2026-01-28 12:22:55,545 - Knowledge - INFO - Found code-base-name: https://github.com/kavia-common/internet-banking-concept-microservices-303209.git:kavia-development
2026-01-28 12:22:55,691 - Knowledge - INFO - Code base not found for https://github.com/kavia-common/internet-banking-concept-microservices-303209.git:kavia-development. Joining with Knowledge base_path: True.
2026-01-28 12:22:55,871 - Knowledge - INFO - /app/data/T0015/311196/b7970fw/internet-banking-concept-microservices-303209
2026-01-28 12:22:56,104 - Knowledge - INFO - Found code-base-name: https://github.com/kavia-common/internet-banking-concept-microservices-303209.git:kavia-development
2026-01-28 12:22:56,268 - Knowledge - INFO - Code base not found for https://github.com/kavia-common/internet-banking-concept-microservices-303209.git:kavia-development. Joining with Knowledge base_path: False.
2026-01-28 12:22:56,429 - Knowledge - INFO - /app/data/T0015/311196/b7970fw/internet-banking-concept-microservices-303209
2026-01-28 12:22:56,592 - Knowledge - INFO - persist ingested knowledge for /app/data/T0015/311196/b7970fw/internet-banking-concept-microservices-303209/internet-banking-fund-transfer-service/src/main/java/com/javatodev/finance/model/dto/response/UtilityPaymentResponse.java
2026-01-28 12:22:56,879 - Knowledge - INFO - [MONGODB_OP] Completed: persist, Collection: file_info, Duration: 86ms
2026-01-28 12:22:57,247 - Knowledge - INFO - [REDIS_OP] Completed: store_embedding, Key: internet-banking-fund-transfer-service/src/main/java/com/javatodev/finance/model/dto/response/UtilityPaymentResponse.java, Duration: 177ms
2026-01-28 12:22:57,425 - Knowledge - INFO - persist search terms embedding for internet-banking-fund-transfer-service/src/main/java/com/javatodev/finance/model/dto/response/UtilityPaymentResponse.java
2026-01-28 12:22:57,597 - Knowledge - INFO - process ingested knowledge for /app/data/T0015/311196/b7970fw/internet-banking-concept-microservices-303209/internet-banking-fund-transfer-service/src/main/java/com/javatodev/finance/model/dto/response/UtilityPaymentResponse.java
2026-01-28 12:22:57,783 - Knowledge - INFO - Found code-base-name: https://github.com/kavia-common/internet-banking-concept-microservices-303209.git:kavia-development
2026-01-28 12:22:57,937 - Knowledge - INFO - Code base not found for https://github.com/kavia-common/internet-banking-concept-microservices-303209.git:kavia-development. Joining with Knowledge base_path: True.
2026-01-28 12:22:58,121 - Knowledge - INFO - /app/data/T0015/311196/b7970fw/internet-banking-concept-microservices-303209
2026-01-28 12:22:58,349 - Knowledge - INFO - Found code-base-name: https://github.com/kavia-common/internet-banking-concept-microservices-303209.git:kavia-development
2026-01-28 12:22:58,547 - Knowledge - INFO - Code base not found for https://github.com/kavia-common/internet-banking-concept-microservices-303209.git:kavia-development. Joining with Knowledge base_path: False.
2026-01-28 12:22:58,727 - Knowledge - INFO - /app/data/T0015/311196/b7970fw/internet-banking-concept-microservices-303209
2026-01-28 12:22:58,945 - Knowledge - INFO - persist ingested knowledge for /app/data/T0015/311196/b7970fw/internet-banking-concept-microservices-303209/core-banking-service/src/main/java/com/javatodev/finance/model/AccountStatus.java
2026-01-28 12:22:59,205 - Knowledge - INFO - [MONGODB_OP] Completed: persist, Collection: file_info, Duration: 90ms
2026-01-28 12:22:59,661 - Knowledge - INFO - [REDIS_OP] Completed: store_embedding, Key: core-banking-service/src/main/java/com/javatodev/finance/model/AccountStatus.java, Duration: 270ms
2026-01-28 12:22:59,855 - Knowledge - INFO - persist search terms embedding for core-banking-service/src/main/java/com/javatodev/finance/model/AccountStatus.java
2026-01-28 12:23:00,062 - Knowledge - INFO - process ingested knowledge for /app/data/T0015/311196/b7970fw/internet-banking-concept-microservices-303209/core-banking-service/src/main/java/com/javatodev/finance/model/AccountStatus.java
2026-01-28 12:23:00,238 - Knowledge - INFO - Found code-base-name: https://github.com/kavia-common/internet-banking-concept-microservices-303209.git:kavia-development
2026-01-28 12:23:00,391 - Knowledge - INFO - Code base not found for https://github.com/kavia-common/internet-banking-concept-microservices-303209.git:kavia-development. Joining with Knowledge base_path: True.
2026-01-28 12:23:00,560 - Knowledge - INFO - /app/data/T0015/311196/b7970fw/internet-banking-concept-microservices-303209
2026-01-28 12:23:00,822 - Knowledge - INFO - Found code-base-name: https://github.com/kavia-common/internet-banking-concept-microservices-303209.git:kavia-development
2026-01-28 12:23:00,999 - Knowledge - INFO - Code base not found for https://github.com/kavia-common/internet-banking-concept-microservices-303209.git:kavia-development. Joining with Knowledge base_path: False.
2026-01-28 12:23:01,173 - Knowledge - INFO - /app/data/T0015/311196/b7970fw/internet-banking-concept-microservices-303209
2026-01-28 12:23:01,346 - Knowledge - INFO - persist ingested knowledge for /app/data/T0015/311196/b7970fw/internet-banking-concept-microservices-303209/internet-banking-user-service/src/main/java/com/javatodev/finance/model/dto/User.java
2026-01-28 12:23:01,611 - Knowledge - INFO - [MONGODB_OP] Completed: persist, Collection: file_info, Duration: 93ms
2026-01-28 12:23:01,995 - Knowledge - INFO - [REDIS_OP] Completed: store_embedding, Key: internet-banking-user-service/src/main/java/com/javatodev/finance/model/dto/User.java, Duration: 221ms
2026-01-28 12:23:02,157 - Knowledge - INFO - persist search terms embedding for internet-banking-user-service/src/main/java/com/javatodev/finance/model/dto/User.java
2026-01-28 12:23:02,392 - Knowledge - INFO - process ingested knowledge for /app/data/T0015/311196/b7970fw/internet-banking-concept-microservices-303209/internet-banking-user-service/src/main/java/com/javatodev/finance/model/dto/User.java
2026-01-28 12:23:02,556 - Knowledge - INFO - Found code-base-name: https://github.com/kavia-common/internet-banking-concept-microservices-303209.git:kavia-development
2026-01-28 12:23:02,732 - Knowledge - INFO - Code base not found for https://github.com/kavia-common/internet-banking-concept-microservices-303209.git:kavia-development. Joining with Knowledge base_path: True.
2026-01-28 12:23:02,887 - Knowledge - INFO - /app/data/T0015/311196/b7970fw/internet-banking-concept-microservices-303209
2026-01-28 12:23:03,141 - Knowledge - INFO - Found code-base-name: https://github.com/kavia-common/internet-banking-concept-microservices-303209.git:kavia-development
2026-01-28 12:23:03,325 - Knowledge - INFO - Code base not found for https://github.com/kavia-common/internet-banking-concept-microservices-303209.git:kavia-development. Joining with Knowledge base_path: False.
2026-01-28 12:23:03,477 - Knowledge - INFO - /app/data/T0015/311196/b7970fw/internet-banking-concept-microservices-303209
2026-01-28 12:23:03,656 - Knowledge - INFO - persist ingested knowledge for /app/data/T0015/311196/b7970fw/internet-banking-concept-microservices-303209/internet-banking-user-service/src/main/java/com/javatodev/finance/configuration/KeycloakManager.java
2026-01-28 12:23:03,944 - Knowledge - INFO - [MONGODB_OP] Completed: persist, Collection: file_info, Duration: 86ms
2026-01-28 12:23:04,496 - Knowledge - INFO - [REDIS_OP] Completed: store_embedding, Key: internet-banking-user-service/src/main/java/com/javatodev/finance/configuration/KeycloakManager.java, Duration: 346ms
2026-01-28 12:23:04,675 - Knowledge - INFO - persist search terms embedding for internet-banking-user-service/src/main/java/com/javatodev/finance/configuration/KeycloakManager.java
2026-01-28 12:23:04,858 - Knowledge - INFO - process ingested knowledge for /app/data/T0015/311196/b7970fw/internet-banking-concept-microservices-303209/internet-banking-user-service/src/main/java/com/javatodev/finance/configuration/KeycloakManager.java
2026-01-28 12:23:05,078 - Knowledge - INFO - Found code-base-name: https://github.com/kavia-common/internet-banking-concept-microservices-303209.git:kavia-development
2026-01-28 12:23:05,258 - Knowledge - INFO - Code base not found for https://github.com/kavia-common/internet-banking-concept-microservices-303209.git:kavia-development. Joining with Knowledge base_path: True.
2026-01-28 12:23:05,465 - Knowledge - INFO - /app/data/T0015/311196/b7970fw/internet-banking-concept-microservices-303209
2026-01-28 12:23:05,742 - Knowledge - INFO - Found code-base-name: https://github.com/kavia-common/internet-banking-concept-microservices-303209.git:kavia-development
2026-01-28 12:23:05,924 - Knowledge - INFO - Code base not found for https://github.com/kavia-common/internet-banking-concept-microservices-303209.git:kavia-development. Joining with Knowledge base_path: False.
2026-01-28 12:23:06,081 - Knowledge - INFO - /app/data/T0015/311196/b7970fw/internet-banking-concept-microservices-303209
2026-01-28 12:23:06,285 - Knowledge - INFO - persist ingested knowledge for /app/data/T0015/311196/b7970fw/internet-banking-concept-microservices-303209/internet-banking-api-gateway/src/main/resources/application.yml
2026-01-28 12:23:06,549 - Knowledge - INFO - [MONGODB_OP] Completed: persist, Collection: file_info, Duration: 88ms
2026-01-28 12:23:06,988 - Knowledge - INFO - [REDIS_OP] Completed: store_embedding, Key: internet-banking-api-gateway/src/main/resources/application.yml, Duration: 237ms
2026-01-28 12:23:07,172 - Knowledge - INFO - persist search terms embedding for internet-banking-api-gateway/src/main/resources/application.yml
2026-01-28 12:23:07,382 - Knowledge - INFO - process ingested knowledge for /app/data/T0015/311196/b7970fw/internet-banking-concept-microservices-303209/internet-banking-api-gateway/src/main/resources/application.yml
2026-01-28 12:23:07,602 - Knowledge - INFO - Found code-base-name: https://github.com/kavia-common/internet-banking-concept-microservices-303209.git:kavia-development
2026-01-28 12:23:07,779 - Knowledge - INFO - Code base not found for https://github.com/kavia-common/internet-banking-concept-microservices-303209.git:kavia-development. Joining with Knowledge base_path: True.
2026-01-28 12:23:07,976 - Knowledge - INFO - /app/data/T0015/311196/b7970fw/internet-banking-concept-microservices-303209
2026-01-28 12:23:09,721 - Knowledge - INFO - Found code-base-name: https://github.com/kavia-common/internet-banking-concept-microservices-303209.git:kavia-development
2026-01-28 12:23:09,883 - Knowledge - INFO - Code base not found for https://github.com/kavia-common/internet-banking-concept-microservices-303209.git:kavia-development. Joining with Knowledge base_path: False.
2026-01-28 12:23:11,519 - Knowledge - INFO - /app/data/T0015/311196/b7970fw/internet-banking-concept-microservices-303209
2026-01-28 12:23:11,705 - Knowledge - INFO - persist ingested knowledge for /app/data/T0015/311196/b7970fw/internet-banking-concept-microservices-303209/internet-banking-fund-transfer-service/src/main/java/com/javatodev/finance/model/dto/response/FundTransferResponse.java
2026-01-28 12:23:11,976 - Knowledge - INFO - [MONGODB_OP] Completed: persist, Collection: file_info, Duration: 93ms
2026-01-28 12:23:12,390 - Knowledge - INFO - [REDIS_OP] Completed: store_embedding, Key: internet-banking-fund-transfer-service/src/main/java/com/javatodev/finance/model/dto/response/FundTransferResponse.java, Duration: 238ms
2026-01-28 12:23:14,097 - Knowledge - INFO - persist search terms embedding for internet-banking-fund-transfer-service/src/main/java/com/javatodev/finance/model/dto/response/FundTransferResponse.java
2026-01-28 12:23:14,276 - Knowledge - INFO - process ingested knowledge for /app/data/T0015/311196/b7970fw/internet-banking-concept-microservices-303209/internet-banking-fund-transfer-service/src/main/java/com/javatodev/finance/model/dto/response/FundTransferResponse.java
2026-01-28 12:23:14,487 - Knowledge - INFO - Found code-base-name: https://github.com/kavia-common/internet-banking-concept-microservices-303209.git:kavia-development
2026-01-28 12:23:14,648 - Knowledge - INFO - Code base not found for https://github.com/kavia-common/internet-banking-concept-microservices-303209.git:kavia-development. Joining with Knowledge base_path: True.
2026-01-28 12:23:14,807 - Knowledge - INFO - /app/data/T0015/311196/b7970fw/internet-banking-concept-microservices-303209
2026-01-28 12:23:15,080 - Knowledge - INFO - Found code-base-name: https://github.com/kavia-common/internet-banking-concept-microservices-303209.git:kavia-development
2026-01-28 12:23:15,274 - Knowledge - INFO - Code base not found for https://github.com/kavia-common/internet-banking-concept-microservices-303209.git:kavia-development. Joining with Knowledge base_path: False.
2026-01-28 12:23:15,447 - Knowledge - INFO - /app/data/T0015/311196/b7970fw/internet-banking-concept-microservices-303209
2026-01-28 12:23:15,599 - Knowledge - INFO - persist ingested knowledge for /app/data/T0015/311196/b7970fw/internet-banking-concept-microservices-303209/internet-banking-user-service/src/test/java/com/javatodev/finance/InternetBankingUserServiceApplicationTests.java
2026-01-28 12:23:15,936 - Knowledge - INFO - [MONGODB_OP] Completed: persist, Collection: file_info, Duration: 104ms
2026-01-28 12:23:16,310 - Knowledge - INFO - [REDIS_OP] Completed: store_embedding, Key: internet-banking-user-service/src/test/java/com/javatodev/finance/InternetBankingUserServiceApplicationTests.java, Duration: 209ms
2026-01-28 12:23:16,521 - Knowledge - INFO - persist search terms embedding for internet-banking-user-service/src/test/java/com/javatodev/finance/InternetBankingUserServiceApplicationTests.java
2026-01-28 12:23:16,713 - Knowledge - INFO - process ingested knowledge for /app/data/T0015/311196/b7970fw/internet-banking-concept-microservices-303209/internet-banking-user-service/src/test/java/com/javatodev/finance/InternetBankingUserServiceApplicationTests.java
2026-01-28 12:23:16,895 - Knowledge - INFO - Found code-base-name: https://github.com/kavia-common/internet-banking-concept-microservices-303209.git:kavia-development
2026-01-28 12:23:17,059 - Knowledge - INFO - Code base not found for https://github.com/kavia-common/internet-banking-concept-microservices-303209.git:kavia-development. Joining with Knowledge base_path: True.
2026-01-28 12:23:17,226 - Knowledge - INFO - /app/data/T0015/311196/b7970fw/internet-banking-concept-microservices-303209
2026-01-28 12:23:17,486 - Knowledge - INFO - Found code-base-name: https://github.com/kavia-common/internet-banking-concept-microservices-303209.git:kavia-development
2026-01-28 12:23:17,678 - Knowledge - INFO - Code base not found for https://github.com/kavia-common/internet-banking-concept-microservices-303209.git:kavia-development. Joining with Knowledge base_path: False.
2026-01-28 12:23:17,840 - Knowledge - INFO - /app/data/T0015/311196/b7970fw/internet-banking-concept-microservices-303209
2026-01-28 12:23:18,039 - Knowledge - INFO - persist ingested knowledge for /app/data/T0015/311196/b7970fw/internet-banking-concept-microservices-303209/core-banking-service/src/main/java/com/javatodev/finance/model/mapper/BaseMapper.java
2026-01-28 12:23:18,310 - Knowledge - INFO - [MONGODB_OP] Completed: persist, Collection: file_info, Duration: 87ms
2026-01-28 12:23:18,749 - Knowledge - INFO - [REDIS_OP] Completed: store_embedding, Key: core-banking-service/src/main/java/com/javatodev/finance/model/mapper/BaseMapper.java, Duration: 239ms
2026-01-28 12:23:18,944 - Knowledge - INFO - persist search terms embedding for core-banking-service/src/main/java/com/javatodev/finance/model/mapper/BaseMapper.java
2026-01-28 12:23:19,135 - Knowledge - INFO - process ingested knowledge for /app/data/T0015/311196/b7970fw/internet-banking-concept-microservices-303209/core-banking-service/src/main/java/com/javatodev/finance/model/mapper/BaseMapper.java
2026-01-28 12:23:19,363 - Knowledge - INFO - Found code-base-name: https://github.com/kavia-common/internet-banking-concept-microservices-303209.git:kavia-development
2026-01-28 12:23:19,577 - Knowledge - INFO - Code base not found for https://github.com/kavia-common/internet-banking-concept-microservices-303209.git:kavia-development. Joining with Knowledge base_path: True.
2026-01-28 12:23:19,766 - Knowledge - INFO - /app/data/T0015/311196/b7970fw/internet-banking-concept-microservices-303209
2026-01-28 12:23:20,048 - Knowledge - INFO - Found code-base-name: https://github.com/kavia-common/internet-banking-concept-microservices-303209.git:kavia-development
2026-01-28 12:23:20,218 - Knowledge - INFO - Code base not found for https://github.com/kavia-common/internet-banking-concept-microservices-303209.git:kavia-development. Joining with Knowledge base_path: False.
2026-01-28 12:23:20,392 - Knowledge - INFO - /app/data/T0015/311196/b7970fw/internet-banking-concept-microservices-303209
2026-01-28 12:23:20,568 - Knowledge - INFO - persist ingested knowledge for /app/data/T0015/311196/b7970fw/internet-banking-concept-microservices-303209/internet-banking-user-service/src/main/java/com/javatodev/finance/model/entity/UserEntity.java
2026-01-28 12:23:20,853 - Knowledge - INFO - [MONGODB_OP] Completed: persist, Collection: file_info, Duration: 112ms
2026-01-28 12:23:21,325 - Knowledge - INFO - [REDIS_OP] Completed: store_embedding, Key: internet-banking-user-service/src/main/java/com/javatodev/finance/model/entity/UserEntity.java, Duration: 270ms
2026-01-28 12:23:21,549 - Knowledge - INFO - persist search terms embedding for internet-banking-user-service/src/main/java/com/javatodev/finance/model/entity/UserEntity.java
2026-01-28 12:23:21,733 - Knowledge - INFO - process ingested knowledge for /app/data/T0015/311196/b7970fw/internet-banking-concept-microservices-303209/internet-banking-user-service/src/main/java/com/javatodev/finance/model/entity/UserEntity.java
2026-01-28 12:23:21,901 - Knowledge - INFO - Found code-base-name: https://github.com/kavia-common/internet-banking-concept-microservices-303209.git:kavia-development
2026-01-28 12:23:22,062 - Knowledge - INFO - Code base not found for https://github.com/kavia-common/internet-banking-concept-microservices-303209.git:kavia-development. Joining with Knowledge base_path: True.
2026-01-28 12:23:22,224 - Knowledge - INFO - /app/data/T0015/311196/b7970fw/internet-banking-concept-microservices-303209
2026-01-28 12:23:22,533 - Knowledge - INFO - Found code-base-name: https://github.com/kavia-common/internet-banking-concept-microservices-303209.git:kavia-development
2026-01-28 12:23:22,711 - Knowledge - INFO - Code base not found for https://github.com/kavia-common/internet-banking-concept-microservices-303209.git:kavia-development. Joining with Knowledge base_path: False.
2026-01-28 12:23:22,873 - Knowledge - INFO - /app/data/T0015/311196/b7970fw/internet-banking-concept-microservices-303209
2026-01-28 12:23:23,039 - Knowledge - INFO - persist ingested knowledge for /app/data/T0015/311196/b7970fw/internet-banking-concept-microservices-303209/internet-banking-service-registry/settings.gradle
2026-01-28 12:23:23,291 - Knowledge - INFO - [MONGODB_OP] Completed: persist, Collection: file_info, Duration: 98ms
2026-01-28 12:23:23,764 - Knowledge - INFO - [REDIS_OP] Completed: store_embedding, Key: internet-banking-service-registry/settings.gradle, Duration: 249ms
2026-01-28 12:23:23,931 - Knowledge - INFO - persist search terms embedding for internet-banking-service-registry/settings.gradle
2026-01-28 12:23:24,110 - Knowledge - INFO - process ingested knowledge for /app/data/T0015/311196/b7970fw/internet-banking-concept-microservices-303209/internet-banking-service-registry/settings.gradle
2026-01-28 12:23:24,319 - Knowledge - INFO - Found code-base-name: https://github.com/kavia-common/internet-banking-concept-microservices-303209.git:kavia-development
2026-01-28 12:23:24,509 - Knowledge - INFO - Code base not found for https://github.com/kavia-common/internet-banking-concept-microservices-303209.git:kavia-development. Joining with Knowledge base_path: True.
2026-01-28 12:23:24,708 - Knowledge - INFO - /app/data/T0015/311196/b7970fw/internet-banking-concept-microservices-303209
2026-01-28 12:23:24,939 - Knowledge - INFO - Found code-base-name: https://github.com/kavia-common/internet-banking-concept-microservices-303209.git:kavia-development
2026-01-28 12:23:25,113 - Knowledge - INFO - Code base not found for https://github.com/kavia-common/internet-banking-concept-microservices-303209.git:kavia-development. Joining with Knowledge base_path: False.
2026-01-28 12:23:25,318 - Knowledge - INFO - /app/data/T0015/311196/b7970fw/internet-banking-concept-microservices-303209
2026-01-28 12:23:25,510 - Knowledge - INFO - persist ingested knowledge for /app/data/T0015/311196/b7970fw/internet-banking-concept-microservices-303209/core-banking-service/src/main/java/com/javatodev/finance/controller/AccountController.java
2026-01-28 12:23:25,782 - Knowledge - INFO - [MONGODB_OP] Completed: persist, Collection: file_info, Duration: 106ms
2026-01-28 12:23:26,204 - Knowledge - INFO - [REDIS_OP] Completed: store_embedding, Key: core-banking-service/src/main/java/com/javatodev/finance/controller/AccountController.java, Duration: 227ms
2026-01-28 12:23:26,404 - Knowledge - INFO - persist search terms embedding for core-banking-service/src/main/java/com/javatodev/finance/controller/AccountController.java
2026-01-28 12:23:26,566 - Knowledge - INFO - process ingested knowledge for /app/data/T0015/311196/b7970fw/internet-banking-concept-microservices-303209/core-banking-service/src/main/java/com/javatodev/finance/controller/AccountController.java
2026-01-28 12:23:26,721 - Knowledge - INFO - Found code-base-name: https://github.com/kavia-common/internet-banking-concept-microservices-303209.git:kavia-development
2026-01-28 12:23:26,903 - Knowledge - INFO - Code base not found for https://github.com/kavia-common/internet-banking-concept-microservices-303209.git:kavia-development. Joining with Knowledge base_path: True.
2026-01-28 12:23:27,079 - Knowledge - INFO - /app/data/T0015/311196/b7970fw/internet-banking-concept-microservices-303209
2026-01-28 12:23:27,328 - Knowledge - INFO - Found code-base-name: https://github.com/kavia-common/internet-banking-concept-microservices-303209.git:kavia-development
2026-01-28 12:23:27,500 - Knowledge - INFO - Code base not found for https://github.com/kavia-common/internet-banking-concept-microservices-303209.git:kavia-development. Joining with Knowledge base_path: False.
2026-01-28 12:23:27,706 - Knowledge - INFO - /app/data/T0015/311196/b7970fw/internet-banking-concept-microservices-303209
2026-01-28 12:23:27,885 - Knowledge - INFO - persist ingested knowledge for /app/data/T0015/311196/b7970fw/internet-banking-concept-microservices-303209/core-banking-service/src/main/java/com/javatodev/finance/exception/GlobalErrorCode.java
2026-01-28 12:23:28,143 - Knowledge - INFO - [MONGODB_OP] Completed: persist, Collection: file_info, Duration: 100ms
2026-01-28 12:23:28,533 - Knowledge - INFO - [REDIS_OP] Completed: store_embedding, Key: core-banking-service/src/main/java/com/javatodev/finance/exception/GlobalErrorCode.java, Duration: 219ms
2026-01-28 12:23:28,700 - Knowledge - INFO - persist search terms embedding for core-banking-service/src/main/java/com/javatodev/finance/exception/GlobalErrorCode.java
2026-01-28 12:23:28,890 - Knowledge - INFO - process ingested knowledge for /app/data/T0015/311196/b7970fw/internet-banking-concept-microservices-303209/core-banking-service/src/main/java/com/javatodev/finance/exception/GlobalErrorCode.java
2026-01-28 12:23:29,097 - Knowledge - INFO - Found code-base-name: https://github.com/kavia-common/internet-banking-concept-microservices-303209.git:kavia-development
2026-01-28 12:23:29,271 - Knowledge - INFO - Code base not found for https://github.com/kavia-common/internet-banking-concept-microservices-303209.git:kavia-development. Joining with Knowledge base_path: True.
2026-01-28 12:23:29,480 - Knowledge - INFO - /app/data/T0015/311196/b7970fw/internet-banking-concept-microservices-303209
2026-01-28 12:23:29,704 - Knowledge - INFO - Found code-base-name: https://github.com/kavia-common/internet-banking-concept-microservices-303209.git:kavia-development
2026-01-28 12:23:29,877 - Knowledge - INFO - Code base not found for https://github.com/kavia-common/internet-banking-concept-microservices-303209.git:kavia-development. Joining with Knowledge base_path: False.
2026-01-28 12:23:30,030 - Knowledge - INFO - /app/data/T0015/311196/b7970fw/internet-banking-concept-microservices-303209
2026-01-28 12:23:30,192 - Knowledge - INFO - persist ingested knowledge for /app/data/T0015/311196/b7970fw/internet-banking-concept-microservices-303209/internet-banking-fund-transfer-service/src/test/java/com/javatodev/finance/InternetBankingFundTransferServiceApplicationTests.java
2026-01-28 12:23:30,475 - Knowledge - INFO - [MONGODB_OP] Completed: persist, Collection: file_info, Duration: 86ms
2026-01-28 12:23:30,878 - Knowledge - INFO - [REDIS_OP] Completed: store_embedding, Key: internet-banking-fund-transfer-service/src/test/java/com/javatodev/finance/InternetBankingFundTransferServiceApplicationTests.java, Duration: 221ms
2026-01-28 12:23:31,049 - Knowledge - INFO - persist search terms embedding for internet-banking-fund-transfer-service/src/test/java/com/javatodev/finance/InternetBankingFundTransferServiceApplicationTests.java
2026-01-28 12:23:31,259 - Knowledge - INFO - process ingested knowledge for /app/data/T0015/311196/b7970fw/internet-banking-concept-microservices-303209/internet-banking-fund-transfer-service/src/test/java/com/javatodev/finance/InternetBankingFundTransferServiceApplicationTests.java
2026-01-28 12:23:31,450 - Knowledge - INFO - Found code-base-name: https://github.com/kavia-common/internet-banking-concept-microservices-303209.git:kavia-development
2026-01-28 12:23:31,605 - Knowledge - INFO - Code base not found for https://github.com/kavia-common/internet-banking-concept-microservices-303209.git:kavia-development. Joining with Knowledge base_path: True.
2026-01-28 12:23:31,766 - Knowledge - INFO - /app/data/T0015/311196/b7970fw/internet-banking-concept-microservices-303209
2026-01-28 12:23:32,111 - Knowledge - INFO - Found code-base-name: https://github.com/kavia-common/internet-banking-concept-microservices-303209.git:kavia-development
2026-01-28 12:23:32,313 - Knowledge - INFO - Code base not found for https://github.com/kavia-common/internet-banking-concept-microservices-303209.git:kavia-development. Joining with Knowledge base_path: False.
2026-01-28 12:23:32,474 - Knowledge - INFO - /app/data/T0015/311196/b7970fw/internet-banking-concept-microservices-303209
2026-01-28 12:23:32,675 - Knowledge - INFO - persist ingested knowledge for /app/data/T0015/311196/b7970fw/internet-banking-concept-microservices-303209/core-banking-service/src/test/resources/application.yml
2026-01-28 12:23:32,910 - Knowledge - INFO - [MONGODB_OP] Completed: persist, Collection: file_info, Duration: 87ms
2026-01-28 12:23:33,354 - Knowledge - INFO - [REDIS_OP] Completed: store_embedding, Key: core-banking-service/src/test/resources/application.yml, Duration: 221ms
2026-01-28 12:23:33,546 - Knowledge - INFO - persist search terms embedding for core-banking-service/src/test/resources/application.yml
2026-01-28 12:23:33,738 - Knowledge - INFO - process ingested knowledge for /app/data/T0015/311196/b7970fw/internet-banking-concept-microservices-303209/core-banking-service/src/test/resources/application.yml
2026-01-28 12:23:33,924 - Knowledge - INFO - Found code-base-name: https://github.com/kavia-common/internet-banking-concept-microservices-303209.git:kavia-development
2026-01-28 12:23:34,109 - Knowledge - INFO - Code base not found for https://github.com/kavia-common/internet-banking-concept-microservices-303209.git:kavia-development. Joining with Knowledge base_path: True.
2026-01-28 12:23:34,269 - Knowledge - INFO - /app/data/T0015/311196/b7970fw/internet-banking-concept-microservices-303209
2026-01-28 12:23:34,492 - Knowledge - INFO - Found code-base-name: https://github.com/kavia-common/internet-banking-concept-microservices-303209.git:kavia-development
2026-01-28 12:23:34,659 - Knowledge - INFO - Code base not found for https://github.com/kavia-common/internet-banking-concept-microservices-303209.git:kavia-development. Joining with Knowledge base_path: False.
2026-01-28 12:23:34,832 - Knowledge - INFO - /app/data/T0015/311196/b7970fw/internet-banking-concept-microservices-303209
2026-01-28 12:23:35,033 - Knowledge - INFO - persist ingested knowledge for /app/data/T0015/311196/b7970fw/internet-banking-concept-microservices-303209/internet-banking-utility-payment-service/src/test/java/com/javatodev/finance/InternetBankingUtilityPaymentServiceApplicationTests.java
2026-01-28 12:23:35,324 - Knowledge - INFO - [MONGODB_OP] Completed: persist, Collection: file_info, Duration: 100ms
2026-01-28 12:23:35,717 - Knowledge - INFO - [REDIS_OP] Completed: store_embedding, Key: internet-banking-utility-payment-service/src/test/java/com/javatodev/finance/InternetBankingUtilityPaymentServiceApplicationTests.java, Duration: 212ms
2026-01-28 12:23:35,925 - Knowledge - INFO - persist search terms embedding for internet-banking-utility-payment-service/src/test/java/com/javatodev/finance/InternetBankingUtilityPaymentServiceApplicationTests.java
2026-01-28 12:23:36,101 - Knowledge - INFO - process ingested knowledge for /app/data/T0015/311196/b7970fw/internet-banking-concept-microservices-303209/internet-banking-utility-payment-service/src/test/java/com/javatodev/finance/InternetBankingUtilityPaymentServiceApplicationTests.java
2026-01-28 12:23:36,319 - Knowledge - INFO - Found code-base-name: https://github.com/kavia-common/internet-banking-concept-microservices-303209.git:kavia-development
2026-01-28 12:23:36,496 - Knowledge - INFO - Code base not found for https://github.com/kavia-common/internet-banking-concept-microservices-303209.git:kavia-development. Joining with Knowledge base_path: True.
2026-01-28 12:23:36,650 - Knowledge - INFO - /app/data/T0015/311196/b7970fw/internet-banking-concept-microservices-303209
2026-01-28 12:23:36,890 - Knowledge - INFO - Found code-base-name: https://github.com/kavia-common/internet-banking-concept-microservices-303209.git:kavia-development
2026-01-28 12:23:37,066 - Knowledge - INFO - Code base not found for https://github.com/kavia-common/internet-banking-concept-microservices-303209.git:kavia-development. Joining with Knowledge base_path: False.
2026-01-28 12:23:37,227 - Knowledge - INFO - /app/data/T0015/311196/b7970fw/internet-banking-concept-microservices-303209
2026-01-28 12:23:37,420 - Knowledge - INFO - persist ingested knowledge for /app/data/T0015/311196/b7970fw/internet-banking-concept-microservices-303209/core-banking-service/src/main/java/com/javatodev/finance/exception/InsufficientFundsException.java
2026-01-28 12:23:37,714 - Knowledge - INFO - [MONGODB_OP] Completed: persist, Collection: file_info, Duration: 95ms
2026-01-28 12:23:38,193 - Knowledge - INFO - [REDIS_OP] Completed: store_embedding, Key: core-banking-service/src/main/java/com/javatodev/finance/exception/InsufficientFundsException.java, Duration: 268ms
2026-01-28 12:23:38,359 - Knowledge - INFO - persist search terms embedding for core-banking-service/src/main/java/com/javatodev/finance/exception/InsufficientFundsException.java
2026-01-28 12:23:38,552 - Knowledge - INFO - process ingested knowledge for /app/data/T0015/311196/b7970fw/internet-banking-concept-microservices-303209/core-banking-service/src/main/java/com/javatodev/finance/exception/InsufficientFundsException.java
2026-01-28 12:23:38,718 - Knowledge - INFO - Found code-base-name: https://github.com/kavia-common/internet-banking-concept-microservices-303209.git:kavia-development
2026-01-28 12:23:38,909 - Knowledge - INFO - Code base not found for https://github.com/kavia-common/internet-banking-concept-microservices-303209.git:kavia-development. Joining with Knowledge base_path: True.
2026-01-28 12:23:39,128 - Knowledge - INFO - /app/data/T0015/311196/b7970fw/internet-banking-concept-microservices-303209
2026-01-28 12:23:39,336 - Knowledge - INFO - Found code-base-name: https://github.com/kavia-common/internet-banking-concept-microservices-303209.git:kavia-development
2026-01-28 12:23:39,505 - Knowledge - INFO - Code base not found for https://github.com/kavia-common/internet-banking-concept-microservices-303209.git:kavia-development. Joining with Knowledge base_path: False.
2026-01-28 12:23:39,666 - Knowledge - INFO - /app/data/T0015/311196/b7970fw/internet-banking-concept-microservices-303209
2026-01-28 12:23:39,846 - Knowledge - INFO - persist ingested knowledge for /app/data/T0015/311196/b7970fw/internet-banking-concept-microservices-303209/internet-banking-utility-payment-service/src/main/java/com/javatodev/finance/model/dto/UtilityPayment.java
2026-01-28 12:23:40,139 - Knowledge - INFO - [MONGODB_OP] Completed: persist, Collection: file_info, Duration: 119ms
2026-01-28 12:23:40,543 - Knowledge - INFO - [REDIS_OP] Completed: store_embedding, Key: internet-banking-utility-payment-service/src/main/java/com/javatodev/finance/model/dto/UtilityPayment.java, Duration: 231ms
2026-01-28 12:23:40,729 - Knowledge - INFO - persist search terms embedding for internet-banking-utility-payment-service/src/main/java/com/javatodev/finance/model/dto/UtilityPayment.java
2026-01-28 12:23:40,920 - Knowledge - INFO - process ingested knowledge for /app/data/T0015/311196/b7970fw/internet-banking-concept-microservices-303209/internet-banking-utility-payment-service/src/main/java/com/javatodev/finance/model/dto/UtilityPayment.java
2026-01-28 12:23:41,087 - Knowledge - INFO - Found code-base-name: https://github.com/kavia-common/internet-banking-concept-microservices-303209.git:kavia-development
2026-01-28 12:23:41,252 - Knowledge - INFO - Code base not found for https://github.com/kavia-common/internet-banking-concept-microservices-303209.git:kavia-development. Joining with Knowledge base_path: True.
2026-01-28 12:23:41,414 - Knowledge - INFO - /app/data/T0015/311196/b7970fw/internet-banking-concept-microservices-303209
2026-01-28 12:23:41,644 - Knowledge - INFO - Found code-base-name: https://github.com/kavia-common/internet-banking-concept-microservices-303209.git:kavia-development
2026-01-28 12:23:41,809 - Knowledge - INFO - Code base not found for https://github.com/kavia-common/internet-banking-concept-microservices-303209.git:kavia-development. Joining with Knowledge base_path: False.
2026-01-28 12:23:42,035 - Knowledge - INFO - /app/data/T0015/311196/b7970fw/internet-banking-concept-microservices-303209
2026-01-28 12:23:42,253 - Knowledge - INFO - persist ingested knowledge for /app/data/T0015/311196/b7970fw/internet-banking-concept-microservices-303209/internet-banking-fund-transfer-service/src/main/java/com/javatodev/finance/model/dto/FundTransfer.java
2026-01-28 12:23:42,518 - Knowledge - INFO - [MONGODB_OP] Completed: persist, Collection: file_info, Duration: 92ms
2026-01-28 12:23:43,004 - Knowledge - INFO - [REDIS_OP] Completed: store_embedding, Key: internet-banking-fund-transfer-service/src/main/java/com/javatodev/finance/model/dto/FundTransfer.java, Duration: 319ms
2026-01-28 12:23:43,219 - Knowledge - INFO - persist search terms embedding for internet-banking-fund-transfer-service/src/main/java/com/javatodev/finance/model/dto/FundTransfer.java
2026-01-28 12:23:43,412 - Knowledge - INFO - process ingested knowledge for /app/data/T0015/311196/b7970fw/internet-banking-concept-microservices-303209/internet-banking-fund-transfer-service/src/main/java/com/javatodev/finance/model/dto/FundTransfer.java
2026-01-28 12:23:43,584 - Knowledge - INFO - Found code-base-name: https://github.com/kavia-common/internet-banking-concept-microservices-303209.git:kavia-development
2026-01-28 12:23:43,747 - Knowledge - INFO - Code base not found for https://github.com/kavia-common/internet-banking-concept-microservices-303209.git:kavia-development. Joining with Knowledge base_path: True.
2026-01-28 12:23:43,918 - Knowledge - INFO - /app/data/T0015/311196/b7970fw/internet-banking-concept-microservices-303209
2026-01-28 12:23:44,148 - Knowledge - INFO - Found code-base-name: https://github.com/kavia-common/internet-banking-concept-microservices-303209.git:kavia-development
2026-01-28 12:23:44,340 - Knowledge - INFO - Code base not found for https://github.com/kavia-common/internet-banking-concept-microservices-303209.git:kavia-development. Joining with Knowledge base_path: False.
2026-01-28 12:23:44,517 - Knowledge - INFO - /app/data/T0015/311196/b7970fw/internet-banking-concept-microservices-303209
2026-01-28 12:23:44,719 - Knowledge - INFO - persist ingested knowledge for /app/data/T0015/311196/b7970fw/internet-banking-concept-microservices-303209/internet-banking-user-service/src/main/java/com/javatodev/finance/model/mapper/UserMapper.java
2026-01-28 12:23:45,021 - Knowledge - INFO - [MONGODB_OP] Completed: persist, Collection: file_info, Duration: 101ms
2026-01-28 12:23:45,436 - Knowledge - INFO - [REDIS_OP] Completed: store_embedding, Key: internet-banking-user-service/src/main/java/com/javatodev/finance/model/mapper/UserMapper.java, Duration: 228ms
2026-01-28 12:23:45,637 - Knowledge - INFO - persist search terms embedding for internet-banking-user-service/src/main/java/com/javatodev/finance/model/mapper/UserMapper.java
2026-01-28 12:23:45,810 - Knowledge - INFO - process ingested knowledge for /app/data/T0015/311196/b7970fw/internet-banking-concept-microservices-303209/internet-banking-user-service/src/main/java/com/javatodev/finance/model/mapper/UserMapper.java
2026-01-28 12:23:45,993 - Knowledge - INFO - Found code-base-name: https://github.com/kavia-common/internet-banking-concept-microservices-303209.git:kavia-development
2026-01-28 12:23:46,167 - Knowledge - INFO - Code base not found for https://github.com/kavia-common/internet-banking-concept-microservices-303209.git:kavia-development. Joining with Knowledge base_path: True.
2026-01-28 12:23:46,375 - Knowledge - INFO - /app/data/T0015/311196/b7970fw/internet-banking-concept-microservices-303209
2026-01-28 12:23:46,599 - Knowledge - INFO - Found code-base-name: https://github.com/kavia-common/internet-banking-concept-microservices-303209.git:kavia-development
2026-01-28 12:23:46,763 - Knowledge - INFO - Code base not found for https://github.com/kavia-common/internet-banking-concept-microservices-303209.git:kavia-development. Joining with Knowledge base_path: False.
2026-01-28 12:23:46,924 - Knowledge - INFO - /app/data/T0015/311196/b7970fw/internet-banking-concept-microservices-303209
2026-01-28 12:23:47,089 - Knowledge - INFO - persist ingested knowledge for /app/data/T0015/311196/b7970fw/internet-banking-concept-microservices-303209/internet-banking-fund-transfer-service/src/main/java/com/javatodev/finance/model/dto/response/AccountResponse.java
2026-01-28 12:23:47,333 - Knowledge - INFO - [MONGODB_OP] Completed: persist, Collection: file_info, Duration: 85ms
2026-01-28 12:23:47,851 - Knowledge - INFO - [REDIS_OP] Completed: store_embedding, Key: internet-banking-fund-transfer-service/src/main/java/com/javatodev/finance/model/dto/response/AccountResponse.java, Duration: 291ms
2026-01-28 12:23:48,019 - Knowledge - INFO - persist search terms embedding for internet-banking-fund-transfer-service/src/main/java/com/javatodev/finance/model/dto/response/AccountResponse.java
2026-01-28 12:23:48,234 - Knowledge - INFO - process ingested knowledge for /app/data/T0015/311196/b7970fw/internet-banking-concept-microservices-303209/internet-banking-fund-transfer-service/src/main/java/com/javatodev/finance/model/dto/response/AccountResponse.java
2026-01-28 12:23:48,397 - Knowledge - INFO - Found code-base-name: https://github.com/kavia-common/internet-banking-concept-microservices-303209.git:kavia-development
2026-01-28 12:23:48,592 - Knowledge - INFO - Code base not found for https://github.com/kavia-common/internet-banking-concept-microservices-303209.git:kavia-development. Joining with Knowledge base_path: True.
2026-01-28 12:23:48,750 - Knowledge - INFO - /app/data/T0015/311196/b7970fw/internet-banking-concept-microservices-303209
2026-01-28 12:23:48,992 - Knowledge - INFO - Found code-base-name: https://github.com/kavia-common/internet-banking-concept-microservices-303209.git:kavia-development
2026-01-28 12:23:49,220 - Knowledge - INFO - Code base not found for https://github.com/kavia-common/internet-banking-concept-microservices-303209.git:kavia-development. Joining with Knowledge base_path: False.
2026-01-28 12:23:49,385 - Knowledge - INFO - /app/data/T0015/311196/b7970fw/internet-banking-concept-microservices-303209
2026-01-28 12:23:49,562 - Knowledge - INFO - persist ingested knowledge for /app/data/T0015/311196/b7970fw/internet-banking-concept-microservices-303209/core-banking-service/src/main/java/com/javatodev/finance/exception/GlobalExceptionHandler.java
2026-01-28 12:23:49,800 - Knowledge - INFO - [MONGODB_OP] Completed: persist, Collection: file_info, Duration: 84ms
2026-01-28 12:23:50,268 - Knowledge - INFO - [REDIS_OP] Completed: store_embedding, Key: core-banking-service/src/main/java/com/javatodev/finance/exception/GlobalExceptionHandler.java, Duration: 299ms
2026-01-28 12:23:50,428 - Knowledge - INFO - persist search terms embedding for core-banking-service/src/main/java/com/javatodev/finance/exception/GlobalExceptionHandler.java
2026-01-28 12:23:50,609 - Knowledge - INFO - process ingested knowledge for /app/data/T0015/311196/b7970fw/internet-banking-concept-microservices-303209/core-banking-service/src/main/java/com/javatodev/finance/exception/GlobalExceptionHandler.java
2026-01-28 12:23:50,802 - Knowledge - INFO - Found code-base-name: https://github.com/kavia-common/internet-banking-concept-microservices-303209.git:kavia-development
2026-01-28 12:23:50,976 - Knowledge - INFO - Code base not found for https://github.com/kavia-common/internet-banking-concept-microservices-303209.git:kavia-development. Joining with Knowledge base_path: True.
2026-01-28 12:23:51,151 - Knowledge - INFO - /app/data/T0015/311196/b7970fw/internet-banking-concept-microservices-303209
2026-01-28 12:23:51,402 - Knowledge - INFO - Found code-base-name: https://github.com/kavia-common/internet-banking-concept-microservices-303209.git:kavia-development
2026-01-28 12:23:51,574 - Knowledge - INFO - Code base not found for https://github.com/kavia-common/internet-banking-concept-microservices-303209.git:kavia-development. Joining with Knowledge base_path: False.
2026-01-28 12:23:51,788 - Knowledge - INFO - /app/data/T0015/311196/b7970fw/internet-banking-concept-microservices-303209
2026-01-28 12:23:51,945 - Knowledge - INFO - persist ingested knowledge for /app/data/T0015/311196/b7970fw/internet-banking-concept-microservices-303209/internet-banking-user-service/src/main/java/com/javatodev/finance/service/UserService.java
2026-01-28 12:23:52,205 - Knowledge - INFO - [MONGODB_OP] Completed: persist, Collection: file_info, Duration: 104ms
2026-01-28 12:23:52,589 - Knowledge - INFO - [REDIS_OP] Completed: store_embedding, Key: internet-banking-user-service/src/main/java/com/javatodev/finance/service/UserService.java, Duration: 210ms
2026-01-28 12:23:52,759 - Knowledge - INFO - persist search terms embedding for internet-banking-user-service/src/main/java/com/javatodev/finance/service/UserService.java
2026-01-28 12:23:52,916 - Knowledge - INFO - process ingested knowledge for /app/data/T0015/311196/b7970fw/internet-banking-concept-microservices-303209/internet-banking-user-service/src/main/java/com/javatodev/finance/service/UserService.java
2026-01-28 12:23:53,082 - Knowledge - INFO - Found code-base-name: https://github.com/kavia-common/internet-banking-concept-microservices-303209.git:kavia-development
2026-01-28 12:23:53,256 - Knowledge - INFO - Code base not found for https://github.com/kavia-common/internet-banking-concept-microservices-303209.git:kavia-development. Joining with Knowledge base_path: True.
2026-01-28 12:23:53,424 - Knowledge - INFO - /app/data/T0015/311196/b7970fw/internet-banking-concept-microservices-303209
2026-01-28 12:23:53,663 - Knowledge - INFO - Found code-base-name: https://github.com/kavia-common/internet-banking-concept-microservices-303209.git:kavia-development
2026-01-28 12:23:53,810 - Knowledge - INFO - Code base not found for https://github.com/kavia-common/internet-banking-concept-microservices-303209.git:kavia-development. Joining with Knowledge base_path: False.
2026-01-28 12:23:53,985 - Knowledge - INFO - /app/data/T0015/311196/b7970fw/internet-banking-concept-microservices-303209
2026-01-28 12:23:54,159 - Knowledge - INFO - persist ingested knowledge for /app/data/T0015/311196/b7970fw/internet-banking-concept-microservices-303209/internet-banking-utility-payment-service/src/main/java/com/javatodev/finance/model/rest/request/UtilityPaymentRequest.java
2026-01-28 12:23:54,418 - Knowledge - INFO - [MONGODB_OP] Completed: persist, Collection: file_info, Duration: 84ms
2026-01-28 12:23:54,855 - Knowledge - INFO - [REDIS_OP] Completed: store_embedding, Key: internet-banking-utility-payment-service/src/main/java/com/javatodev/finance/model/rest/request/UtilityPaymentRequest.java, Duration: 277ms
2026-01-28 12:23:55,053 - Knowledge - INFO - persist search terms embedding for internet-banking-utility-payment-service/src/main/java/com/javatodev/finance/model/rest/request/UtilityPaymentRequest.java
2026-01-28 12:23:55,235 - Knowledge - INFO - process ingested knowledge for /app/data/T0015/311196/b7970fw/internet-banking-concept-microservices-303209/internet-banking-utility-payment-service/src/main/java/com/javatodev/finance/model/rest/request/UtilityPaymentRequest.java
2026-01-28 12:23:55,438 - Knowledge - INFO - Found code-base-name: https://github.com/kavia-common/internet-banking-concept-microservices-303209.git:kavia-development
2026-01-28 12:23:55,604 - Knowledge - INFO - Code base not found for https://github.com/kavia-common/internet-banking-concept-microservices-303209.git:kavia-development. Joining with Knowledge base_path: True.
2026-01-28 12:23:55,772 - Knowledge - INFO - /app/data/T0015/311196/b7970fw/internet-banking-concept-microservices-303209
2026-01-28 12:23:56,046 - Knowledge - INFO - Found code-base-name: https://github.com/kavia-common/internet-banking-concept-microservices-303209.git:kavia-development
2026-01-28 12:23:56,216 - Knowledge - INFO - Code base not found for https://github.com/kavia-common/internet-banking-concept-microservices-303209.git:kavia-development. Joining with Knowledge base_path: False.
2026-01-28 12:23:56,390 - Knowledge - INFO - /app/data/T0015/311196/b7970fw/internet-banking-concept-microservices-303209
2026-01-28 12:23:56,564 - Knowledge - INFO - persist ingested knowledge for /app/data/T0015/311196/b7970fw/internet-banking-concept-microservices-303209/core-banking-service/src/main/java/com/javatodev/finance/model/dto/Transaction.java
2026-01-28 12:23:56,852 - Knowledge - INFO - [MONGODB_OP] Completed: persist, Collection: file_info, Duration: 82ms
2026-01-28 12:23:57,249 - Knowledge - INFO - [REDIS_OP] Completed: store_embedding, Key: core-banking-service/src/main/java/com/javatodev/finance/model/dto/Transaction.java, Duration: 228ms
2026-01-28 12:23:57,450 - Knowledge - INFO - persist search terms embedding for core-banking-service/src/main/java/com/javatodev/finance/model/dto/Transaction.java
2026-01-28 12:23:57,618 - Knowledge - INFO - process ingested knowledge for /app/data/T0015/311196/b7970fw/internet-banking-concept-microservices-303209/core-banking-service/src/main/java/com/javatodev/finance/model/dto/Transaction.java
2026-01-28 12:23:57,797 - Knowledge - INFO - Found code-base-name: https://github.com/kavia-common/internet-banking-concept-microservices-303209.git:kavia-development
2026-01-28 12:23:57,985 - Knowledge - INFO - Code base not found for https://github.com/kavia-common/internet-banking-concept-microservices-303209.git:kavia-development. Joining with Knowledge base_path: True.
2026-01-28 12:23:58,203 - Knowledge - INFO - /app/data/T0015/311196/b7970fw/internet-banking-concept-microservices-303209
2026-01-28 12:23:58,431 - Knowledge - INFO - Found code-base-name: https://github.com/kavia-common/internet-banking-concept-microservices-303209.git:kavia-development
2026-01-28 12:23:58,608 - Knowledge - INFO - Code base not found for https://github.com/kavia-common/internet-banking-concept-microservices-303209.git:kavia-development. Joining with Knowledge base_path: False.
2026-01-28 12:23:58,791 - Knowledge - INFO - /app/data/T0015/311196/b7970fw/internet-banking-concept-microservices-303209
2026-01-28 12:23:58,949 - Knowledge - INFO - persist ingested knowledge for /app/data/T0015/311196/b7970fw/internet-banking-concept-microservices-303209/core-banking-service/src/main/java/com/javatodev/finance/repository/BankAccountRepository.java
2026-01-28 12:23:59,241 - Knowledge - INFO - [MONGODB_OP] Completed: persist, Collection: file_info, Duration: 100ms
2026-01-28 12:23:59,686 - Knowledge - INFO - [REDIS_OP] Completed: store_embedding, Key: core-banking-service/src/main/java/com/javatodev/finance/repository/BankAccountRepository.java, Duration: 264ms
2026-01-28 12:23:59,856 - Knowledge - INFO - persist search terms embedding for core-banking-service/src/main/java/com/javatodev/finance/repository/BankAccountRepository.java
2026-01-28 12:24:00,073 - Knowledge - INFO - process ingested knowledge for /app/data/T0015/311196/b7970fw/internet-banking-concept-microservices-303209/core-banking-service/src/main/java/com/javatodev/finance/repository/BankAccountRepository.java
2026-01-28 12:24:00,250 - Knowledge - INFO - Found code-base-name: https://github.com/kavia-common/internet-banking-concept-microservices-303209.git:kavia-development
2026-01-28 12:24:00,449 - Knowledge - INFO - Code base not found for https://github.com/kavia-common/internet-banking-concept-microservices-303209.git:kavia-development. Joining with Knowledge base_path: True.
2026-01-28 12:24:00,629 - Knowledge - INFO - /app/data/T0015/311196/b7970fw/internet-banking-concept-microservices-303209
2026-01-28 12:24:00,858 - Knowledge - INFO - Found code-base-name: https://github.com/kavia-common/internet-banking-concept-microservices-303209.git:kavia-development
2026-01-28 12:24:01,054 - Knowledge - INFO - Code base not found for https://github.com/kavia-common/internet-banking-concept-microservices-303209.git:kavia-development. Joining with Knowledge base_path: False.
2026-01-28 12:24:01,279 - Knowledge - INFO - /app/data/T0015/311196/b7970fw/internet-banking-concept-microservices-303209
2026-01-28 12:24:01,473 - Knowledge - INFO - persist ingested knowledge for /app/data/T0015/311196/b7970fw/internet-banking-concept-microservices-303209/internet-banking-utility-payment-service/src/main/java/com/javatodev/finance/model/rest/response/UtilityPaymentResponse.java
2026-01-28 12:24:01,770 - Knowledge - INFO - [MONGODB_OP] Completed: persist, Collection: file_info, Duration: 87ms
2026-01-28 12:24:02,171 - Knowledge - INFO - [REDIS_OP] Completed: store_embedding, Key: internet-banking-utility-payment-service/src/main/java/com/javatodev/finance/model/rest/response/UtilityPaymentResponse.java, Duration: 235ms
2026-01-28 12:24:02,346 - Knowledge - INFO - persist search terms embedding for internet-banking-utility-payment-service/src/main/java/com/javatodev/finance/model/rest/response/UtilityPaymentResponse.java
2026-01-28 12:24:02,503 - Knowledge - INFO - process ingested knowledge for /app/data/T0015/311196/b7970fw/internet-banking-concept-microservices-303209/internet-banking-utility-payment-service/src/main/java/com/javatodev/finance/model/rest/response/UtilityPaymentResponse.java
2026-01-28 12:24:02,670 - Knowledge - INFO - Found code-base-name: https://github.com/kavia-common/internet-banking-concept-microservices-303209.git:kavia-development
2026-01-28 12:24:02,830 - Knowledge - INFO - Code base not found for https://github.com/kavia-common/internet-banking-concept-microservices-303209.git:kavia-development. Joining with Knowledge base_path: True.
2026-01-28 12:24:02,994 - Knowledge - INFO - /app/data/T0015/311196/b7970fw/internet-banking-concept-microservices-303209
2026-01-28 12:24:03,231 - Knowledge - INFO - Found code-base-name: https://github.com/kavia-common/internet-banking-concept-microservices-303209.git:kavia-development
2026-01-28 12:24:03,405 - Knowledge - INFO - Code base not found for https://github.com/kavia-common/internet-banking-concept-microservices-303209.git:kavia-development. Joining with Knowledge base_path: False.
2026-01-28 12:24:03,556 - Knowledge - INFO - /app/data/T0015/311196/b7970fw/internet-banking-concept-microservices-303209
2026-01-28 12:24:03,709 - Knowledge - INFO - persist ingested knowledge for /app/data/T0015/311196/b7970fw/internet-banking-concept-microservices-303209/internet-banking-utility-payment-service/src/main/java/com/javatodev/finance/exception/GlobalExceptionHandler.java
2026-01-28 12:24:03,966 - Knowledge - INFO - [MONGODB_OP] Completed: persist, Collection: file_info, Duration: 86ms
2026-01-28 12:24:04,449 - Knowledge - INFO - [REDIS_OP] Completed: store_embedding, Key: internet-banking-utility-payment-service/src/main/java/com/javatodev/finance/exception/GlobalExceptionHandler.java, Duration: 267ms
2026-01-28 12:24:04,615 - Knowledge - INFO - persist search terms embedding for internet-banking-utility-payment-service/src/main/java/com/javatodev/finance/exception/GlobalExceptionHandler.java
2026-01-28 12:24:04,780 - Knowledge - INFO - process ingested knowledge for /app/data/T0015/311196/b7970fw/internet-banking-concept-microservices-303209/internet-banking-utility-payment-service/src/main/java/com/javatodev/finance/exception/GlobalExceptionHandler.java
2026-01-28 12:24:04,983 - Knowledge - INFO - Found code-base-name: https://github.com/kavia-common/internet-banking-concept-microservices-303209.git:kavia-development
2026-01-28 12:24:05,140 - Knowledge - INFO - Code base not found for https://github.com/kavia-common/internet-banking-concept-microservices-303209.git:kavia-development. Joining with Knowledge base_path: True.
2026-01-28 12:24:05,311 - Knowledge - INFO - /app/data/T0015/311196/b7970fw/internet-banking-concept-microservices-303209
2026-01-28 12:24:05,543 - Knowledge - INFO - Found code-base-name: https://github.com/kavia-common/internet-banking-concept-microservices-303209.git:kavia-development
2026-01-28 12:24:05,755 - Knowledge - INFO - Code base not found for https://github.com/kavia-common/internet-banking-concept-microservices-303209.git:kavia-development. Joining with Knowledge base_path: False.
2026-01-28 12:24:05,923 - Knowledge - INFO - /app/data/T0015/311196/b7970fw/internet-banking-concept-microservices-303209
2026-01-28 12:24:06,106 - Knowledge - INFO - persist ingested knowledge for /app/data/T0015/311196/b7970fw/internet-banking-concept-microservices-303209/core-banking-service/src/main/java/com/javatodev/finance/model/TransactionType.java
2026-01-28 12:24:06,366 - Knowledge - INFO - [MONGODB_OP] Completed: persist, Collection: file_info, Duration: 89ms
2026-01-28 12:24:06,861 - Knowledge - INFO - [REDIS_OP] Completed: store_embedding, Key: core-banking-service/src/main/java/com/javatodev/finance/model/TransactionType.java, Duration: 289ms
2026-01-28 12:24:07,035 - Knowledge - INFO - persist search terms embedding for core-banking-service/src/main/java/com/javatodev/finance/model/TransactionType.java
2026-01-28 12:24:07,212 - Knowledge - INFO - process ingested knowledge for /app/data/T0015/311196/b7970fw/internet-banking-concept-microservices-303209/core-banking-service/src/main/java/com/javatodev/finance/model/TransactionType.java
2026-01-28 12:24:07,386 - Knowledge - INFO - Found code-base-name: https://github.com/kavia-common/internet-banking-concept-microservices-303209.git:kavia-development
2026-01-28 12:24:07,566 - Knowledge - INFO - Code base not found for https://github.com/kavia-common/internet-banking-concept-microservices-303209.git:kavia-development. Joining with Knowledge base_path: True.
2026-01-28 12:24:07,781 - Knowledge - INFO - /app/data/T0015/311196/b7970fw/internet-banking-concept-microservices-303209
2026-01-28 12:24:08,011 - Knowledge - INFO - Found code-base-name: https://github.com/kavia-common/internet-banking-concept-microservices-303209.git:kavia-development
2026-01-28 12:24:08,182 - Knowledge - INFO - Code base not found for https://github.com/kavia-common/internet-banking-concept-microservices-303209.git:kavia-development. Joining with Knowledge base_path: False.
2026-01-28 12:24:08,344 - Knowledge - INFO - /app/data/T0015/311196/b7970fw/internet-banking-concept-microservices-303209
2026-01-28 12:24:08,503 - Knowledge - INFO - persist ingested knowledge for /app/data/T0015/311196/b7970fw/internet-banking-concept-microservices-303209/internet-banking-user-service/src/main/java/com/javatodev/finance/exception/GlobalExceptionHandler.java
2026-01-28 12:24:08,734 - Knowledge - INFO - [MONGODB_OP] Completed: persist, Collection: file_info, Duration: 79ms
2026-01-28 12:24:09,139 - Knowledge - INFO - [REDIS_OP] Completed: store_embedding, Key: internet-banking-user-service/src/main/java/com/javatodev/finance/exception/GlobalExceptionHandler.java, Duration: 231ms
2026-01-28 12:24:09,324 - Knowledge - INFO - persist search terms embedding for internet-banking-user-service/src/main/java/com/javatodev/finance/exception/GlobalExceptionHandler.java
2026-01-28 12:24:09,499 - Knowledge - INFO - process ingested knowledge for /app/data/T0015/311196/b7970fw/internet-banking-concept-microservices-303209/internet-banking-user-service/src/main/java/com/javatodev/finance/exception/GlobalExceptionHandler.java
2026-01-28 12:24:09,724 - Knowledge - INFO - Found code-base-name: https://github.com/kavia-common/internet-banking-concept-microservices-303209.git:kavia-development
2026-01-28 12:24:09,889 - Knowledge - INFO - Code base not found for https://github.com/kavia-common/internet-banking-concept-microservices-303209.git:kavia-development. Joining with Knowledge base_path: True.
2026-01-28 12:24:10,112 - Knowledge - INFO - /app/data/T0015/311196/b7970fw/internet-banking-concept-microservices-303209
2026-01-28 12:24:10,370 - Knowledge - INFO - Found code-base-name: https://github.com/kavia-common/internet-banking-concept-microservices-303209.git:kavia-development
2026-01-28 12:24:10,537 - Knowledge - INFO - Code base not found for https://github.com/kavia-common/internet-banking-concept-microservices-303209.git:kavia-development. Joining with Knowledge base_path: False.
2026-01-28 12:24:10,696 - Knowledge - INFO - /app/data/T0015/311196/b7970fw/internet-banking-concept-microservices-303209
2026-01-28 12:24:10,869 - Knowledge - INFO - persist ingested knowledge for /app/data/T0015/311196/b7970fw/internet-banking-concept-microservices-303209/core-banking-service/src/main/java/com/javatodev/finance/model/entity/UserEntity.java
2026-01-28 12:24:11,133 - Knowledge - INFO - [MONGODB_OP] Completed: persist, Collection: file_info, Duration: 99ms
2026-01-28 12:24:11,521 - Knowledge - INFO - [REDIS_OP] Completed: store_embedding, Key: core-banking-service/src/main/java/com/javatodev/finance/model/entity/UserEntity.java, Duration: 224ms
2026-01-28 12:24:11,681 - Knowledge - INFO - persist search terms embedding for core-banking-service/src/main/java/com/javatodev/finance/model/entity/UserEntity.java
2026-01-28 12:24:11,911 - Knowledge - INFO - process ingested knowledge for /app/data/T0015/311196/b7970fw/internet-banking-concept-microservices-303209/core-banking-service/src/main/java/com/javatodev/finance/model/entity/UserEntity.java
2026-01-28 12:24:12,079 - Knowledge - INFO - Found code-base-name: https://github.com/kavia-common/internet-banking-concept-microservices-303209.git:kavia-development
2026-01-28 12:24:12,285 - Knowledge - INFO - Code base not found for https://github.com/kavia-common/internet-banking-concept-microservices-303209.git:kavia-development. Joining with Knowledge base_path: True.
2026-01-28 12:24:12,452 - Knowledge - INFO - /app/data/T0015/311196/b7970fw/internet-banking-concept-microservices-303209
2026-01-28 12:24:12,718 - Knowledge - INFO - Found code-base-name: https://github.com/kavia-common/internet-banking-concept-microservices-303209.git:kavia-development
2026-01-28 12:24:12,893 - Knowledge - INFO - Code base not found for https://github.com/kavia-common/internet-banking-concept-microservices-303209.git:kavia-development. Joining with Knowledge base_path: False.
2026-01-28 12:24:13,104 - Knowledge - INFO - /app/data/T0015/311196/b7970fw/internet-banking-concept-microservices-303209
2026-01-28 12:24:13,267 - Knowledge - INFO - persist ingested knowledge for /app/data/T0015/311196/b7970fw/internet-banking-concept-microservices-303209/internet-banking-user-service/src/main/java/com/javatodev/finance/exception/UserAlreadyRegisteredException.java
2026-01-28 12:24:13,531 - Knowledge - INFO - [MONGODB_OP] Completed: persist, Collection: file_info, Duration: 84ms
2026-01-28 12:24:14,499 - Knowledge - INFO - [REDIS_OP] Completed: store_embedding, Key: internet-banking-user-service/src/main/java/com/javatodev/finance/exception/UserAlreadyRegisteredException.java, Duration: 808ms
2026-01-28 12:24:14,651 - Knowledge - INFO - persist search terms embedding for internet-banking-user-service/src/main/java/com/javatodev/finance/exception/UserAlreadyRegisteredException.java
2026-01-28 12:24:14,827 - Knowledge - INFO - process ingested knowledge for /app/data/T0015/311196/b7970fw/internet-banking-concept-microservices-303209/internet-banking-user-service/src/main/java/com/javatodev/finance/exception/UserAlreadyRegisteredException.java
2026-01-28 12:24:15,008 - Knowledge - INFO - Found code-base-name: https://github.com/kavia-common/internet-banking-concept-microservices-303209.git:kavia-development
2026-01-28 12:24:15,168 - Knowledge - INFO - Code base not found for https://github.com/kavia-common/internet-banking-concept-microservices-303209.git:kavia-development. Joining with Knowledge base_path: True.
2026-01-28 12:24:15,335 - Knowledge - INFO - /app/data/T0015/311196/b7970fw/internet-banking-concept-microservices-303209
2026-01-28 12:24:15,572 - Knowledge - INFO - Found code-base-name: https://github.com/kavia-common/internet-banking-concept-microservices-303209.git:kavia-development
2026-01-28 12:24:15,782 - Knowledge - INFO - Code base not found for https://github.com/kavia-common/internet-banking-concept-microservices-303209.git:kavia-development. Joining with Knowledge base_path: False.
2026-01-28 12:24:15,945 - Knowledge - INFO - /app/data/T0015/311196/b7970fw/internet-banking-concept-microservices-303209
2026-01-28 12:24:16,121 - Knowledge - INFO - persist ingested knowledge for /app/data/T0015/311196/b7970fw/internet-banking-concept-microservices-303209/core-banking-service/src/main/java/com/javatodev/finance/model/mapper/UserMapper.java
2026-01-28 12:24:16,402 - Knowledge - INFO - [MONGODB_OP] Completed: persist, Collection: file_info, Duration: 91ms
2026-01-28 12:24:16,832 - Knowledge - INFO - [REDIS_OP] Completed: store_embedding, Key: core-banking-service/src/main/java/com/javatodev/finance/model/mapper/UserMapper.java, Duration: 262ms
2026-01-28 12:24:17,045 - Knowledge - INFO - persist search terms embedding for core-banking-service/src/main/java/com/javatodev/finance/model/mapper/UserMapper.java
2026-01-28 12:24:17,219 - Knowledge - INFO - process ingested knowledge for /app/data/T0015/311196/b7970fw/internet-banking-concept-microservices-303209/core-banking-service/src/main/java/com/javatodev/finance/model/mapper/UserMapper.java
2026-01-28 12:24:17,425 - Knowledge - INFO - Found code-base-name: https://github.com/kavia-common/internet-banking-concept-microservices-303209.git:kavia-development
2026-01-28 12:24:17,585 - Knowledge - INFO - Code base not found for https://github.com/kavia-common/internet-banking-concept-microservices-303209.git:kavia-development. Joining with Knowledge base_path: True.
2026-01-28 12:24:17,747 - Knowledge - INFO - /app/data/T0015/311196/b7970fw/internet-banking-concept-microservices-303209
2026-01-28 12:24:17,982 - Knowledge - INFO - Found code-base-name: https://github.com/kavia-common/internet-banking-concept-microservices-303209.git:kavia-development
2026-01-28 12:24:18,153 - Knowledge - INFO - Code base not found for https://github.com/kavia-common/internet-banking-concept-microservices-303209.git:kavia-development. Joining with Knowledge base_path: False.
2026-01-28 12:24:18,301 - Knowledge - INFO - /app/data/T0015/311196/b7970fw/internet-banking-concept-microservices-303209
2026-01-28 12:24:18,504 - Knowledge - INFO - persist ingested knowledge for /app/data/T0015/311196/b7970fw/internet-banking-concept-microservices-303209/internet-banking-fund-transfer-service/src/main/java/com/javatodev/finance/exception/GlobalExceptionHandler.java
2026-01-28 12:24:18,780 - Knowledge - INFO - [MONGODB_OP] Completed: persist, Collection: file_info, Duration: 83ms
2026-01-28 12:24:19,277 - Knowledge - INFO - [REDIS_OP] Completed: store_embedding, Key: internet-banking-fund-transfer-service/src/main/java/com/javatodev/finance/exception/GlobalExceptionHandler.java, Duration: 322ms
2026-01-28 12:24:19,458 - Knowledge - INFO - persist search terms embedding for internet-banking-fund-transfer-service/src/main/java/com/javatodev/finance/exception/GlobalExceptionHandler.java
2026-01-28 12:24:19,656 - Knowledge - INFO - process ingested knowledge for /app/data/T0015/311196/b7970fw/internet-banking-concept-microservices-303209/internet-banking-fund-transfer-service/src/main/java/com/javatodev/finance/exception/GlobalExceptionHandler.java
2026-01-28 12:24:19,810 - Knowledge - INFO - Found code-base-name: https://github.com/kavia-common/internet-banking-concept-microservices-303209.git:kavia-development
2026-01-28 12:24:19,997 - Knowledge - INFO - Code base not found for https://github.com/kavia-common/internet-banking-concept-microservices-303209.git:kavia-development. Joining with Knowledge base_path: True.
2026-01-28 12:24:20,173 - Knowledge - INFO - /app/data/T0015/311196/b7970fw/internet-banking-concept-microservices-303209
2026-01-28 12:24:20,397 - Knowledge - INFO - Found code-base-name: https://github.com/kavia-common/internet-banking-concept-microservices-303209.git:kavia-development
2026-01-28 12:24:20,553 - Knowledge - INFO - Code base not found for https://github.com/kavia-common/internet-banking-concept-microservices-303209.git:kavia-development. Joining with Knowledge base_path: False.
2026-01-28 12:24:20,723 - Knowledge - INFO - /app/data/T0015/311196/b7970fw/internet-banking-concept-microservices-303209
2026-01-28 12:24:20,891 - Knowledge - INFO - persist ingested knowledge for /app/data/T0015/311196/b7970fw/internet-banking-concept-microservices-303209/postman_collection/BANKING_CORE_MICROSERVICES_PROJECT.postman_environment.json
2026-01-28 12:24:21,171 - Knowledge - INFO - [MONGODB_OP] Completed: persist, Collection: file_info, Duration: 102ms
2026-01-28 12:24:21,566 - Knowledge - INFO - [REDIS_OP] Completed: store_embedding, Key: postman_collection/BANKING_CORE_MICROSERVICES_PROJECT.postman_environment.json, Duration: 229ms
2026-01-28 12:24:21,748 - Knowledge - INFO - persist search terms embedding for postman_collection/BANKING_CORE_MICROSERVICES_PROJECT.postman_environment.json
2026-01-28 12:24:21,925 - Knowledge - INFO - process ingested knowledge for /app/data/T0015/311196/b7970fw/internet-banking-concept-microservices-303209/postman_collection/BANKING_CORE_MICROSERVICES_PROJECT.postman_environment.json
2026-01-28 12:24:22,120 - Knowledge - INFO - Found code-base-name: https://github.com/kavia-common/internet-banking-concept-microservices-303209.git:kavia-development
2026-01-28 12:24:22,285 - Knowledge - INFO - Code base not found for https://github.com/kavia-common/internet-banking-concept-microservices-303209.git:kavia-development. Joining with Knowledge base_path: True.
2026-01-28 12:24:22,450 - Knowledge - INFO - /app/data/T0015/311196/b7970fw/internet-banking-concept-microservices-303209
2026-01-28 12:24:22,722 - Knowledge - INFO - Found code-base-name: https://github.com/kavia-common/internet-banking-concept-microservices-303209.git:kavia-development
2026-01-28 12:24:22,905 - Knowledge - INFO - Code base not found for https://github.com/kavia-common/internet-banking-concept-microservices-303209.git:kavia-development. Joining with Knowledge base_path: False.
2026-01-28 12:24:23,087 - Knowledge - INFO - /app/data/T0015/311196/b7970fw/internet-banking-concept-microservices-303209
2026-01-28 12:24:23,297 - Knowledge - INFO - persist ingested knowledge for /app/data/T0015/311196/b7970fw/internet-banking-concept-microservices-303209/core-banking-service/src/main/java/com/javatodev/finance/CoreBankingServiceApplication.java
2026-01-28 12:24:23,535 - Knowledge - INFO - [MONGODB_OP] Completed: persist, Collection: file_info, Duration: 87ms
2026-01-28 12:24:23,992 - Knowledge - INFO - [REDIS_OP] Completed: store_embedding, Key: core-banking-service/src/main/java/com/javatodev/finance/CoreBankingServiceApplication.java, Duration: 276ms
2026-01-28 12:24:24,186 - Knowledge - INFO - persist search terms embedding for core-banking-service/src/main/java/com/javatodev/finance/CoreBankingServiceApplication.java
2026-01-28 12:24:24,334 - Knowledge - INFO - process ingested knowledge for /app/data/T0015/311196/b7970fw/internet-banking-concept-microservices-303209/core-banking-service/src/main/java/com/javatodev/finance/CoreBankingServiceApplication.java
2026-01-28 12:24:24,539 - Knowledge - INFO - Found code-base-name: https://github.com/kavia-common/internet-banking-concept-microservices-303209.git:kavia-development
2026-01-28 12:24:24,719 - Knowledge - INFO - Code base not found for https://github.com/kavia-common/internet-banking-concept-microservices-303209.git:kavia-development. Joining with Knowledge base_path: True.
2026-01-28 12:24:24,882 - Knowledge - INFO - /app/data/T0015/311196/b7970fw/internet-banking-concept-microservices-303209
2026-01-28 12:24:25,126 - Knowledge - INFO - Found code-base-name: https://github.com/kavia-common/internet-banking-concept-microservices-303209.git:kavia-development
2026-01-28 12:24:25,306 - Knowledge - INFO - Code base not found for https://github.com/kavia-common/internet-banking-concept-microservices-303209.git:kavia-development. Joining with Knowledge base_path: False.
2026-01-28 12:24:25,486 - Knowledge - INFO - /app/data/T0015/311196/b7970fw/internet-banking-concept-microservices-303209
2026-01-28 12:24:25,692 - Knowledge - INFO - persist ingested knowledge for /app/data/T0015/311196/b7970fw/internet-banking-concept-microservices-303209/internet-banking-user-service/src/main/java/com/javatodev/finance/exception/InvalidEmailException.java
2026-01-28 12:24:25,947 - Knowledge - INFO - [MONGODB_OP] Completed: persist, Collection: file_info, Duration: 90ms
2026-01-28 12:24:26,446 - Knowledge - INFO - [REDIS_OP] Completed: store_embedding, Key: internet-banking-user-service/src/main/java/com/javatodev/finance/exception/InvalidEmailException.java, Duration: 292ms
2026-01-28 12:24:26,647 - Knowledge - INFO - persist search terms embedding for internet-banking-user-service/src/main/java/com/javatodev/finance/exception/InvalidEmailException.java
2026-01-28 12:24:26,816 - Knowledge - INFO - process ingested knowledge for /app/data/T0015/311196/b7970fw/internet-banking-concept-microservices-303209/internet-banking-user-service/src/main/java/com/javatodev/finance/exception/InvalidEmailException.java
2026-01-28 12:24:27,004 - Knowledge - INFO - Found code-base-name: https://github.com/kavia-common/internet-banking-concept-microservices-303209.git:kavia-development
2026-01-28 12:24:27,224 - Knowledge - INFO - Code base not found for https://github.com/kavia-common/internet-banking-concept-microservices-303209.git:kavia-development. Joining with Knowledge base_path: True.
2026-01-28 12:24:27,377 - Knowledge - INFO - /app/data/T0015/311196/b7970fw/internet-banking-concept-microservices-303209
2026-01-28 12:24:27,625 - Knowledge - INFO - Found code-base-name: https://github.com/kavia-common/internet-banking-concept-microservices-303209.git:kavia-development
2026-01-28 12:24:27,816 - Knowledge - INFO - Code base not found for https://github.com/kavia-common/internet-banking-concept-microservices-303209.git:kavia-development. Joining with Knowledge base_path: False.
2026-01-28 12:24:28,023 - Knowledge - INFO - /app/data/T0015/311196/b7970fw/internet-banking-concept-microservices-303209
2026-01-28 12:24:28,197 - Knowledge - INFO - persist ingested knowledge for /app/data/T0015/311196/b7970fw/internet-banking-concept-microservices-303209/README.md
2026-01-28 12:24:28,458 - Knowledge - INFO - [MONGODB_OP] Completed: persist, Collection: file_info, Duration: 89ms
2026-01-28 12:24:28,978 - Knowledge - INFO - [REDIS_OP] Completed: store_embedding, Key: README.md, Duration: 341ms
2026-01-28 12:24:29,144 - Knowledge - INFO - persist search terms embedding for README.md
2026-01-28 12:24:29,328 - Knowledge - INFO - process ingested knowledge for /app/data/T0015/311196/b7970fw/internet-banking-concept-microservices-303209/README.md
2026-01-28 12:24:29,515 - Knowledge - INFO - Found code-base-name: https://github.com/kavia-common/internet-banking-concept-microservices-303209.git:kavia-development
2026-01-28 12:24:29,661 - Knowledge - INFO - Code base not found for https://github.com/kavia-common/internet-banking-concept-microservices-303209.git:kavia-development. Joining with Knowledge base_path: True.
2026-01-28 12:24:29,864 - Knowledge - INFO - /app/data/T0015/311196/b7970fw/internet-banking-concept-microservices-303209
2026-01-28 12:24:30,079 - Knowledge - INFO - Found code-base-name: https://github.com/kavia-common/internet-banking-concept-microservices-303209.git:kavia-development
2026-01-28 12:24:30,270 - Knowledge - INFO - Code base not found for https://github.com/kavia-common/internet-banking-concept-microservices-303209.git:kavia-development. Joining with Knowledge base_path: False.
2026-01-28 12:24:30,434 - Knowledge - INFO - /app/data/T0015/311196/b7970fw/internet-banking-concept-microservices-303209
2026-01-28 12:24:30,607 - Knowledge - INFO - persist ingested knowledge for /app/data/T0015/311196/b7970fw/internet-banking-concept-microservices-303209/internet-banking-utility-payment-service/src/test/resources/application.yml
2026-01-28 12:24:30,857 - Knowledge - INFO - [MONGODB_OP] Completed: persist, Collection: file_info, Duration: 80ms
2026-01-28 12:24:31,368 - Knowledge - INFO - [REDIS_OP] Completed: store_embedding, Key: internet-banking-utility-payment-service/src/test/resources/application.yml, Duration: 299ms
2026-01-28 12:24:31,519 - Knowledge - INFO - persist search terms embedding for internet-banking-utility-payment-service/src/test/resources/application.yml
2026-01-28 12:24:31,673 - Knowledge - INFO - process ingested knowledge for /app/data/T0015/311196/b7970fw/internet-banking-concept-microservices-303209/internet-banking-utility-payment-service/src/test/resources/application.yml
2026-01-28 12:24:31,877 - Knowledge - INFO - Found code-base-name: https://github.com/kavia-common/internet-banking-concept-microservices-303209.git:kavia-development
2026-01-28 12:24:32,042 - Knowledge - INFO - Code base not found for https://github.com/kavia-common/internet-banking-concept-microservices-303209.git:kavia-development. Joining with Knowledge base_path: True.
2026-01-28 12:24:32,206 - Knowledge - INFO - /app/data/T0015/311196/b7970fw/internet-banking-concept-microservices-303209
2026-01-28 12:24:32,482 - Knowledge - INFO - Found code-base-name: https://github.com/kavia-common/internet-banking-concept-microservices-303209.git:kavia-development
2026-01-28 12:24:32,635 - Knowledge - INFO - Code base not found for https://github.com/kavia-common/internet-banking-concept-microservices-303209.git:kavia-development. Joining with Knowledge base_path: False.
2026-01-28 12:24:32,803 - Knowledge - INFO - /app/data/T0015/311196/b7970fw/internet-banking-concept-microservices-303209
2026-01-28 12:24:32,965 - Knowledge - INFO - persist ingested knowledge for /app/data/T0015/311196/b7970fw/internet-banking-concept-microservices-303209/internet-banking-user-service/src/test/resources/application.yml
2026-01-28 12:24:33,214 - Knowledge - INFO - [MONGODB_OP] Completed: persist, Collection: file_info, Duration: 78ms
2026-01-28 12:24:33,638 - Knowledge - INFO - [REDIS_OP] Completed: store_embedding, Key: internet-banking-user-service/src/test/resources/application.yml, Duration: 247ms
2026-01-28 12:24:33,813 - Knowledge - INFO - persist search terms embedding for internet-banking-user-service/src/test/resources/application.yml
2026-01-28 12:24:33,981 - Knowledge - INFO - process ingested knowledge for /app/data/T0015/311196/b7970fw/internet-banking-concept-microservices-303209/internet-banking-user-service/src/test/resources/application.yml
2026-01-28 12:24:34,195 - Knowledge - INFO - Found code-base-name: https://github.com/kavia-common/internet-banking-concept-microservices-303209.git:kavia-development
2026-01-28 12:24:34,392 - Knowledge - INFO - Code base not found for https://github.com/kavia-common/internet-banking-concept-microservices-303209.git:kavia-development. Joining with Knowledge base_path: True.
2026-01-28 12:24:34,563 - Knowledge - INFO - /app/data/T0015/311196/b7970fw/internet-banking-concept-microservices-303209
2026-01-28 12:24:34,804 - Knowledge - INFO - Found code-base-name: https://github.com/kavia-common/internet-banking-concept-microservices-303209.git:kavia-development
2026-01-28 12:24:34,994 - Knowledge - INFO - Code base not found for https://github.com/kavia-common/internet-banking-concept-microservices-303209.git:kavia-development. Joining with Knowledge base_path: False.
2026-01-28 12:24:35,165 - Knowledge - INFO - /app/data/T0015/311196/b7970fw/internet-banking-concept-microservices-303209
2026-01-28 12:24:35,331 - Knowledge - INFO - persist ingested knowledge for /app/data/T0015/311196/b7970fw/internet-banking-concept-microservices-303209/internet-banking-fund-transfer-service/src/main/java/com/javatodev/finance/model/mapper/BaseMapper.java
2026-01-28 12:24:35,604 - Knowledge - INFO - [MONGODB_OP] Completed: persist, Collection: file_info, Duration: 107ms
2026-01-28 12:24:36,040 - Knowledge - INFO - [REDIS_OP] Completed: store_embedding, Key: internet-banking-fund-transfer-service/src/main/java/com/javatodev/finance/model/mapper/BaseMapper.java, Duration: 238ms
2026-01-28 12:24:36,211 - Knowledge - INFO - persist search terms embedding for internet-banking-fund-transfer-service/src/main/java/com/javatodev/finance/model/mapper/BaseMapper.java
2026-01-28 12:24:36,371 - Knowledge - INFO - process ingested knowledge for /app/data/T0015/311196/b7970fw/internet-banking-concept-microservices-303209/internet-banking-fund-transfer-service/src/main/java/com/javatodev/finance/model/mapper/BaseMapper.java
2026-01-28 12:24:36,585 - Knowledge - INFO - Found code-base-name: https://github.com/kavia-common/internet-banking-concept-microservices-303209.git:kavia-development
2026-01-28 12:24:36,781 - Knowledge - INFO - Code base not found for https://github.com/kavia-common/internet-banking-concept-microservices-303209.git:kavia-development. Joining with Knowledge base_path: True.
2026-01-28 12:24:36,963 - Knowledge - INFO - /app/data/T0015/311196/b7970fw/internet-banking-concept-microservices-303209
2026-01-28 12:24:37,234 - Knowledge - INFO - Found code-base-name: https://github.com/kavia-common/internet-banking-concept-microservices-303209.git:kavia-development
2026-01-28 12:24:37,399 - Knowledge - INFO - Code base not found for https://github.com/kavia-common/internet-banking-concept-microservices-303209.git:kavia-development. Joining with Knowledge base_path: False.
2026-01-28 12:24:37,565 - Knowledge - INFO - /app/data/T0015/311196/b7970fw/internet-banking-concept-microservices-303209
2026-01-28 12:24:37,732 - Knowledge - INFO - persist ingested knowledge for /app/data/T0015/311196/b7970fw/internet-banking-concept-microservices-303209/internet-banking-user-service/src/main/java/com/javatodev/finance/exception/GlobalErrorCode.java
2026-01-28 12:24:38,016 - Knowledge - INFO - [MONGODB_OP] Completed: persist, Collection: file_info, Duration: 92ms
2026-01-28 12:24:38,496 - Knowledge - INFO - [REDIS_OP] Completed: store_embedding, Key: internet-banking-user-service/src/main/java/com/javatodev/finance/exception/GlobalErrorCode.java, Duration: 323ms
2026-01-28 12:24:38,656 - Knowledge - INFO - persist search terms embedding for internet-banking-user-service/src/main/java/com/javatodev/finance/exception/GlobalErrorCode.java
2026-01-28 12:24:38,839 - Knowledge - INFO - process ingested knowledge for /app/data/T0015/311196/b7970fw/internet-banking-concept-microservices-303209/internet-banking-user-service/src/main/java/com/javatodev/finance/exception/GlobalErrorCode.java
2026-01-28 12:24:39,044 - Knowledge - INFO - Found code-base-name: https://github.com/kavia-common/internet-banking-concept-microservices-303209.git:kavia-development
2026-01-28 12:24:39,209 - Knowledge - INFO - Code base not found for https://github.com/kavia-common/internet-banking-concept-microservices-303209.git:kavia-development. Joining with Knowledge base_path: True.
2026-01-28 12:24:39,381 - Knowledge - INFO - /app/data/T0015/311196/b7970fw/internet-banking-concept-microservices-303209
2026-01-28 12:24:39,683 - Knowledge - INFO - Found code-base-name: https://github.com/kavia-common/internet-banking-concept-microservices-303209.git:kavia-development
2026-01-28 12:24:39,853 - Knowledge - INFO - Code base not found for https://github.com/kavia-common/internet-banking-concept-microservices-303209.git:kavia-development. Joining with Knowledge base_path: False.
2026-01-28 12:24:40,035 - Knowledge - INFO - /app/data/T0015/311196/b7970fw/internet-banking-concept-microservices-303209
2026-01-28 12:24:40,233 - Knowledge - INFO - persist ingested knowledge for /app/data/T0015/311196/b7970fw/internet-banking-concept-microservices-303209/core-banking-service/src/main/java/com/javatodev/finance/repository/UtilityAccountRepository.java
2026-01-28 12:24:40,478 - Knowledge - INFO - [MONGODB_OP] Completed: persist, Collection: file_info, Duration: 87ms
2026-01-28 12:24:40,848 - Knowledge - INFO - [REDIS_OP] Completed: store_embedding, Key: core-banking-service/src/main/java/com/javatodev/finance/repository/UtilityAccountRepository.java, Duration: 187ms
2026-01-28 12:24:41,035 - Knowledge - INFO - persist search terms embedding for core-banking-service/src/main/java/com/javatodev/finance/repository/UtilityAccountRepository.java
2026-01-28 12:24:41,202 - Knowledge - INFO - process ingested knowledge for /app/data/T0015/311196/b7970fw/internet-banking-concept-microservices-303209/core-banking-service/src/main/java/com/javatodev/finance/repository/UtilityAccountRepository.java
2026-01-28 12:24:41,399 - Knowledge - INFO - Found code-base-name: https://github.com/kavia-common/internet-banking-concept-microservices-303209.git:kavia-development
2026-01-28 12:24:41,576 - Knowledge - INFO - Code base not found for https://github.com/kavia-common/internet-banking-concept-microservices-303209.git:kavia-development. Joining with Knowledge base_path: True.
2026-01-28 12:24:41,731 - Knowledge - INFO - /app/data/T0015/311196/b7970fw/internet-banking-concept-microservices-303209
2026-01-28 12:24:41,990 - Knowledge - INFO - Found code-base-name: https://github.com/kavia-common/internet-banking-concept-microservices-303209.git:kavia-development
2026-01-28 12:24:42,144 - Knowledge - INFO - Code base not found for https://github.com/kavia-common/internet-banking-concept-microservices-303209.git:kavia-development. Joining with Knowledge base_path: False.
2026-01-28 12:24:42,326 - Knowledge - INFO - /app/data/T0015/311196/b7970fw/internet-banking-concept-microservices-303209
2026-01-28 12:24:42,497 - Knowledge - INFO - persist ingested knowledge for /app/data/T0015/311196/b7970fw/internet-banking-concept-microservices-303209/internet-banking-user-service/src/main/java/com/javatodev/finance/model/mapper/BaseMapper.java
2026-01-28 12:24:42,746 - Knowledge - INFO - [MONGODB_OP] Completed: persist, Collection: file_info, Duration: 83ms
2026-01-28 12:24:43,278 - Knowledge - INFO - [REDIS_OP] Completed: store_embedding, Key: internet-banking-user-service/src/main/java/com/javatodev/finance/model/mapper/BaseMapper.java, Duration: 326ms
2026-01-28 12:24:43,462 - Knowledge - INFO - persist search terms embedding for internet-banking-user-service/src/main/java/com/javatodev/finance/model/mapper/BaseMapper.java
2026-01-28 12:24:43,663 - Knowledge - INFO - process ingested knowledge for /app/data/T0015/311196/b7970fw/internet-banking-concept-microservices-303209/internet-banking-user-service/src/main/java/com/javatodev/finance/model/mapper/BaseMapper.java
2026-01-28 12:24:43,822 - Knowledge - INFO - Found code-base-name: https://github.com/kavia-common/internet-banking-concept-microservices-303209.git:kavia-development
2026-01-28 12:24:44,001 - Knowledge - INFO - Code base not found for https://github.com/kavia-common/internet-banking-concept-microservices-303209.git:kavia-development. Joining with Knowledge base_path: True.
2026-01-28 12:24:44,169 - Knowledge - INFO - /app/data/T0015/311196/b7970fw/internet-banking-concept-microservices-303209
2026-01-28 12:24:44,402 - Knowledge - INFO - Found code-base-name: https://github.com/kavia-common/internet-banking-concept-microservices-303209.git:kavia-development
2026-01-28 12:24:44,570 - Knowledge - INFO - Code base not found for https://github.com/kavia-common/internet-banking-concept-microservices-303209.git:kavia-development. Joining with Knowledge base_path: False.
2026-01-28 12:24:44,719 - Knowledge - INFO - /app/data/T0015/311196/b7970fw/internet-banking-concept-microservices-303209
2026-01-28 12:24:44,903 - Knowledge - INFO - persist ingested knowledge for /app/data/T0015/311196/b7970fw/internet-banking-concept-microservices-303209/internet-banking-utility-payment-service/src/main/java/com/javatodev/finance/model/mapper/BaseMapper.java
2026-01-28 12:24:45,179 - Knowledge - INFO - [MONGODB_OP] Completed: persist, Collection: file_info, Duration: 116ms
2026-01-28 12:24:45,799 - Knowledge - INFO - [REDIS_OP] Completed: store_embedding, Key: internet-banking-utility-payment-service/src/main/java/com/javatodev/finance/model/mapper/BaseMapper.java, Duration: 442ms
2026-01-28 12:24:45,969 - Knowledge - INFO - persist search terms embedding for internet-banking-utility-payment-service/src/main/java/com/javatodev/finance/model/mapper/BaseMapper.java
2026-01-28 12:24:46,123 - Knowledge - INFO - process ingested knowledge for /app/data/T0015/311196/b7970fw/internet-banking-concept-microservices-303209/internet-banking-utility-payment-service/src/main/java/com/javatodev/finance/model/mapper/BaseMapper.java
2026-01-28 12:24:46,302 - Knowledge - INFO - Found code-base-name: https://github.com/kavia-common/internet-banking-concept-microservices-303209.git:kavia-development
2026-01-28 12:24:46,463 - Knowledge - INFO - Code base not found for https://github.com/kavia-common/internet-banking-concept-microservices-303209.git:kavia-development. Joining with Knowledge base_path: True.
2026-01-28 12:24:46,630 - Knowledge - INFO - /app/data/T0015/311196/b7970fw/internet-banking-concept-microservices-303209
2026-01-28 12:24:46,848 - Knowledge - INFO - Found code-base-name: https://github.com/kavia-common/internet-banking-concept-microservices-303209.git:kavia-development
2026-01-28 12:24:47,031 - Knowledge - INFO - Code base not found for https://github.com/kavia-common/internet-banking-concept-microservices-303209.git:kavia-development. Joining with Knowledge base_path: False.
2026-01-28 12:24:47,216 - Knowledge - INFO - /app/data/T0015/311196/b7970fw/internet-banking-concept-microservices-303209
2026-01-28 12:24:47,377 - Knowledge - INFO - persist ingested knowledge for /app/data/T0015/311196/b7970fw/internet-banking-concept-microservices-303209/core-banking-service/src/main/java/com/javatodev/finance/service/UserService.java
2026-01-28 12:24:47,616 - Knowledge - INFO - [MONGODB_OP] Completed: persist, Collection: file_info, Duration: 84ms
2026-01-28 12:24:48,032 - Knowledge - INFO - [REDIS_OP] Completed: store_embedding, Key: core-banking-service/src/main/java/com/javatodev/finance/service/UserService.java, Duration: 209ms
2026-01-28 12:24:48,191 - Knowledge - INFO - persist search terms embedding for core-banking-service/src/main/java/com/javatodev/finance/service/UserService.java
2026-01-28 12:24:48,347 - Knowledge - INFO - process ingested knowledge for /app/data/T0015/311196/b7970fw/internet-banking-concept-microservices-303209/core-banking-service/src/main/java/com/javatodev/finance/service/UserService.java
2026-01-28 12:24:48,528 - Knowledge - INFO - Found code-base-name: https://github.com/kavia-common/internet-banking-concept-microservices-303209.git:kavia-development
2026-01-28 12:24:48,706 - Knowledge - INFO - Code base not found for https://github.com/kavia-common/internet-banking-concept-microservices-303209.git:kavia-development. Joining with Knowledge base_path: True.
2026-01-28 12:24:48,868 - Knowledge - INFO - /app/data/T0015/311196/b7970fw/internet-banking-concept-microservices-303209
2026-01-28 12:24:49,177 - Knowledge - INFO - Found code-base-name: https://github.com/kavia-common/internet-banking-concept-microservices-303209.git:kavia-development
2026-01-28 12:24:49,377 - Knowledge - INFO - Code base not found for https://github.com/kavia-common/internet-banking-concept-microservices-303209.git:kavia-development. Joining with Knowledge base_path: False.
2026-01-28 12:24:49,548 - Knowledge - INFO - /app/data/T0015/311196/b7970fw/internet-banking-concept-microservices-303209
2026-01-28 12:24:49,710 - Knowledge - INFO - persist ingested knowledge for /app/data/T0015/311196/b7970fw/internet-banking-concept-microservices-303209/internet-banking-fund-transfer-service/src/test/resources/application.yml
2026-01-28 12:24:49,999 - Knowledge - INFO - [MONGODB_OP] Completed: persist, Collection: file_info, Duration: 85ms
2026-01-28 12:24:50,406 - Knowledge - INFO - [REDIS_OP] Completed: store_embedding, Key: internet-banking-fund-transfer-service/src/test/resources/application.yml, Duration: 228ms
2026-01-28 12:24:50,617 - Knowledge - INFO - persist search terms embedding for internet-banking-fund-transfer-service/src/test/resources/application.yml
2026-01-28 12:24:50,788 - Knowledge - INFO - process ingested knowledge for /app/data/T0015/311196/b7970fw/internet-banking-concept-microservices-303209/internet-banking-fund-transfer-service/src/test/resources/application.yml
2026-01-28 12:24:50,952 - Knowledge - INFO - Found code-base-name: https://github.com/kavia-common/internet-banking-concept-microservices-303209.git:kavia-development
2026-01-28 12:24:51,122 - Knowledge - INFO - Code base not found for https://github.com/kavia-common/internet-banking-concept-microservices-303209.git:kavia-development. Joining with Knowledge base_path: True.
2026-01-28 12:24:51,293 - Knowledge - INFO - /app/data/T0015/311196/b7970fw/internet-banking-concept-microservices-303209
2026-01-28 12:24:51,529 - Knowledge - INFO - Found code-base-name: https://github.com/kavia-common/internet-banking-concept-microservices-303209.git:kavia-development
2026-01-28 12:24:51,708 - Knowledge - INFO - Code base not found for https://github.com/kavia-common/internet-banking-concept-microservices-303209.git:kavia-development. Joining with Knowledge base_path: False.
2026-01-28 12:24:51,896 - Knowledge - INFO - /app/data/T0015/311196/b7970fw/internet-banking-concept-microservices-303209
2026-01-28 12:24:52,089 - Knowledge - INFO - persist ingested knowledge for /app/data/T0015/311196/b7970fw/internet-banking-concept-microservices-303209/core-banking-service/src/main/java/com/javatodev/finance/controller/UserController.java
2026-01-28 12:24:52,340 - Knowledge - INFO - [MONGODB_OP] Completed: persist, Collection: file_info, Duration: 87ms
2026-01-28 12:24:52,785 - Knowledge - INFO - [REDIS_OP] Completed: store_embedding, Key: core-banking-service/src/main/java/com/javatodev/finance/controller/UserController.java, Duration: 278ms
2026-01-28 12:24:52,958 - Knowledge - INFO - persist search terms embedding for core-banking-service/src/main/java/com/javatodev/finance/controller/UserController.java
2026-01-28 12:24:53,125 - Knowledge - INFO - process ingested knowledge for /app/data/T0015/311196/b7970fw/internet-banking-concept-microservices-303209/core-banking-service/src/main/java/com/javatodev/finance/controller/UserController.java
2026-01-28 12:24:53,306 - Knowledge - INFO - Found code-base-name: https://github.com/kavia-common/internet-banking-concept-microservices-303209.git:kavia-development
2026-01-28 12:24:53,483 - Knowledge - INFO - Code base not found for https://github.com/kavia-common/internet-banking-concept-microservices-303209.git:kavia-development. Joining with Knowledge base_path: True.
2026-01-28 12:24:53,637 - Knowledge - INFO - /app/data/T0015/311196/b7970fw/internet-banking-concept-microservices-303209
2026-01-28 12:24:53,877 - Knowledge - INFO - Found code-base-name: https://github.com/kavia-common/internet-banking-concept-microservices-303209.git:kavia-development
2026-01-28 12:24:54,044 - Knowledge - INFO - Code base not found for https://github.com/kavia-common/internet-banking-concept-microservices-303209.git:kavia-development. Joining with Knowledge base_path: False.
2026-01-28 12:24:54,241 - Knowledge - INFO - /app/data/T0015/311196/b7970fw/internet-banking-concept-microservices-303209
2026-01-28 12:24:54,451 - Knowledge - INFO - persist ingested knowledge for /app/data/T0015/311196/b7970fw/internet-banking-concept-microservices-303209/internet-banking-api-gateway/settings.gradle
2026-01-28 12:24:54,739 - Knowledge - INFO - [MONGODB_OP] Completed: persist, Collection: file_info, Duration: 90ms
2026-01-28 12:24:55,129 - Knowledge - INFO - [REDIS_OP] Completed: store_embedding, Key: internet-banking-api-gateway/settings.gradle, Duration: 216ms
2026-01-28 12:24:55,294 - Knowledge - INFO - persist search terms embedding for internet-banking-api-gateway/settings.gradle
2026-01-28 12:24:55,487 - Knowledge - INFO - process ingested knowledge for /app/data/T0015/311196/b7970fw/internet-banking-concept-microservices-303209/internet-banking-api-gateway/settings.gradle
2026-01-28 12:24:55,649 - Knowledge - INFO - Found code-base-name: https://github.com/kavia-common/internet-banking-concept-microservices-303209.git:kavia-development
2026-01-28 12:24:55,838 - Knowledge - INFO - Code base not found for https://github.com/kavia-common/internet-banking-concept-microservices-303209.git:kavia-development. Joining with Knowledge base_path: True.
2026-01-28 12:24:56,010 - Knowledge - INFO - /app/data/T0015/311196/b7970fw/internet-banking-concept-microservices-303209
2026-01-28 12:24:56,234 - Knowledge - INFO - Found code-base-name: https://github.com/kavia-common/internet-banking-concept-microservices-303209.git:kavia-development
2026-01-28 12:24:56,415 - Knowledge - INFO - Code base not found for https://github.com/kavia-common/internet-banking-concept-microservices-303209.git:kavia-development. Joining with Knowledge base_path: False.
2026-01-28 12:24:56,613 - Knowledge - INFO - /app/data/T0015/311196/b7970fw/internet-banking-concept-microservices-303209
2026-01-28 12:24:56,770 - Knowledge - INFO - persist ingested knowledge for /app/data/T0015/311196/b7970fw/internet-banking-concept-microservices-303209/internet-banking-fund-transfer-service/src/main/java/com/javatodev/finance/model/TransactionStatus.java
2026-01-28 12:24:57,012 - Knowledge - INFO - [MONGODB_OP] Completed: persist, Collection: file_info, Duration: 88ms
2026-01-28 12:24:57,453 - Knowledge - INFO - [REDIS_OP] Completed: store_embedding, Key: internet-banking-fund-transfer-service/src/main/java/com/javatodev/finance/model/TransactionStatus.java, Duration: 269ms
2026-01-28 12:24:57,626 - Knowledge - INFO - persist search terms embedding for internet-banking-fund-transfer-service/src/main/java/com/javatodev/finance/model/TransactionStatus.java
2026-01-28 12:24:57,796 - Knowledge - INFO - process ingested knowledge for /app/data/T0015/311196/b7970fw/internet-banking-concept-microservices-303209/internet-banking-fund-transfer-service/src/main/java/com/javatodev/finance/model/TransactionStatus.java
2026-01-28 12:24:57,960 - Knowledge - INFO - Found code-base-name: https://github.com/kavia-common/internet-banking-concept-microservices-303209.git:kavia-development
2026-01-28 12:24:58,149 - Knowledge - INFO - Code base not found for https://github.com/kavia-common/internet-banking-concept-microservices-303209.git:kavia-development. Joining with Knowledge base_path: True.
2026-01-28 12:24:58,302 - Knowledge - INFO - /app/data/T0015/311196/b7970fw/internet-banking-concept-microservices-303209
2026-01-28 12:24:58,533 - Knowledge - INFO - Found code-base-name: https://github.com/kavia-common/internet-banking-concept-microservices-303209.git:kavia-development
2026-01-28 12:24:58,732 - Knowledge - INFO - Code base not found for https://github.com/kavia-common/internet-banking-concept-microservices-303209.git:kavia-development. Joining with Knowledge base_path: False.
2026-01-28 12:24:58,888 - Knowledge - INFO - /app/data/T0015/311196/b7970fw/internet-banking-concept-microservices-303209
2026-01-28 12:24:59,051 - Knowledge - INFO - persist ingested knowledge for /app/data/T0015/311196/b7970fw/internet-banking-concept-microservices-303209/internet-banking-config-server/build.gradle
2026-01-28 12:24:59,322 - Knowledge - INFO - [MONGODB_OP] Completed: persist, Collection: file_info, Duration: 93ms
2026-01-28 12:24:59,757 - Knowledge - INFO - [REDIS_OP] Completed: store_embedding, Key: internet-banking-config-server/build.gradle, Duration: 248ms
2026-01-28 12:24:59,917 - Knowledge - INFO - persist search terms embedding for internet-banking-config-server/build.gradle
2026-01-28 12:25:00,088 - Knowledge - INFO - process ingested knowledge for /app/data/T0015/311196/b7970fw/internet-banking-concept-microservices-303209/internet-banking-config-server/build.gradle
2026-01-28 12:25:00,285 - Knowledge - INFO - Found code-base-name: https://github.com/kavia-common/internet-banking-concept-microservices-303209.git:kavia-development
2026-01-28 12:25:00,525 - Knowledge - INFO - Code base not found for https://github.com/kavia-common/internet-banking-concept-microservices-303209.git:kavia-development. Joining with Knowledge base_path: True.
2026-01-28 12:25:00,706 - Knowledge - INFO - /app/data/T0015/311196/b7970fw/internet-banking-concept-microservices-303209
2026-01-28 12:25:00,925 - Knowledge - INFO - Found code-base-name: https://github.com/kavia-common/internet-banking-concept-microservices-303209.git:kavia-development
2026-01-28 12:25:01,096 - Knowledge - INFO - Code base not found for https://github.com/kavia-common/internet-banking-concept-microservices-303209.git:kavia-development. Joining with Knowledge base_path: False.
2026-01-28 12:25:01,341 - Knowledge - INFO - /app/data/T0015/311196/b7970fw/internet-banking-concept-microservices-303209
2026-01-28 12:25:01,509 - Knowledge - INFO - persist ingested knowledge for /app/data/T0015/311196/b7970fw/internet-banking-concept-microservices-303209/internet-banking-utility-payment-service/src/main/java/com/javatodev/finance/InternetBankingUtilityPaymentServiceApplication.java
2026-01-28 12:25:01,839 - Knowledge - INFO - [MONGODB_OP] Completed: persist, Collection: file_info, Duration: 163ms
2026-01-28 12:25:02,271 - Knowledge - INFO - [REDIS_OP] Completed: store_embedding, Key: internet-banking-utility-payment-service/src/main/java/com/javatodev/finance/InternetBankingUtilityPaymentServiceApplication.java, Duration: 257ms
2026-01-28 12:25:02,420 - Knowledge - INFO - persist search terms embedding for internet-banking-utility-payment-service/src/main/java/com/javatodev/finance/InternetBankingUtilityPaymentServiceApplication.java
2026-01-28 12:25:02,600 - Knowledge - INFO - process ingested knowledge for /app/data/T0015/311196/b7970fw/internet-banking-concept-microservices-303209/internet-banking-utility-payment-service/src/main/java/com/javatodev/finance/InternetBankingUtilityPaymentServiceApplication.java
2026-01-28 12:25:02,790 - Knowledge - INFO - Found code-base-name: https://github.com/kavia-common/internet-banking-concept-microservices-303209.git:kavia-development
2026-01-28 12:25:02,957 - Knowledge - INFO - Code base not found for https://github.com/kavia-common/internet-banking-concept-microservices-303209.git:kavia-development. Joining with Knowledge base_path: True.
2026-01-28 12:25:03,146 - Knowledge - INFO - /app/data/T0015/311196/b7970fw/internet-banking-concept-microservices-303209
2026-01-28 12:25:03,429 - Knowledge - INFO - Found code-base-name: https://github.com/kavia-common/internet-banking-concept-microservices-303209.git:kavia-development
2026-01-28 12:25:03,663 - Knowledge - INFO - Code base not found for https://github.com/kavia-common/internet-banking-concept-microservices-303209.git:kavia-development. Joining with Knowledge base_path: False.
2026-01-28 12:25:03,843 - Knowledge - INFO - /app/data/T0015/311196/b7970fw/internet-banking-concept-microservices-303209
2026-01-28 12:25:04,043 - Knowledge - INFO - persist ingested knowledge for /app/data/T0015/311196/b7970fw/internet-banking-concept-microservices-303209/core-banking-service/src/main/resources/db/migration/V1.0.20210427174638__create_base_table_structure.sql
2026-01-28 12:25:04,282 - Knowledge - INFO - [MONGODB_OP] Completed: persist, Collection: file_info, Duration: 80ms
2026-01-28 12:25:04,695 - Knowledge - INFO - [REDIS_OP] Completed: store_embedding, Key: core-banking-service/src/main/resources/db/migration/V1.0.20210427174638__create_base_table_structure.sql, Duration: 227ms
2026-01-28 12:25:04,858 - Knowledge - INFO - persist search terms embedding for core-banking-service/src/main/resources/db/migration/V1.0.20210427174638__create_base_table_structure.sql
2026-01-28 12:25:05,039 - Knowledge - INFO - process ingested knowledge for /app/data/T0015/311196/b7970fw/internet-banking-concept-microservices-303209/core-banking-service/src/main/resources/db/migration/V1.0.20210427174638__create_base_table_structure.sql
2026-01-28 12:25:05,221 - Knowledge - INFO - Found code-base-name: https://github.com/kavia-common/internet-banking-concept-microservices-303209.git:kavia-development
2026-01-28 12:25:05,379 - Knowledge - INFO - Code base not found for https://github.com/kavia-common/internet-banking-concept-microservices-303209.git:kavia-development. Joining with Knowledge base_path: True.
2026-01-28 12:25:05,546 - Knowledge - INFO - /app/data/T0015/311196/b7970fw/internet-banking-concept-microservices-303209
2026-01-28 12:25:05,808 - Knowledge - INFO - Found code-base-name: https://github.com/kavia-common/internet-banking-concept-microservices-303209.git:kavia-development
2026-01-28 12:25:05,983 - Knowledge - INFO - Code base not found for https://github.com/kavia-common/internet-banking-concept-microservices-303209.git:kavia-development. Joining with Knowledge base_path: False.
2026-01-28 12:25:06,154 - Knowledge - INFO - /app/data/T0015/311196/b7970fw/internet-banking-concept-microservices-303209
2026-01-28 12:25:06,339 - Knowledge - INFO - persist ingested knowledge for /app/data/T0015/311196/b7970fw/internet-banking-concept-microservices-303209/internet-banking-utility-payment-service/src/main/java/com/javatodev/finance/model/TransactionStatus.java
2026-01-28 12:25:06,616 - Knowledge - INFO - [MONGODB_OP] Completed: persist, Collection: file_info, Duration: 96ms
2026-01-28 12:25:07,074 - Knowledge - INFO - [REDIS_OP] Completed: store_embedding, Key: internet-banking-utility-payment-service/src/main/java/com/javatodev/finance/model/TransactionStatus.java, Duration: 275ms
2026-01-28 12:25:07,310 - Knowledge - INFO - persist search terms embedding for internet-banking-utility-payment-service/src/main/java/com/javatodev/finance/model/TransactionStatus.java
2026-01-28 12:25:07,535 - Knowledge - INFO - process ingested knowledge for /app/data/T0015/311196/b7970fw/internet-banking-concept-microservices-303209/internet-banking-utility-payment-service/src/main/java/com/javatodev/finance/model/TransactionStatus.java
2026-01-28 12:25:07,750 - Knowledge - INFO - Found code-base-name: https://github.com/kavia-common/internet-banking-concept-microservices-303209.git:kavia-development
2026-01-28 12:25:07,914 - Knowledge - INFO - Code base not found for https://github.com/kavia-common/internet-banking-concept-microservices-303209.git:kavia-development. Joining with Knowledge base_path: True.
2026-01-28 12:25:08,087 - Knowledge - INFO - /app/data/T0015/311196/b7970fw/internet-banking-concept-microservices-303209
2026-01-28 12:25:08,311 - Knowledge - INFO - Found code-base-name: https://github.com/kavia-common/internet-banking-concept-microservices-303209.git:kavia-development
2026-01-28 12:25:08,462 - Knowledge - INFO - Code base not found for https://github.com/kavia-common/internet-banking-concept-microservices-303209.git:kavia-development. Joining with Knowledge base_path: False.
2026-01-28 12:25:08,625 - Knowledge - INFO - /app/data/T0015/311196/b7970fw/internet-banking-concept-microservices-303209
2026-01-28 12:25:08,802 - Knowledge - INFO - persist ingested knowledge for /app/data/T0015/311196/b7970fw/internet-banking-concept-microservices-303209/internet-banking-fund-transfer-service/src/main/java/com/javatodev/finance/InternetBankingFundTransferServiceApplication.java
2026-01-28 12:25:09,088 - Knowledge - INFO - [MONGODB_OP] Completed: persist, Collection: file_info, Duration: 79ms
2026-01-28 12:25:09,540 - Knowledge - INFO - [REDIS_OP] Completed: store_embedding, Key: internet-banking-fund-transfer-service/src/main/java/com/javatodev/finance/InternetBankingFundTransferServiceApplication.java, Duration: 271ms
2026-01-28 12:25:09,759 - Knowledge - INFO - persist search terms embedding for internet-banking-fund-transfer-service/src/main/java/com/javatodev/finance/InternetBankingFundTransferServiceApplication.java
2026-01-28 12:25:09,964 - Knowledge - INFO - process ingested knowledge for /app/data/T0015/311196/b7970fw/internet-banking-concept-microservices-303209/internet-banking-fund-transfer-service/src/main/java/com/javatodev/finance/InternetBankingFundTransferServiceApplication.java
2026-01-28 12:25:10,154 - Knowledge - INFO - Found code-base-name: https://github.com/kavia-common/internet-banking-concept-microservices-303209.git:kavia-development
2026-01-28 12:25:10,322 - Knowledge - INFO - Code base not found for https://github.com/kavia-common/internet-banking-concept-microservices-303209.git:kavia-development. Joining with Knowledge base_path: True.
2026-01-28 12:25:10,494 - Knowledge - INFO - /app/data/T0015/311196/b7970fw/internet-banking-concept-microservices-303209
2026-01-28 12:25:10,761 - Knowledge - INFO - Found code-base-name: https://github.com/kavia-common/internet-banking-concept-microservices-303209.git:kavia-development
2026-01-28 12:25:10,965 - Knowledge - INFO - Code base not found for https://github.com/kavia-common/internet-banking-concept-microservices-303209.git:kavia-development. Joining with Knowledge base_path: False.
2026-01-28 12:25:11,128 - Knowledge - INFO - /app/data/T0015/311196/b7970fw/internet-banking-concept-microservices-303209
2026-01-28 12:25:11,298 - Knowledge - INFO - persist ingested knowledge for /app/data/T0015/311196/b7970fw/internet-banking-concept-microservices-303209/core-banking-service/src/test/java/com/javatodev/finance/CoreBankingServiceApplicationTests.java
2026-01-28 12:25:11,537 - Knowledge - INFO - [MONGODB_OP] Completed: persist, Collection: file_info, Duration: 84ms
2026-01-28 12:25:11,925 - Knowledge - INFO - [REDIS_OP] Completed: store_embedding, Key: core-banking-service/src/test/java/com/javatodev/finance/CoreBankingServiceApplicationTests.java, Duration: 221ms
2026-01-28 12:25:12,096 - Knowledge - INFO - persist search terms embedding for core-banking-service/src/test/java/com/javatodev/finance/CoreBankingServiceApplicationTests.java
2026-01-28 12:25:12,266 - Knowledge - INFO - process ingested knowledge for /app/data/T0015/311196/b7970fw/internet-banking-concept-microservices-303209/core-banking-service/src/test/java/com/javatodev/finance/CoreBankingServiceApplicationTests.java
2026-01-28 12:25:12,444 - Knowledge - INFO - Found code-base-name: https://github.com/kavia-common/internet-banking-concept-microservices-303209.git:kavia-development
2026-01-28 12:25:12,664 - Knowledge - INFO - Code base not found for https://github.com/kavia-common/internet-banking-concept-microservices-303209.git:kavia-development. Joining with Knowledge base_path: True.
2026-01-28 12:25:12,856 - Knowledge - INFO - /app/data/T0015/311196/b7970fw/internet-banking-concept-microservices-303209
2026-01-28 12:25:13,121 - Knowledge - INFO - Found code-base-name: https://github.com/kavia-common/internet-banking-concept-microservices-303209.git:kavia-development
2026-01-28 12:25:13,336 - Knowledge - INFO - Code base not found for https://github.com/kavia-common/internet-banking-concept-microservices-303209.git:kavia-development. Joining with Knowledge base_path: False.
2026-01-28 12:25:13,494 - Knowledge - INFO - /app/data/T0015/311196/b7970fw/internet-banking-concept-microservices-303209
2026-01-28 12:25:13,657 - Knowledge - INFO - persist ingested knowledge for /app/data/T0015/311196/b7970fw/internet-banking-concept-microservices-303209/internet-banking-api-gateway/src/main/java/com/javatodev/finance/configuration/security/SecurityConfiguration.java
2026-01-28 12:25:13,911 - Knowledge - INFO - [MONGODB_OP] Completed: persist, Collection: file_info, Duration: 88ms
2026-01-28 12:25:14,363 - Knowledge - INFO - [REDIS_OP] Completed: store_embedding, Key: internet-banking-api-gateway/src/main/java/com/javatodev/finance/configuration/security/SecurityConfiguration.java, Duration: 268ms
2026-01-28 12:25:14,532 - Knowledge - INFO - persist search terms embedding for internet-banking-api-gateway/src/main/java/com/javatodev/finance/configuration/security/SecurityConfiguration.java
2026-01-28 12:25:14,704 - Knowledge - INFO - process ingested knowledge for /app/data/T0015/311196/b7970fw/internet-banking-concept-microservices-303209/internet-banking-api-gateway/src/main/java/com/javatodev/finance/configuration/security/SecurityConfiguration.java
2026-01-28 12:25:14,917 - Knowledge - INFO - Found code-base-name: https://github.com/kavia-common/internet-banking-concept-microservices-303209.git:kavia-development
2026-01-28 12:25:15,086 - Knowledge - INFO - Code base not found for https://github.com/kavia-common/internet-banking-concept-microservices-303209.git:kavia-development. Joining with Knowledge base_path: True.
2026-01-28 12:25:15,297 - Knowledge - INFO - /app/data/T0015/311196/b7970fw/internet-banking-concept-microservices-303209
2026-01-28 12:25:15,576 - Knowledge - INFO - Found code-base-name: https://github.com/kavia-common/internet-banking-concept-microservices-303209.git:kavia-development
2026-01-28 12:25:15,735 - Knowledge - INFO - Code base not found for https://github.com/kavia-common/internet-banking-concept-microservices-303209.git:kavia-development. Joining with Knowledge base_path: False.
2026-01-28 12:25:15,922 - Knowledge - INFO - /app/data/T0015/311196/b7970fw/internet-banking-concept-microservices-303209
2026-01-28 12:25:16,084 - Knowledge - INFO - persist ingested knowledge for /app/data/T0015/311196/b7970fw/internet-banking-concept-microservices-303209/internet-banking-user-service/src/main/java/com/javatodev/finance/model/dto/Status.java
2026-01-28 12:25:16,342 - Knowledge - INFO - [MONGODB_OP] Completed: persist, Collection: file_info, Duration: 90ms
2026-01-28 12:25:16,745 - Knowledge - INFO - [REDIS_OP] Completed: store_embedding, Key: internet-banking-user-service/src/main/java/com/javatodev/finance/model/dto/Status.java, Duration: 225ms
2026-01-28 12:25:16,924 - Knowledge - INFO - persist search terms embedding for internet-banking-user-service/src/main/java/com/javatodev/finance/model/dto/Status.java
2026-01-28 12:25:17,155 - Knowledge - INFO - process ingested knowledge for /app/data/T0015/311196/b7970fw/internet-banking-concept-microservices-303209/internet-banking-user-service/src/main/java/com/javatodev/finance/model/dto/Status.java
2026-01-28 12:25:17,329 - Knowledge - INFO - Found code-base-name: https://github.com/kavia-common/internet-banking-concept-microservices-303209.git:kavia-development
2026-01-28 12:25:17,510 - Knowledge - INFO - Code base not found for https://github.com/kavia-common/internet-banking-concept-microservices-303209.git:kavia-development. Joining with Knowledge base_path: True.
2026-01-28 12:25:17,686 - Knowledge - INFO - /app/data/T0015/311196/b7970fw/internet-banking-concept-microservices-303209
2026-01-28 12:25:17,967 - Knowledge - INFO - Found code-base-name: https://github.com/kavia-common/internet-banking-concept-microservices-303209.git:kavia-development
2026-01-28 12:25:18,143 - Knowledge - INFO - Code base not found for https://github.com/kavia-common/internet-banking-concept-microservices-303209.git:kavia-development. Joining with Knowledge base_path: False.
2026-01-28 12:25:18,301 - Knowledge - INFO - /app/data/T0015/311196/b7970fw/internet-banking-concept-microservices-303209
2026-01-28 12:25:18,468 - Knowledge - INFO - persist ingested knowledge for /app/data/T0015/311196/b7970fw/internet-banking-concept-microservices-303209/internet-banking-user-service/src/main/java/com/javatodev/finance/configuration/CustomFeignClientConfiguration.java
2026-01-28 12:25:18,713 - Knowledge - INFO - [MONGODB_OP] Completed: persist, Collection: file_info, Duration: 83ms
2026-01-28 12:25:19,390 - Knowledge - INFO - [REDIS_OP] Completed: store_embedding, Key: internet-banking-user-service/src/main/java/com/javatodev/finance/configuration/CustomFeignClientConfiguration.java, Duration: 521ms
2026-01-28 12:25:19,567 - Knowledge - INFO - persist search terms embedding for internet-banking-user-service/src/main/java/com/javatodev/finance/configuration/CustomFeignClientConfiguration.java
2026-01-28 12:25:19,788 - Knowledge - INFO - process ingested knowledge for /app/data/T0015/311196/b7970fw/internet-banking-concept-microservices-303209/internet-banking-user-service/src/main/java/com/javatodev/finance/configuration/CustomFeignClientConfiguration.java
2026-01-28 12:25:19,976 - Knowledge - INFO - Found code-base-name: https://github.com/kavia-common/internet-banking-concept-microservices-303209.git:kavia-development
2026-01-28 12:25:20,136 - Knowledge - INFO - Code base not found for https://github.com/kavia-common/internet-banking-concept-microservices-303209.git:kavia-development. Joining with Knowledge base_path: True.
2026-01-28 12:25:20,294 - Knowledge - INFO - /app/data/T0015/311196/b7970fw/internet-banking-concept-microservices-303209
2026-01-28 12:25:20,523 - Knowledge - INFO - Found code-base-name: https://github.com/kavia-common/internet-banking-concept-microservices-303209.git:kavia-development
2026-01-28 12:25:20,693 - Knowledge - INFO - Code base not found for https://github.com/kavia-common/internet-banking-concept-microservices-303209.git:kavia-development. Joining with Knowledge base_path: False.
2026-01-28 12:25:20,844 - Knowledge - INFO - /app/data/T0015/311196/b7970fw/internet-banking-concept-microservices-303209
2026-01-28 12:25:21,016 - Knowledge - INFO - persist ingested knowledge for /app/data/T0015/311196/b7970fw/internet-banking-concept-microservices-303209/internet-banking-utility-payment-service/src/main/java/com/javatodev/finance/configuration/CustomFeignClientConfiguration.java
2026-01-28 12:25:21,263 - Knowledge - INFO - [MONGODB_OP] Completed: persist, Collection: file_info, Duration: 91ms
2026-01-28 12:25:21,966 - Knowledge - INFO - [REDIS_OP] Completed: store_embedding, Key: internet-banking-utility-payment-service/src/main/java/com/javatodev/finance/configuration/CustomFeignClientConfiguration.java, Duration: 543ms
2026-01-28 12:25:22,129 - Knowledge - INFO - persist search terms embedding for internet-banking-utility-payment-service/src/main/java/com/javatodev/finance/configuration/CustomFeignClientConfiguration.java
2026-01-28 12:25:22,293 - Knowledge - INFO - process ingested knowledge for /app/data/T0015/311196/b7970fw/internet-banking-concept-microservices-303209/internet-banking-utility-payment-service/src/main/java/com/javatodev/finance/configuration/CustomFeignClientConfiguration.java
2026-01-28 12:25:22,467 - Knowledge - INFO - Found code-base-name: https://github.com/kavia-common/internet-banking-concept-microservices-303209.git:kavia-development
2026-01-28 12:25:22,630 - Knowledge - INFO - Code base not found for https://github.com/kavia-common/internet-banking-concept-microservices-303209.git:kavia-development. Joining with Knowledge base_path: True.
2026-01-28 12:25:22,831 - Knowledge - INFO - /app/data/T0015/311196/b7970fw/internet-banking-concept-microservices-303209
2026-01-28 12:25:23,042 - Knowledge - INFO - Found code-base-name: https://github.com/kavia-common/internet-banking-concept-microservices-303209.git:kavia-development
2026-01-28 12:25:23,219 - Knowledge - INFO - Code base not found for https://github.com/kavia-common/internet-banking-concept-microservices-303209.git:kavia-development. Joining with Knowledge base_path: False.
2026-01-28 12:25:23,389 - Knowledge - INFO - /app/data/T0015/311196/b7970fw/internet-banking-concept-microservices-303209
2026-01-28 12:25:23,561 - Knowledge - INFO - persist ingested knowledge for /app/data/T0015/311196/b7970fw/internet-banking-concept-microservices-303209/internet-banking-utility-payment-service/src/main/java/com/javatodev/finance/exception/SimpleBankingGlobalException.java
2026-01-28 12:25:23,814 - Knowledge - INFO - [MONGODB_OP] Completed: persist, Collection: file_info, Duration: 99ms
2026-01-28 12:25:24,256 - Knowledge - INFO - [REDIS_OP] Completed: store_embedding, Key: internet-banking-utility-payment-service/src/main/java/com/javatodev/finance/exception/SimpleBankingGlobalException.java, Duration: 281ms
2026-01-28 12:25:24,424 - Knowledge - INFO - persist search terms embedding for internet-banking-utility-payment-service/src/main/java/com/javatodev/finance/exception/SimpleBankingGlobalException.java
2026-01-28 12:25:24,589 - Knowledge - INFO - process ingested knowledge for /app/data/T0015/311196/b7970fw/internet-banking-concept-microservices-303209/internet-banking-utility-payment-service/src/main/java/com/javatodev/finance/exception/SimpleBankingGlobalException.java
2026-01-28 12:25:24,732 - Knowledge - INFO - Found code-base-name: https://github.com/kavia-common/internet-banking-concept-microservices-303209.git:kavia-development
2026-01-28 12:25:24,897 - Knowledge - INFO - Code base not found for https://github.com/kavia-common/internet-banking-concept-microservices-303209.git:kavia-development. Joining with Knowledge base_path: True.
2026-01-28 12:25:25,082 - Knowledge - INFO - /app/data/T0015/311196/b7970fw/internet-banking-concept-microservices-303209
2026-01-28 12:25:25,329 - Knowledge - INFO - Found code-base-name: https://github.com/kavia-common/internet-banking-concept-microservices-303209.git:kavia-development
2026-01-28 12:25:25,509 - Knowledge - INFO - Code base not found for https://github.com/kavia-common/internet-banking-concept-microservices-303209.git:kavia-development. Joining with Knowledge base_path: False.
2026-01-28 12:25:25,710 - Knowledge - INFO - /app/data/T0015/311196/b7970fw/internet-banking-concept-microservices-303209
2026-01-28 12:25:25,861 - Knowledge - INFO - persist ingested knowledge for /app/data/T0015/311196/b7970fw/internet-banking-concept-microservices-303209/internet-banking-user-service/src/main/java/com/javatodev/finance/exception/SimpleBankingGlobalException.java
2026-01-28 12:25:26,160 - Knowledge - INFO - [MONGODB_OP] Completed: persist, Collection: file_info, Duration: 100ms
2026-01-28 12:25:26,558 - Knowledge - INFO - [REDIS_OP] Completed: store_embedding, Key: internet-banking-user-service/src/main/java/com/javatodev/finance/exception/SimpleBankingGlobalException.java, Duration: 219ms
2026-01-28 12:25:26,718 - Knowledge - INFO - persist search terms embedding for internet-banking-user-service/src/main/java/com/javatodev/finance/exception/SimpleBankingGlobalException.java
2026-01-28 12:25:26,903 - Knowledge - INFO - process ingested knowledge for /app/data/T0015/311196/b7970fw/internet-banking-concept-microservices-303209/internet-banking-user-service/src/main/java/com/javatodev/finance/exception/SimpleBankingGlobalException.java
2026-01-28 12:25:27,077 - Knowledge - INFO - Found code-base-name: https://github.com/kavia-common/internet-banking-concept-microservices-303209.git:kavia-development
2026-01-28 12:25:27,242 - Knowledge - INFO - Code base not found for https://github.com/kavia-common/internet-banking-concept-microservices-303209.git:kavia-development. Joining with Knowledge base_path: True.
2026-01-28 12:25:27,439 - Knowledge - INFO - /app/data/T0015/311196/b7970fw/internet-banking-concept-microservices-303209
2026-01-28 12:25:27,694 - Knowledge - INFO - Found code-base-name: https://github.com/kavia-common/internet-banking-concept-microservices-303209.git:kavia-development
2026-01-28 12:25:27,847 - Knowledge - INFO - Code base not found for https://github.com/kavia-common/internet-banking-concept-microservices-303209.git:kavia-development. Joining with Knowledge base_path: False.
2026-01-28 12:25:28,016 - Knowledge - INFO - /app/data/T0015/311196/b7970fw/internet-banking-concept-microservices-303209
2026-01-28 12:25:28,187 - Knowledge - INFO - persist ingested knowledge for /app/data/T0015/311196/b7970fw/internet-banking-concept-microservices-303209/core-banking-service/settings.gradle
2026-01-28 12:25:28,452 - Knowledge - INFO - [MONGODB_OP] Completed: persist, Collection: file_info, Duration: 83ms
2026-01-28 12:25:29,016 - Knowledge - INFO - [REDIS_OP] Completed: store_embedding, Key: core-banking-service/settings.gradle, Duration: 357ms
2026-01-28 12:25:29,189 - Knowledge - INFO - persist search terms embedding for core-banking-service/settings.gradle
2026-01-28 12:25:29,397 - Knowledge - INFO - process ingested knowledge for /app/data/T0015/311196/b7970fw/internet-banking-concept-microservices-303209/core-banking-service/settings.gradle
2026-01-28 12:25:29,568 - Knowledge - INFO - Found code-base-name: https://github.com/kavia-common/internet-banking-concept-microservices-303209.git:kavia-development
2026-01-28 12:25:29,732 - Knowledge - INFO - Code base not found for https://github.com/kavia-common/internet-banking-concept-microservices-303209.git:kavia-development. Joining with Knowledge base_path: True.
2026-01-28 12:25:29,909 - Knowledge - INFO - /app/data/T0015/311196/b7970fw/internet-banking-concept-microservices-303209
2026-01-28 12:25:30,147 - Knowledge - INFO - Found code-base-name: https://github.com/kavia-common/internet-banking-concept-microservices-303209.git:kavia-development
2026-01-28 12:25:30,343 - Knowledge - INFO - Code base not found for https://github.com/kavia-common/internet-banking-concept-microservices-303209.git:kavia-development. Joining with Knowledge base_path: False.
2026-01-28 12:25:30,548 - Knowledge - INFO - /app/data/T0015/311196/b7970fw/internet-banking-concept-microservices-303209
2026-01-28 12:25:30,763 - Knowledge - INFO - persist ingested knowledge for /app/data/T0015/311196/b7970fw/internet-banking-concept-microservices-303209/core-banking-service/src/main/java/com/javatodev/finance/repository/UserRepository.java
2026-01-28 12:25:31,043 - Knowledge - INFO - [MONGODB_OP] Completed: persist, Collection: file_info, Duration: 94ms
2026-01-28 12:25:31,577 - Knowledge - INFO - [REDIS_OP] Completed: store_embedding, Key: core-banking-service/src/main/java/com/javatodev/finance/repository/UserRepository.java, Duration: 352ms
2026-01-28 12:25:31,759 - Knowledge - INFO - persist search terms embedding for core-banking-service/src/main/java/com/javatodev/finance/repository/UserRepository.java
2026-01-28 12:25:31,963 - Knowledge - INFO - process ingested knowledge for /app/data/T0015/311196/b7970fw/internet-banking-concept-microservices-303209/core-banking-service/src/main/java/com/javatodev/finance/repository/UserRepository.java
2026-01-28 12:25:32,133 - Knowledge - INFO - Found code-base-name: https://github.com/kavia-common/internet-banking-concept-microservices-303209.git:kavia-development
2026-01-28 12:25:32,301 - Knowledge - INFO - Code base not found for https://github.com/kavia-common/internet-banking-concept-microservices-303209.git:kavia-development. Joining with Knowledge base_path: True.
2026-01-28 12:25:32,502 - Knowledge - INFO - /app/data/T0015/311196/b7970fw/internet-banking-concept-microservices-303209
2026-01-28 12:25:32,728 - Knowledge - INFO - Found code-base-name: https://github.com/kavia-common/internet-banking-concept-microservices-303209.git:kavia-development
2026-01-28 12:25:32,896 - Knowledge - INFO - Code base not found for https://github.com/kavia-common/internet-banking-concept-microservices-303209.git:kavia-development. Joining with Knowledge base_path: False.
2026-01-28 12:25:33,080 - Knowledge - INFO - /app/data/T0015/311196/b7970fw/internet-banking-concept-microservices-303209
2026-01-28 12:25:33,251 - Knowledge - INFO - persist ingested knowledge for /app/data/T0015/311196/b7970fw/internet-banking-concept-microservices-303209/core-banking-service/src/main/java/com/javatodev/finance/service/AccountService.java
2026-01-28 12:25:33,535 - Knowledge - INFO - [MONGODB_OP] Completed: persist, Collection: file_info, Duration: 114ms
2026-01-28 12:25:33,949 - Knowledge - INFO - [REDIS_OP] Completed: store_embedding, Key: core-banking-service/src/main/java/com/javatodev/finance/service/AccountService.java, Duration: 215ms
2026-01-28 12:25:34,111 - Knowledge - INFO - persist search terms embedding for core-banking-service/src/main/java/com/javatodev/finance/service/AccountService.java
2026-01-28 12:25:34,280 - Knowledge - INFO - process ingested knowledge for /app/data/T0015/311196/b7970fw/internet-banking-concept-microservices-303209/core-banking-service/src/main/java/com/javatodev/finance/service/AccountService.java
2026-01-28 12:25:34,449 - Knowledge - INFO - Found code-base-name: https://github.com/kavia-common/internet-banking-concept-microservices-303209.git:kavia-development
2026-01-28 12:25:34,619 - Knowledge - INFO - Code base not found for https://github.com/kavia-common/internet-banking-concept-microservices-303209.git:kavia-development. Joining with Knowledge base_path: True.
2026-01-28 12:25:34,783 - Knowledge - INFO - /app/data/T0015/311196/b7970fw/internet-banking-concept-microservices-303209
2026-01-28 12:25:35,031 - Knowledge - INFO - Found code-base-name: https://github.com/kavia-common/internet-banking-concept-microservices-303209.git:kavia-development
2026-01-28 12:25:35,190 - Knowledge - INFO - Code base not found for https://github.com/kavia-common/internet-banking-concept-microservices-303209.git:kavia-development. Joining with Knowledge base_path: False.
2026-01-28 12:25:35,353 - Knowledge - INFO - /app/data/T0015/311196/b7970fw/internet-banking-concept-microservices-303209
2026-01-28 12:25:35,528 - Knowledge - INFO - persist ingested knowledge for /app/data/T0015/311196/b7970fw/internet-banking-concept-microservices-303209/internet-banking-fund-transfer-service/src/main/java/com/javatodev/finance/exception/SimpleBankingGlobalException.java
2026-01-28 12:25:35,759 - Knowledge - INFO - [MONGODB_OP] Completed: persist, Collection: file_info, Duration: 78ms
2026-01-28 12:25:36,128 - Knowledge - INFO - [REDIS_OP] Completed: store_embedding, Key: internet-banking-fund-transfer-service/src/main/java/com/javatodev/finance/exception/SimpleBankingGlobalException.java, Duration: 206ms
2026-01-28 12:25:36,299 - Knowledge - INFO - persist search terms embedding for internet-banking-fund-transfer-service/src/main/java/com/javatodev/finance/exception/SimpleBankingGlobalException.java
2026-01-28 12:25:36,459 - Knowledge - INFO - process ingested knowledge for /app/data/T0015/311196/b7970fw/internet-banking-concept-microservices-303209/internet-banking-fund-transfer-service/src/main/java/com/javatodev/finance/exception/SimpleBankingGlobalException.java
2026-01-28 12:25:36,697 - Knowledge - INFO - Found code-base-name: https://github.com/kavia-common/internet-banking-concept-microservices-303209.git:kavia-development
2026-01-28 12:25:36,850 - Knowledge - INFO - Code base not found for https://github.com/kavia-common/internet-banking-concept-microservices-303209.git:kavia-development. Joining with Knowledge base_path: True.
2026-01-28 12:25:37,055 - Knowledge - INFO - /app/data/T0015/311196/b7970fw/internet-banking-concept-microservices-303209
2026-01-28 12:25:37,298 - Knowledge - INFO - Found code-base-name: https://github.com/kavia-common/internet-banking-concept-microservices-303209.git:kavia-development
2026-01-28 12:25:37,475 - Knowledge - INFO - Code base not found for https://github.com/kavia-common/internet-banking-concept-microservices-303209.git:kavia-development. Joining with Knowledge base_path: False.
2026-01-28 12:25:37,702 - Knowledge - INFO - /app/data/T0015/311196/b7970fw/internet-banking-concept-microservices-303209
2026-01-28 12:25:37,884 - Knowledge - INFO - persist ingested knowledge for /app/data/T0015/311196/b7970fw/internet-banking-concept-microservices-303209/internet-banking-fund-transfer-service/src/main/java/com/javatodev/finance/configuration/CustomFeignClientConfiguration.java
2026-01-28 12:25:38,190 - Knowledge - INFO - [MONGODB_OP] Completed: persist, Collection: file_info, Duration: 92ms
2026-01-28 12:25:38,606 - Knowledge - INFO - [REDIS_OP] Completed: store_embedding, Key: internet-banking-fund-transfer-service/src/main/java/com/javatodev/finance/configuration/CustomFeignClientConfiguration.java, Duration: 241ms
2026-01-28 12:25:38,787 - Knowledge - INFO - persist search terms embedding for internet-banking-fund-transfer-service/src/main/java/com/javatodev/finance/configuration/CustomFeignClientConfiguration.java
2026-01-28 12:25:38,966 - Knowledge - INFO - process ingested knowledge for /app/data/T0015/311196/b7970fw/internet-banking-concept-microservices-303209/internet-banking-fund-transfer-service/src/main/java/com/javatodev/finance/configuration/CustomFeignClientConfiguration.java
2026-01-28 12:25:39,185 - Knowledge - INFO - Found code-base-name: https://github.com/kavia-common/internet-banking-concept-microservices-303209.git:kavia-development
2026-01-28 12:25:39,429 - Knowledge - INFO - Code base not found for https://github.com/kavia-common/internet-banking-concept-microservices-303209.git:kavia-development. Joining with Knowledge base_path: True.
2026-01-28 12:25:39,593 - Knowledge - INFO - /app/data/T0015/311196/b7970fw/internet-banking-concept-microservices-303209
2026-01-28 12:25:39,862 - Knowledge - INFO - Found code-base-name: https://github.com/kavia-common/internet-banking-concept-microservices-303209.git:kavia-development
2026-01-28 12:25:40,067 - Knowledge - INFO - Code base not found for https://github.com/kavia-common/internet-banking-concept-microservices-303209.git:kavia-development. Joining with Knowledge base_path: False.
2026-01-28 12:25:40,216 - Knowledge - INFO - /app/data/T0015/311196/b7970fw/internet-banking-concept-microservices-303209
2026-01-28 12:25:40,401 - Knowledge - INFO - persist ingested knowledge for /app/data/T0015/311196/b7970fw/internet-banking-concept-microservices-303209/core-banking-service/src/main/java/com/javatodev/finance/model/entity/UtilityAccountEntity.java
2026-01-28 12:25:40,697 - Knowledge - INFO - [MONGODB_OP] Completed: persist, Collection: file_info, Duration: 96ms
2026-01-28 12:25:41,107 - Knowledge - INFO - [REDIS_OP] Completed: store_embedding, Key: core-banking-service/src/main/java/com/javatodev/finance/model/entity/UtilityAccountEntity.java, Duration: 218ms
2026-01-28 12:25:41,266 - Knowledge - INFO - persist search terms embedding for core-banking-service/src/main/java/com/javatodev/finance/model/entity/UtilityAccountEntity.java
2026-01-28 12:25:41,460 - Knowledge - INFO - process ingested knowledge for /app/data/T0015/311196/b7970fw/internet-banking-concept-microservices-303209/core-banking-service/src/main/java/com/javatodev/finance/model/entity/UtilityAccountEntity.java
2026-01-28 12:25:41,638 - Knowledge - INFO - Found code-base-name: https://github.com/kavia-common/internet-banking-concept-microservices-303209.git:kavia-development
2026-01-28 12:25:41,815 - Knowledge - INFO - Code base not found for https://github.com/kavia-common/internet-banking-concept-microservices-303209.git:kavia-development. Joining with Knowledge base_path: True.
2026-01-28 12:25:41,979 - Knowledge - INFO - /app/data/T0015/311196/b7970fw/internet-banking-concept-microservices-303209
2026-01-28 12:25:42,206 - Knowledge - INFO - Found code-base-name: https://github.com/kavia-common/internet-banking-concept-microservices-303209.git:kavia-development
2026-01-28 12:25:42,365 - Knowledge - INFO - Code base not found for https://github.com/kavia-common/internet-banking-concept-microservices-303209.git:kavia-development. Joining with Knowledge base_path: False.
2026-01-28 12:25:42,544 - Knowledge - INFO - /app/data/T0015/311196/b7970fw/internet-banking-concept-microservices-303209
2026-01-28 12:25:42,749 - Knowledge - INFO - persist ingested knowledge for /app/data/T0015/311196/b7970fw/internet-banking-concept-microservices-303209/internet-banking-utility-payment-service/settings.gradle
2026-01-28 12:25:42,998 - Knowledge - INFO - [MONGODB_OP] Completed: persist, Collection: file_info, Duration: 87ms
2026-01-28 12:25:43,451 - Knowledge - INFO - [REDIS_OP] Completed: store_embedding, Key: internet-banking-utility-payment-service/settings.gradle, Duration: 294ms
2026-01-28 12:25:43,609 - Knowledge - INFO - persist search terms embedding for internet-banking-utility-payment-service/settings.gradle
2026-01-28 12:25:43,791 - Knowledge - INFO - process ingested knowledge for /app/data/T0015/311196/b7970fw/internet-banking-concept-microservices-303209/internet-banking-utility-payment-service/settings.gradle
2026-01-28 12:25:44,002 - Knowledge - INFO - Found code-base-name: https://github.com/kavia-common/internet-banking-concept-microservices-303209.git:kavia-development
2026-01-28 12:25:44,178 - Knowledge - INFO - Code base not found for https://github.com/kavia-common/internet-banking-concept-microservices-303209.git:kavia-development. Joining with Knowledge base_path: True.
2026-01-28 12:25:44,380 - Knowledge - INFO - /app/data/T0015/311196/b7970fw/internet-banking-concept-microservices-303209
2026-01-28 12:25:44,602 - Knowledge - INFO - Found code-base-name: https://github.com/kavia-common/internet-banking-concept-microservices-303209.git:kavia-development
2026-01-28 12:25:44,786 - Knowledge - INFO - Code base not found for https://github.com/kavia-common/internet-banking-concept-microservices-303209.git:kavia-development. Joining with Knowledge base_path: False.
2026-01-28 12:25:44,955 - Knowledge - INFO - /app/data/T0015/311196/b7970fw/internet-banking-concept-microservices-303209
2026-01-28 12:25:45,109 - Knowledge - INFO - persist ingested knowledge for /app/data/T0015/311196/b7970fw/internet-banking-concept-microservices-303209/internet-banking-user-service/settings.gradle
2026-01-28 12:25:45,353 - Knowledge - INFO - [MONGODB_OP] Completed: persist, Collection: file_info, Duration: 83ms
2026-01-28 12:25:45,735 - Knowledge - INFO - [REDIS_OP] Completed: store_embedding, Key: internet-banking-user-service/settings.gradle, Duration: 218ms
2026-01-28 12:25:45,895 - Knowledge - INFO - persist search terms embedding for internet-banking-user-service/settings.gradle
2026-01-28 12:25:46,048 - Knowledge - INFO - process ingested knowledge for /app/data/T0015/311196/b7970fw/internet-banking-concept-microservices-303209/internet-banking-user-service/settings.gradle
2026-01-28 12:25:46,227 - Knowledge - INFO - Found code-base-name: https://github.com/kavia-common/internet-banking-concept-microservices-303209.git:kavia-development
2026-01-28 12:25:46,411 - Knowledge - INFO - Code base not found for https://github.com/kavia-common/internet-banking-concept-microservices-303209.git:kavia-development. Joining with Knowledge base_path: True.
2026-01-28 12:25:46,652 - Knowledge - INFO - /app/data/T0015/311196/b7970fw/internet-banking-concept-microservices-303209
2026-01-28 12:25:46,923 - Knowledge - INFO - Found code-base-name: https://github.com/kavia-common/internet-banking-concept-microservices-303209.git:kavia-development
2026-01-28 12:25:47,101 - Knowledge - INFO - Code base not found for https://github.com/kavia-common/internet-banking-concept-microservices-303209.git:kavia-development. Joining with Knowledge base_path: False.
2026-01-28 12:25:47,267 - Knowledge - INFO - /app/data/T0015/311196/b7970fw/internet-banking-concept-microservices-303209
2026-01-28 12:25:47,421 - Knowledge - INFO - persist ingested knowledge for /app/data/T0015/311196/b7970fw/internet-banking-concept-microservices-303209/internet-banking-fund-transfer-service/settings.gradle
2026-01-28 12:25:47,722 - Knowledge - INFO - [MONGODB_OP] Completed: persist, Collection: file_info, Duration: 88ms
2026-01-28 12:25:48,183 - Knowledge - INFO - [REDIS_OP] Completed: store_embedding, Key: internet-banking-fund-transfer-service/settings.gradle, Duration: 275ms
2026-01-28 12:25:48,341 - Knowledge - INFO - persist search terms embedding for internet-banking-fund-transfer-service/settings.gradle
2026-01-28 12:25:48,490 - Knowledge - INFO - process ingested knowledge for /app/data/T0015/311196/b7970fw/internet-banking-concept-microservices-303209/internet-banking-fund-transfer-service/settings.gradle
2026-01-28 12:25:48,728 - Knowledge - INFO - Found code-base-name: https://github.com/kavia-common/internet-banking-concept-microservices-303209.git:kavia-development
2026-01-28 12:25:48,889 - Knowledge - INFO - Code base not found for https://github.com/kavia-common/internet-banking-concept-microservices-303209.git:kavia-development. Joining with Knowledge base_path: True.
2026-01-28 12:25:49,061 - Knowledge - INFO - /app/data/T0015/311196/b7970fw/internet-banking-concept-microservices-303209
2026-01-28 12:25:49,321 - Knowledge - INFO - Found code-base-name: https://github.com/kavia-common/internet-banking-concept-microservices-303209.git:kavia-development
2026-01-28 12:25:49,491 - Knowledge - INFO - Code base not found for https://github.com/kavia-common/internet-banking-concept-microservices-303209.git:kavia-development. Joining with Knowledge base_path: False.
2026-01-28 12:25:49,710 - Knowledge - INFO - /app/data/T0015/311196/b7970fw/internet-banking-concept-microservices-303209
2026-01-28 12:25:49,889 - Knowledge - INFO - persist ingested knowledge for /app/data/T0015/311196/b7970fw/internet-banking-concept-microservices-303209/core-banking-service/src/main/java/com/javatodev/finance/model/mapper/UtilityAccountMapper.java
2026-01-28 12:25:50,175 - Knowledge - INFO - [MONGODB_OP] Completed: persist, Collection: file_info, Duration: 126ms
2026-01-28 12:25:50,519 - Knowledge - INFO - [REDIS_OP] Completed: store_embedding, Key: core-banking-service/src/main/java/com/javatodev/finance/model/mapper/UtilityAccountMapper.java, Duration: 181ms
2026-01-28 12:25:50,696 - Knowledge - INFO - persist search terms embedding for core-banking-service/src/main/java/com/javatodev/finance/model/mapper/UtilityAccountMapper.java
2026-01-28 12:25:50,952 - Knowledge - INFO - process ingested knowledge for /app/data/T0015/311196/b7970fw/internet-banking-concept-microservices-303209/core-banking-service/src/main/java/com/javatodev/finance/model/mapper/UtilityAccountMapper.java
2026-01-28 12:25:51,123 - Knowledge - INFO - Found code-base-name: https://github.com/kavia-common/internet-banking-concept-microservices-303209.git:kavia-development
2026-01-28 12:25:51,284 - Knowledge - INFO - Code base not found for https://github.com/kavia-common/internet-banking-concept-microservices-303209.git:kavia-development. Joining with Knowledge base_path: True.
2026-01-28 12:25:51,476 - Knowledge - INFO - /app/data/T0015/311196/b7970fw/internet-banking-concept-microservices-303209
2026-01-28 12:25:51,699 - Knowledge - INFO - Found code-base-name: https://github.com/kavia-common/internet-banking-concept-microservices-303209.git:kavia-development
2026-01-28 12:25:51,855 - Knowledge - INFO - Code base not found for https://github.com/kavia-common/internet-banking-concept-microservices-303209.git:kavia-development. Joining with Knowledge base_path: False.
2026-01-28 12:25:52,060 - Knowledge - INFO - /app/data/T0015/311196/b7970fw/internet-banking-concept-microservices-303209
2026-01-28 12:25:52,260 - Knowledge - INFO - persist ingested knowledge for /app/data/T0015/311196/b7970fw/internet-banking-concept-microservices-303209/internet-banking-user-service/src/main/java/com/javatodev/finance/model/repository/UserRepository.java
2026-01-28 12:25:52,512 - Knowledge - INFO - [MONGODB_OP] Completed: persist, Collection: file_info, Duration: 97ms
2026-01-28 12:25:52,869 - Knowledge - INFO - [REDIS_OP] Completed: store_embedding, Key: internet-banking-user-service/src/main/java/com/javatodev/finance/model/repository/UserRepository.java, Duration: 191ms
2026-01-28 12:25:53,043 - Knowledge - INFO - persist search terms embedding for internet-banking-user-service/src/main/java/com/javatodev/finance/model/repository/UserRepository.java
2026-01-28 12:25:53,203 - Knowledge - INFO - process ingested knowledge for /app/data/T0015/311196/b7970fw/internet-banking-concept-microservices-303209/internet-banking-user-service/src/main/java/com/javatodev/finance/model/repository/UserRepository.java
2026-01-28 12:25:53,368 - Knowledge - INFO - Found code-base-name: https://github.com/kavia-common/internet-banking-concept-microservices-303209.git:kavia-development
2026-01-28 12:25:53,525 - Knowledge - INFO - Code base not found for https://github.com/kavia-common/internet-banking-concept-microservices-303209.git:kavia-development. Joining with Knowledge base_path: True.
2026-01-28 12:25:53,711 - Knowledge - INFO - /app/data/T0015/311196/b7970fw/internet-banking-concept-microservices-303209
2026-01-28 12:25:53,963 - Knowledge - INFO - Found code-base-name: https://github.com/kavia-common/internet-banking-concept-microservices-303209.git:kavia-development
2026-01-28 12:25:54,141 - Knowledge - INFO - Code base not found for https://github.com/kavia-common/internet-banking-concept-microservices-303209.git:kavia-development. Joining with Knowledge base_path: False.
2026-01-28 12:25:54,308 - Knowledge - INFO - /app/data/T0015/311196/b7970fw/internet-banking-concept-microservices-303209
2026-01-28 12:25:54,505 - Knowledge - INFO - persist ingested knowledge for /app/data/T0015/311196/b7970fw/internet-banking-concept-microservices-303209/core-banking-service/src/main/java/com/javatodev/finance/exception/SimpleBankingGlobalException.java
2026-01-28 12:25:54,774 - Knowledge - INFO - [MONGODB_OP] Completed: persist, Collection: file_info, Duration: 90ms
2026-01-28 12:25:55,201 - Knowledge - INFO - [REDIS_OP] Completed: store_embedding, Key: core-banking-service/src/main/java/com/javatodev/finance/exception/SimpleBankingGlobalException.java, Duration: 270ms
2026-01-28 12:25:55,371 - Knowledge - INFO - persist search terms embedding for core-banking-service/src/main/java/com/javatodev/finance/exception/SimpleBankingGlobalException.java
2026-01-28 12:25:55,539 - Knowledge - INFO - process ingested knowledge for /app/data/T0015/311196/b7970fw/internet-banking-concept-microservices-303209/core-banking-service/src/main/java/com/javatodev/finance/exception/SimpleBankingGlobalException.java
2026-01-28 12:25:55,745 - Knowledge - INFO - Found code-base-name: https://github.com/kavia-common/internet-banking-concept-microservices-303209.git:kavia-development
2026-01-28 12:25:55,920 - Knowledge - INFO - Code base not found for https://github.com/kavia-common/internet-banking-concept-microservices-303209.git:kavia-development. Joining with Knowledge base_path: True.
2026-01-28 12:25:56,129 - Knowledge - INFO - /app/data/T0015/311196/b7970fw/internet-banking-concept-microservices-303209
2026-01-28 12:25:56,361 - Knowledge - INFO - Found code-base-name: https://github.com/kavia-common/internet-banking-concept-microservices-303209.git:kavia-development
2026-01-28 12:25:56,537 - Knowledge - INFO - Code base not found for https://github.com/kavia-common/internet-banking-concept-microservices-303209.git:kavia-development. Joining with Knowledge base_path: False.
2026-01-28 12:25:56,730 - Knowledge - INFO - /app/data/T0015/311196/b7970fw/internet-banking-concept-microservices-303209
2026-01-28 12:25:56,903 - Knowledge - INFO - persist ingested knowledge for /app/data/T0015/311196/b7970fw/internet-banking-concept-microservices-303209/internet-banking-fund-transfer-service/src/main/java/com/javatodev/finance/service/rest/client/BankingCoreFeignClient.java
2026-01-28 12:25:57,208 - Knowledge - INFO - [MONGODB_OP] Completed: persist, Collection: file_info, Duration: 87ms
2026-01-28 12:25:57,643 - Knowledge - INFO - [REDIS_OP] Completed: store_embedding, Key: internet-banking-fund-transfer-service/src/main/java/com/javatodev/finance/service/rest/client/BankingCoreFeignClient.java, Duration: 265ms
2026-01-28 12:25:57,808 - Knowledge - INFO - persist search terms embedding for internet-banking-fund-transfer-service/src/main/java/com/javatodev/finance/service/rest/client/BankingCoreFeignClient.java
2026-01-28 12:25:57,975 - Knowledge - INFO - process ingested knowledge for /app/data/T0015/311196/b7970fw/internet-banking-concept-microservices-303209/internet-banking-fund-transfer-service/src/main/java/com/javatodev/finance/service/rest/client/BankingCoreFeignClient.java
2026-01-28 12:25:58,184 - Knowledge - INFO - Found code-base-name: https://github.com/kavia-common/internet-banking-concept-microservices-303209.git:kavia-development
2026-01-28 12:25:58,340 - Knowledge - INFO - Code base not found for https://github.com/kavia-common/internet-banking-concept-microservices-303209.git:kavia-development. Joining with Knowledge base_path: True.
2026-01-28 12:25:58,545 - Knowledge - INFO - /app/data/T0015/311196/b7970fw/internet-banking-concept-microservices-303209
2026-01-28 12:25:58,832 - Knowledge - INFO - Found code-base-name: https://github.com/kavia-common/internet-banking-concept-microservices-303209.git:kavia-development
2026-01-28 12:25:59,009 - Knowledge - INFO - Code base not found for https://github.com/kavia-common/internet-banking-concept-microservices-303209.git:kavia-development. Joining with Knowledge base_path: False.
2026-01-28 12:25:59,215 - Knowledge - INFO - /app/data/T0015/311196/b7970fw/internet-banking-concept-microservices-303209
2026-01-28 12:25:59,381 - Knowledge - INFO - persist ingested knowledge for /app/data/T0015/311196/b7970fw/internet-banking-concept-microservices-303209/internet-banking-config-server/src/main/resources/application.yml
2026-01-28 12:25:59,676 - Knowledge - INFO - [MONGODB_OP] Completed: persist, Collection: file_info, Duration: 99ms
2026-01-28 12:26:00,399 - Knowledge - INFO - [REDIS_OP] Completed: store_embedding, Key: internet-banking-config-server/src/main/resources/application.yml, Duration: 545ms
2026-01-28 12:26:00,585 - Knowledge - INFO - persist search terms embedding for internet-banking-config-server/src/main/resources/application.yml
2026-01-28 12:26:00,798 - Knowledge - INFO - process ingested knowledge for /app/data/T0015/311196/b7970fw/internet-banking-concept-microservices-303209/internet-banking-config-server/src/main/resources/application.yml
2026-01-28 12:26:00,964 - Knowledge - INFO - Found code-base-name: https://github.com/kavia-common/internet-banking-concept-microservices-303209.git:kavia-development
2026-01-28 12:26:01,155 - Knowledge - INFO - Code base not found for https://github.com/kavia-common/internet-banking-concept-microservices-303209.git:kavia-development. Joining with Knowledge base_path: True.
2026-01-28 12:26:01,338 - Knowledge - INFO - /app/data/T0015/311196/b7970fw/internet-banking-concept-microservices-303209
2026-01-28 12:26:01,583 - Knowledge - INFO - Found code-base-name: https://github.com/kavia-common/internet-banking-concept-microservices-303209.git:kavia-development
2026-01-28 12:26:01,788 - Knowledge - INFO - Code base not found for https://github.com/kavia-common/internet-banking-concept-microservices-303209.git:kavia-development. Joining with Knowledge base_path: False.
2026-01-28 12:26:01,955 - Knowledge - INFO - /app/data/T0015/311196/b7970fw/internet-banking-concept-microservices-303209
2026-01-28 12:26:02,126 - Knowledge - INFO - persist ingested knowledge for /app/data/T0015/311196/b7970fw/internet-banking-concept-microservices-303209/core-banking-service/src/main/java/com/javatodev/finance/model/mapper/BankAccountMapper.java
2026-01-28 12:26:02,390 - Knowledge - INFO - [MONGODB_OP] Completed: persist, Collection: file_info, Duration: 111ms
2026-01-28 12:26:02,788 - Knowledge - INFO - [REDIS_OP] Completed: store_embedding, Key: core-banking-service/src/main/java/com/javatodev/finance/model/mapper/BankAccountMapper.java, Duration: 213ms
2026-01-28 12:26:02,936 - Knowledge - INFO - persist search terms embedding for core-banking-service/src/main/java/com/javatodev/finance/model/mapper/BankAccountMapper.java
2026-01-28 12:26:03,098 - Knowledge - INFO - process ingested knowledge for /app/data/T0015/311196/b7970fw/internet-banking-concept-microservices-303209/core-banking-service/src/main/java/com/javatodev/finance/model/mapper/BankAccountMapper.java
2026-01-28 12:26:03,266 - Knowledge - INFO - Found code-base-name: https://github.com/kavia-common/internet-banking-concept-microservices-303209.git:kavia-development
2026-01-28 12:26:03,416 - Knowledge - INFO - Code base not found for https://github.com/kavia-common/internet-banking-concept-microservices-303209.git:kavia-development. Joining with Knowledge base_path: True.
2026-01-28 12:26:03,569 - Knowledge - INFO - /app/data/T0015/311196/b7970fw/internet-banking-concept-microservices-303209
2026-01-28 12:26:03,795 - Knowledge - INFO - Found code-base-name: https://github.com/kavia-common/internet-banking-concept-microservices-303209.git:kavia-development
2026-01-28 12:26:03,960 - Knowledge - INFO - Code base not found for https://github.com/kavia-common/internet-banking-concept-microservices-303209.git:kavia-development. Joining with Knowledge base_path: False.
2026-01-28 12:26:04,128 - Knowledge - INFO - /app/data/T0015/311196/b7970fw/internet-banking-concept-microservices-303209
2026-01-28 12:26:04,314 - Knowledge - INFO - persist ingested knowledge for /app/data/T0015/311196/b7970fw/internet-banking-concept-microservices-303209/internet-banking-user-service/src/main/java/com/javatodev/finance/controller/UserController.java
2026-01-28 12:26:04,567 - Knowledge - INFO - [MONGODB_OP] Completed: persist, Collection: file_info, Duration: 88ms
2026-01-28 12:26:05,026 - Knowledge - INFO - [REDIS_OP] Completed: store_embedding, Key: internet-banking-user-service/src/main/java/com/javatodev/finance/controller/UserController.java, Duration: 264ms
2026-01-28 12:26:05,181 - Knowledge - INFO - persist search terms embedding for internet-banking-user-service/src/main/java/com/javatodev/finance/controller/UserController.java
2026-01-28 12:26:05,360 - Knowledge - INFO - process ingested knowledge for /app/data/T0015/311196/b7970fw/internet-banking-concept-microservices-303209/internet-banking-user-service/src/main/java/com/javatodev/finance/controller/UserController.java
2026-01-28 12:26:05,547 - Knowledge - INFO - Found code-base-name: https://github.com/kavia-common/internet-banking-concept-microservices-303209.git:kavia-development
2026-01-28 12:26:05,734 - Knowledge - INFO - Code base not found for https://github.com/kavia-common/internet-banking-concept-microservices-303209.git:kavia-development. Joining with Knowledge base_path: True.
2026-01-28 12:26:05,915 - Knowledge - INFO - /app/data/T0015/311196/b7970fw/internet-banking-concept-microservices-303209
2026-01-28 12:26:06,153 - Knowledge - INFO - Found code-base-name: https://github.com/kavia-common/internet-banking-concept-microservices-303209.git:kavia-development
2026-01-28 12:26:06,312 - Knowledge - INFO - Code base not found for https://github.com/kavia-common/internet-banking-concept-microservices-303209.git:kavia-development. Joining with Knowledge base_path: False.
2026-01-28 12:26:06,507 - Knowledge - INFO - /app/data/T0015/311196/b7970fw/internet-banking-concept-microservices-303209
2026-01-28 12:26:06,706 - Knowledge - INFO - persist ingested knowledge for /app/data/T0015/311196/b7970fw/internet-banking-concept-microservices-303209/core-banking-service/src/main/java/com/javatodev/finance/model/entity/BankAccountEntity.java
2026-01-28 12:26:06,976 - Knowledge - INFO - [MONGODB_OP] Completed: persist, Collection: file_info, Duration: 97ms
2026-01-28 12:26:07,446 - Knowledge - INFO - [REDIS_OP] Completed: store_embedding, Key: core-banking-service/src/main/java/com/javatodev/finance/model/entity/BankAccountEntity.java, Duration: 262ms
2026-01-28 12:26:07,621 - Knowledge - INFO - persist search terms embedding for core-banking-service/src/main/java/com/javatodev/finance/model/entity/BankAccountEntity.java
2026-01-28 12:26:07,942 - Knowledge - INFO - process ingested knowledge for /app/data/T0015/311196/b7970fw/internet-banking-concept-microservices-303209/core-banking-service/src/main/java/com/javatodev/finance/model/entity/BankAccountEntity.java
2026-01-28 12:26:08,121 - Knowledge - INFO - Loaded 146 files from persisted knowledge
2026-01-28 12:26:08,285 - Knowledge - INFO - load persisted knowledge: end
2026-01-28 12:26:08,459 - Knowledge - INFO - Redis support added with prefix knowledge:b7970fw:
2026-01-28 12:26:09,301 - Knowledge - INFO - Starting knowledge initialization for ID: xPyKwj-b7970fw
2026-01-28 12:26:09,475 - Knowledge - INFO - 🔍 Checking Redis for build_id: b7970fw
2026-01-28 12:26:09,673 - Knowledge - INFO - 🔍 Full session ID: xPyKwj-b7970fw
2026-01-28 12:26:09,835 - Knowledge - INFO - 🔍 Redis prefix will be: knowledge:b7970fw:
2026-01-28 12:26:10,033 - Knowledge - INFO - 🔍 Using attached load_from_redis() method
2026-01-28 12:26:10,189 - Knowledge - INFO - 🔍 Attempting to load knowledge from Redis...
2026-01-28 12:26:10,355 - Knowledge - INFO - 🔍 Using derived instance_id for Redis lookup: b7970fw
2026-01-28 12:26:10,548 - Knowledge - WARNING - ❌ No Redis cache found
2026-01-28 12:26:10,723 - Knowledge - INFO - 📁 Loading knowledge from disk...
2026-01-28 12:26:10,954 - Knowledge - INFO - load persisted docinfo: begin
2026-01-28 12:26:11,151 - Knowledge - INFO - load persisted docinfo: end
2026-01-28 12:26:11,361 - Knowledge - INFO - 🔍 _load_persisted_knowledge called - checking for Redis optimization
2026-01-28 12:26:11,548 - Knowledge - INFO - ✅ load_from_redis method found - attempting Redis load
2026-01-28 12:26:11,742 - Knowledge - INFO - 🔍 Attempting to load knowledge from Redis...
2026-01-28 12:26:11,902 - Knowledge - INFO - 🔍 Using derived instance_id for Redis lookup: b7970fw
2026-01-28 12:26:12,065 - Knowledge - WARNING - ❌ No Redis cache found
2026-01-28 12:26:12,269 - Knowledge - INFO - ❌ Redis load returned False - falling back to file loading
2026-01-28 12:26:12,427 - Knowledge - INFO - load persisted knowledge: begin
2026-01-28 12:26:13,983 - Knowledge - INFO - Persisted knowledge files in /app/data/T0015/311196/b7970fw/internet-banking-concept-microservices-303209/.knowledge have been renamed to use .json
2026-01-28 12:26:14,193 - Knowledge - INFO - Found code-base-name: https://github.com/kavia-common/internet-banking-concept-microservices-303209.git:kavia-development
2026-01-28 12:26:14,354 - Knowledge - INFO - Code base not found for https://github.com/kavia-common/internet-banking-concept-microservices-303209.git:kavia-development. Joining with Knowledge base_path: True.
2026-01-28 12:26:14,516 - Knowledge - INFO - /app/data/T0015/311196/b7970fw/internet-banking-concept-microservices-303209
2026-01-28 12:26:14,678 - Knowledge - INFO - process ingested knowledge for /app/data/T0015/311196/b7970fw/internet-banking-concept-microservices-303209/internet-banking-user-service/src/main/java/com/javatodev/finance/exception/EntityNotFoundException.java
2026-01-28 12:26:14,840 - Knowledge - INFO - Found code-base-name: https://github.com/kavia-common/internet-banking-concept-microservices-303209.git:kavia-development
2026-01-28 12:26:15,010 - Knowledge - INFO - Code base not found for https://github.com/kavia-common/internet-banking-concept-microservices-303209.git:kavia-development. Joining with Knowledge base_path: True.
2026-01-28 12:26:15,228 - Knowledge - INFO - /app/data/T0015/311196/b7970fw/internet-banking-concept-microservices-303209
2026-01-28 12:26:15,382 - Knowledge - INFO - process ingested knowledge for /app/data/T0015/311196/b7970fw/internet-banking-concept-microservices-303209/internet-banking-utility-payment-service/src/main/java/com/javatodev/finance/exception/ErrorResponse.java
2026-01-28 12:26:15,606 - Knowledge - INFO - Found code-base-name: https://github.com/kavia-common/internet-banking-concept-microservices-303209.git:kavia-development
2026-01-28 12:26:15,769 - Knowledge - INFO - Code base not found for https://github.com/kavia-common/internet-banking-concept-microservices-303209.git:kavia-development. Joining with Knowledge base_path: True.
2026-01-28 12:26:15,964 - Knowledge - INFO - /app/data/T0015/311196/b7970fw/internet-banking-concept-microservices-303209
2026-01-28 12:26:16,187 - Knowledge - INFO - process ingested knowledge for /app/data/T0015/311196/b7970fw/internet-banking-concept-microservices-303209/internet-banking-user-service/src/main/java/com/javatodev/finance/configuration/KeycloakProperties.java
2026-01-28 12:26:16,348 - Knowledge - INFO - Found code-base-name: https://github.com/kavia-common/internet-banking-concept-microservices-303209.git:kavia-development
2026-01-28 12:26:16,514 - Knowledge - INFO - Code base not found for https://github.com/kavia-common/internet-banking-concept-microservices-303209.git:kavia-development. Joining with Knowledge base_path: True.
2026-01-28 12:26:16,684 - Knowledge - INFO - /app/data/T0015/311196/b7970fw/internet-banking-concept-microservices-303209
2026-01-28 12:26:16,849 - Knowledge - INFO - process ingested knowledge for /app/data/T0015/311196/b7970fw/internet-banking-concept-microservices-303209/internet-banking-user-service/src/main/java/com/javatodev/finance/exception/ErrorResponse.java
2026-01-28 12:26:17,013 - Knowledge - INFO - Found code-base-name: https://github.com/kavia-common/internet-banking-concept-microservices-303209.git:kavia-development
2026-01-28 12:26:17,182 - Knowledge - INFO - Code base not found for https://github.com/kavia-common/internet-banking-concept-microservices-303209.git:kavia-development. Joining with Knowledge base_path: True.
2026-01-28 12:26:17,351 - Knowledge - INFO - /app/data/T0015/311196/b7970fw/internet-banking-concept-microservices-303209
2026-01-28 12:26:17,509 - Knowledge - INFO - process ingested knowledge for /app/data/T0015/311196/b7970fw/internet-banking-concept-microservices-303209/internet-banking-service-registry/build.gradle
2026-01-28 12:26:17,679 - Knowledge - INFO - Found code-base-name: https://github.com/kavia-common/internet-banking-concept-microservices-303209.git:kavia-development
2026-01-28 12:26:17,841 - Knowledge - INFO - Code base not found for https://github.com/kavia-common/internet-banking-concept-microservices-303209.git:kavia-development. Joining with Knowledge base_path: True.
2026-01-28 12:26:18,039 - Knowledge - INFO - /app/data/T0015/311196/b7970fw/internet-banking-concept-microservices-303209
2026-01-28 12:26:18,238 - Knowledge - INFO - process ingested knowledge for /app/data/T0015/311196/b7970fw/internet-banking-concept-microservices-303209/core-banking-service/src/main/resources/bootstrap.yml
2026-01-28 12:26:18,413 - Knowledge - INFO - Found code-base-name: https://github.com/kavia-common/internet-banking-concept-microservices-303209.git:kavia-development
2026-01-28 12:26:18,601 - Knowledge - INFO - Code base not found for https://github.com/kavia-common/internet-banking-concept-microservices-303209.git:kavia-development. Joining with Knowledge base_path: True.
2026-01-28 12:26:18,809 - Knowledge - INFO - /app/data/T0015/311196/b7970fw/internet-banking-concept-microservices-303209
2026-01-28 12:26:18,980 - Knowledge - INFO - process ingested knowledge for /app/data/T0015/311196/b7970fw/internet-banking-concept-microservices-303209/internet-banking-fund-transfer-service/src/main/java/com/javatodev/finance/exception/ErrorResponse.java
2026-01-28 12:26:19,158 - Knowledge - INFO - Found code-base-name: https://github.com/kavia-common/internet-banking-concept-microservices-303209.git:kavia-development
2026-01-28 12:26:19,317 - Knowledge - INFO - Code base not found for https://github.com/kavia-common/internet-banking-concept-microservices-303209.git:kavia-development. Joining with Knowledge base_path: True.
2026-01-28 12:26:19,537 - Knowledge - INFO - /app/data/T0015/311196/b7970fw/internet-banking-concept-microservices-303209
2026-01-28 12:26:19,732 - Knowledge - INFO - process ingested knowledge for /app/data/T0015/311196/b7970fw/internet-banking-concept-microservices-303209/internet-banking-user-service/src/main/java/com/javatodev/finance/InternetBankingUserServiceApplication.java
2026-01-28 12:26:19,929 - Knowledge - INFO - Found code-base-name: https://github.com/kavia-common/internet-banking-concept-microservices-303209.git:kavia-development
2026-01-28 12:26:20,089 - Knowledge - INFO - Code base not found for https://github.com/kavia-common/internet-banking-concept-microservices-303209.git:kavia-development. Joining with Knowledge base_path: True.
2026-01-28 12:26:20,271 - Knowledge - INFO - /app/data/T0015/311196/b7970fw/internet-banking-concept-microservices-303209
2026-01-28 12:26:20,430 - Knowledge - INFO - process ingested knowledge for /app/data/T0015/311196/b7970fw/internet-banking-concept-microservices-303209/internet-banking-user-service/src/main/java/com/javatodev/finance/model/rest/response/AccountResponse.java
2026-01-28 12:26:20,611 - Knowledge - INFO - Found code-base-name: https://github.com/kavia-common/internet-banking-concept-microservices-303209.git:kavia-development
2026-01-28 12:26:20,783 - Knowledge - INFO - Code base not found for https://github.com/kavia-common/internet-banking-concept-microservices-303209.git:kavia-development. Joining with Knowledge base_path: True.
2026-01-28 12:26:20,958 - Knowledge - INFO - /app/data/T0015/311196/b7970fw/internet-banking-concept-microservices-303209
2026-01-28 12:26:21,142 - Knowledge - INFO - process ingested knowledge for /app/data/T0015/311196/b7970fw/internet-banking-concept-microservices-303209/internet-banking-utility-payment-service/src/main/java/com/javatodev/finance/model/rest/response/AccountResponse.java
2026-01-28 12:26:21,336 - Knowledge - INFO - Found code-base-name: https://github.com/kavia-common/internet-banking-concept-microservices-303209.git:kavia-development
2026-01-28 12:26:21,504 - Knowledge - INFO - Code base not found for https://github.com/kavia-common/internet-banking-concept-microservices-303209.git:kavia-development. Joining with Knowledge base_path: True.
2026-01-28 12:26:21,663 - Knowledge - INFO - /app/data/T0015/311196/b7970fw/internet-banking-concept-microservices-303209
2026-01-28 12:26:21,860 - Knowledge - INFO - process ingested knowledge for /app/data/T0015/311196/b7970fw/internet-banking-concept-microservices-303209/internet-banking-api-gateway/src/main/resources/bootstrap.yml
2026-01-28 12:26:22,108 - Knowledge - INFO - Found code-base-name: https://github.com/kavia-common/internet-banking-concept-microservices-303209.git:kavia-development
2026-01-28 12:26:22,305 - Knowledge - INFO - Code base not found for https://github.com/kavia-common/internet-banking-concept-microservices-303209.git:kavia-development. Joining with Knowledge base_path: True.
2026-01-28 12:26:22,521 - Knowledge - INFO - /app/data/T0015/311196/b7970fw/internet-banking-concept-microservices-303209
2026-01-28 12:26:22,717 - Knowledge - INFO - process ingested knowledge for /app/data/T0015/311196/b7970fw/internet-banking-concept-microservices-303209/internet-banking-api-gateway/src/main/java/com/javatodev/finance/InternetBankingApiGatewayApplication.java
2026-01-28 12:26:22,876 - Knowledge - INFO - Found code-base-name: https://github.com/kavia-common/internet-banking-concept-microservices-303209.git:kavia-development
2026-01-28 12:26:23,063 - Knowledge - INFO - Code base not found for https://github.com/kavia-common/internet-banking-concept-microservices-303209.git:kavia-development. Joining with Knowledge base_path: True.
2026-01-28 12:26:23,288 - Knowledge - INFO - /app/data/T0015/311196/b7970fw/internet-banking-concept-microservices-303209
2026-01-28 12:26:23,473 - Knowledge - INFO - process ingested knowledge for /app/data/T0015/311196/b7970fw/internet-banking-concept-microservices-303209/internet-banking-config-server/src/test/java/com/javatodev/finance/InternetBankingConfigServerApplicationTests.java
2026-01-28 12:26:23,637 - Knowledge - INFO - Found code-base-name: https://github.com/kavia-common/internet-banking-concept-microservices-303209.git:kavia-development
2026-01-28 12:26:23,797 - Knowledge - INFO - Code base not found for https://github.com/kavia-common/internet-banking-concept-microservices-303209.git:kavia-development. Joining with Knowledge base_path: True.
2026-01-28 12:26:23,998 - Knowledge - INFO - /app/data/T0015/311196/b7970fw/internet-banking-concept-microservices-303209
2026-01-28 12:26:24,170 - Knowledge - INFO - process ingested knowledge for /app/data/T0015/311196/b7970fw/internet-banking-concept-microservices-303209/internet-banking-fund-transfer-service/src/main/java/com/javatodev/finance/model/entity/FundTransferEntity.java
2026-01-28 12:26:24,342 - Knowledge - INFO - Found code-base-name: https://github.com/kavia-common/internet-banking-concept-microservices-303209.git:kavia-development
2026-01-28 12:26:24,547 - Knowledge - INFO - Code base not found for https://github.com/kavia-common/internet-banking-concept-microservices-303209.git:kavia-development. Joining with Knowledge base_path: True.
2026-01-28 12:26:24,709 - Knowledge - INFO - /app/data/T0015/311196/b7970fw/internet-banking-concept-microservices-303209
2026-01-28 12:26:24,863 - Knowledge - INFO - process ingested knowledge for /app/data/T0015/311196/b7970fw/internet-banking-concept-microservices-303209/core-banking-service/src/main/java/com/javatodev/finance/exception/EntityNotFoundException.java
2026-01-28 12:26:25,038 - Knowledge - INFO - Found code-base-name: https://github.com/kavia-common/internet-banking-concept-microservices-303209.git:kavia-development
2026-01-28 12:26:25,197 - Knowledge - INFO - Code base not found for https://github.com/kavia-common/internet-banking-concept-microservices-303209.git:kavia-development. Joining with Knowledge base_path: True.
2026-01-28 12:26:25,366 - Knowledge - INFO - /app/data/T0015/311196/b7970fw/internet-banking-concept-microservices-303209
2026-01-28 12:26:25,561 - Knowledge - INFO - process ingested knowledge for /app/data/T0015/311196/b7970fw/internet-banking-concept-microservices-303209/internet-banking-utility-payment-service/src/main/java/com/javatodev/finance/model/entity/UtilityPaymentEntity.java
2026-01-28 12:26:25,724 - Knowledge - INFO - Found code-base-name: https://github.com/kavia-common/internet-banking-concept-microservices-303209.git:kavia-development
2026-01-28 12:26:25,894 - Knowledge - INFO - Code base not found for https://github.com/kavia-common/internet-banking-concept-microservices-303209.git:kavia-development. Joining with Knowledge base_path: True.
2026-01-28 12:26:26,046 - Knowledge - INFO - /app/data/T0015/311196/b7970fw/internet-banking-concept-microservices-303209
2026-01-28 12:26:26,222 - Knowledge - INFO - process ingested knowledge for /app/data/T0015/311196/b7970fw/internet-banking-concept-microservices-303209/core-banking-service/src/main/java/com/javatodev/finance/exception/ErrorResponse.java
2026-01-28 12:26:26,429 - Knowledge - INFO - Found code-base-name: https://github.com/kavia-common/internet-banking-concept-microservices-303209.git:kavia-development
2026-01-28 12:26:26,607 - Knowledge - INFO - Code base not found for https://github.com/kavia-common/internet-banking-concept-microservices-303209.git:kavia-development. Joining with Knowledge base_path: True.
2026-01-28 12:26:26,848 - Knowledge - INFO - /app/data/T0015/311196/b7970fw/internet-banking-concept-microservices-303209
2026-01-28 12:26:27,020 - Knowledge - INFO - process ingested knowledge for /app/data/T0015/311196/b7970fw/internet-banking-concept-microservices-303209/internet-banking-user-service/src/main/java/com/javatodev/finance/configuration/CustomFeignErrorDecoder.java
2026-01-28 12:26:27,192 - Knowledge - INFO - Found code-base-name: https://github.com/kavia-common/internet-banking-concept-microservices-303209.git:kavia-development
2026-01-28 12:26:27,373 - Knowledge - INFO - Code base not found for https://github.com/kavia-common/internet-banking-concept-microservices-303209.git:kavia-development. Joining with Knowledge base_path: True.
2026-01-28 12:26:27,537 - Knowledge - INFO - /app/data/T0015/311196/b7970fw/internet-banking-concept-microservices-303209
2026-01-28 12:26:27,697 - Knowledge - INFO - process ingested knowledge for /app/data/T0015/311196/b7970fw/internet-banking-concept-microservices-303209/internet-banking-config-server/settings.gradle
2026-01-28 12:26:27,892 - Knowledge - INFO - Found code-base-name: https://github.com/kavia-common/internet-banking-concept-microservices-303209.git:kavia-development
2026-01-28 12:26:28,084 - Knowledge - INFO - Code base not found for https://github.com/kavia-common/internet-banking-concept-microservices-303209.git:kavia-development. Joining with Knowledge base_path: True.
2026-01-28 12:26:28,235 - Knowledge - INFO - /app/data/T0015/311196/b7970fw/internet-banking-concept-microservices-303209
2026-01-28 12:26:28,451 - Knowledge - INFO - process ingested knowledge for /app/data/T0015/311196/b7970fw/internet-banking-concept-microservices-303209/core-banking-service/src/main/java/com/javatodev/finance/service/TransactionService.java
2026-01-28 12:26:28,664 - Knowledge - INFO - Found code-base-name: https://github.com/kavia-common/internet-banking-concept-microservices-303209.git:kavia-development
2026-01-28 12:26:28,862 - Knowledge - INFO - Code base not found for https://github.com/kavia-common/internet-banking-concept-microservices-303209.git:kavia-development. Joining with Knowledge base_path: True.
2026-01-28 12:26:29,064 - Knowledge - INFO - /app/data/T0015/311196/b7970fw/internet-banking-concept-microservices-303209
2026-01-28 12:26:29,250 - Knowledge - INFO - process ingested knowledge for /app/data/T0015/311196/b7970fw/internet-banking-concept-microservices-303209/internet-banking-utility-payment-service/src/main/java/com/javatodev/finance/model/mapper/UtilityPaymentMapper.java
2026-01-28 12:26:29,420 - Knowledge - INFO - Found code-base-name: https://github.com/kavia-common/internet-banking-concept-microservices-303209.git:kavia-development
2026-01-28 12:26:29,591 - Knowledge - INFO - Code base not found for https://github.com/kavia-common/internet-banking-concept-microservices-303209.git:kavia-development. Joining with Knowledge base_path: True.
2026-01-28 12:26:29,779 - Knowledge - INFO - /app/data/T0015/311196/b7970fw/internet-banking-concept-microservices-303209
2026-01-28 12:26:29,955 - Knowledge - INFO - process ingested knowledge for /app/data/T0015/311196/b7970fw/internet-banking-concept-microservices-303209/internet-banking-fund-transfer-service/src/main/java/com/javatodev/finance/model/mapper/FundTransferMapper.java
2026-01-28 12:26:30,156 - Knowledge - INFO - Found code-base-name: https://github.com/kavia-common/internet-banking-concept-microservices-303209.git:kavia-development
2026-01-28 12:26:30,339 - Knowledge - INFO - Code base not found for https://github.com/kavia-common/internet-banking-concept-microservices-303209.git:kavia-development. Joining with Knowledge base_path: True.
2026-01-28 12:26:30,545 - Knowledge - INFO - /app/data/T0015/311196/b7970fw/internet-banking-concept-microservices-303209
2026-01-28 12:26:30,714 - Knowledge - INFO - process ingested knowledge for /app/data/T0015/311196/b7970fw/internet-banking-concept-microservices-303209/internet-banking-service-registry/src/main/java/com/javatodev/finance/InternetBankingServiceRegistryApplication.java
2026-01-28 12:26:30,898 - Knowledge - INFO - Found code-base-name: https://github.com/kavia-common/internet-banking-concept-microservices-303209.git:kavia-development
2026-01-28 12:26:31,097 - Knowledge - INFO - Code base not found for https://github.com/kavia-common/internet-banking-concept-microservices-303209.git:kavia-development. Joining with Knowledge base_path: True.
2026-01-28 12:26:31,263 - Knowledge - INFO - /app/data/T0015/311196/b7970fw/internet-banking-concept-microservices-303209
2026-01-28 12:26:31,446 - Knowledge - INFO - process ingested knowledge for /app/data/T0015/311196/b7970fw/internet-banking-concept-microservices-303209/core-banking-service/src/main/java/com/javatodev/finance/model/dto/UtilityAccount.java
2026-01-28 12:26:31,617 - Knowledge - INFO - Found code-base-name: https://github.com/kavia-common/internet-banking-concept-microservices-303209.git:kavia-development
2026-01-28 12:26:31,813 - Knowledge - INFO - Code base not found for https://github.com/kavia-common/internet-banking-concept-microservices-303209.git:kavia-development. Joining with Knowledge base_path: True.
2026-01-28 12:26:31,998 - Knowledge - INFO - /app/data/T0015/311196/b7970fw/internet-banking-concept-microservices-303209
2026-01-28 12:26:32,198 - Knowledge - INFO - process ingested knowledge for /app/data/T0015/311196/b7970fw/internet-banking-concept-microservices-303209/core-banking-service/src/main/java/com/javatodev/finance/model/dto/BankAccount.java
2026-01-28 12:26:32,373 - Knowledge - INFO - Found code-base-name: https://github.com/kavia-common/internet-banking-concept-microservices-303209.git:kavia-development
2026-01-28 12:26:32,610 - Knowledge - INFO - Code base not found for https://github.com/kavia-common/internet-banking-concept-microservices-303209.git:kavia-development. Joining with Knowledge base_path: True.
2026-01-28 12:26:32,783 - Knowledge - INFO - /app/data/T0015/311196/b7970fw/internet-banking-concept-microservices-303209
2026-01-28 12:26:32,964 - Knowledge - INFO - process ingested knowledge for /app/data/T0015/311196/b7970fw/internet-banking-concept-microservices-303209/core-banking-service/src/main/java/com/javatodev/finance/model/entity/TransactionEntity.java
2026-01-28 12:26:33,129 - Knowledge - INFO - Found code-base-name: https://github.com/kavia-common/internet-banking-concept-microservices-303209.git:kavia-development
2026-01-28 12:26:33,270 - Knowledge - INFO - Code base not found for https://github.com/kavia-common/internet-banking-concept-microservices-303209.git:kavia-development. Joining with Knowledge base_path: True.
2026-01-28 12:26:33,471 - Knowledge - INFO - /app/data/T0015/311196/b7970fw/internet-banking-concept-microservices-303209
2026-01-28 12:26:33,634 - Knowledge - INFO - process ingested knowledge for /app/data/T0015/311196/b7970fw/internet-banking-concept-microservices-303209/internet-banking-utility-payment-service/src/main/java/com/javatodev/finance/service/UtilityPaymentService.java
2026-01-28 12:26:33,847 - Knowledge - INFO - Found code-base-name: https://github.com/kavia-common/internet-banking-concept-microservices-303209.git:kavia-development
2026-01-28 12:26:34,016 - Knowledge - INFO - Code base not found for https://github.com/kavia-common/internet-banking-concept-microservices-303209.git:kavia-development. Joining with Knowledge base_path: True.
2026-01-28 12:26:34,183 - Knowledge - INFO - /app/data/T0015/311196/b7970fw/internet-banking-concept-microservices-303209
2026-01-28 12:26:34,334 - Knowledge - INFO - process ingested knowledge for /app/data/T0015/311196/b7970fw/internet-banking-concept-microservices-303209/internet-banking-fund-transfer-service/src/main/java/com/javatodev/finance/service/FundTransferService.java
2026-01-28 12:26:34,531 - Knowledge - INFO - Found code-base-name: https://github.com/kavia-common/internet-banking-concept-microservices-303209.git:kavia-development
2026-01-28 12:26:34,693 - Knowledge - INFO - Code base not found for https://github.com/kavia-common/internet-banking-concept-microservices-303209.git:kavia-development. Joining with Knowledge base_path: True.
2026-01-28 12:26:34,852 - Knowledge - INFO - /app/data/T0015/311196/b7970fw/internet-banking-concept-microservices-303209
2026-01-28 12:26:35,028 - Knowledge - INFO - process ingested knowledge for /app/data/T0015/311196/b7970fw/internet-banking-concept-microservices-303209/internet-banking-user-service/src/main/resources/bootstrap.yml
2026-01-28 12:26:35,174 - Knowledge - INFO - Found code-base-name: https://github.com/kavia-common/internet-banking-concept-microservices-303209.git:kavia-development
2026-01-28 12:26:35,329 - Knowledge - INFO - Code base not found for https://github.com/kavia-common/internet-banking-concept-microservices-303209.git:kavia-development. Joining with Knowledge base_path: True.
2026-01-28 12:26:35,502 - Knowledge - INFO - /app/data/T0015/311196/b7970fw/internet-banking-concept-microservices-303209
2026-01-28 12:26:35,665 - Knowledge - INFO - process ingested knowledge for /app/data/T0015/311196/b7970fw/internet-banking-concept-microservices-303209/internet-banking-utility-payment-service/src/main/resources/bootstrap.yml
2026-01-28 12:26:35,872 - Knowledge - INFO - Found code-base-name: https://github.com/kavia-common/internet-banking-concept-microservices-303209.git:kavia-development
2026-01-28 12:26:36,071 - Knowledge - INFO - Code base not found for https://github.com/kavia-common/internet-banking-concept-microservices-303209.git:kavia-development. Joining with Knowledge base_path: True.
2026-01-28 12:26:36,273 - Knowledge - INFO - /app/data/T0015/311196/b7970fw/internet-banking-concept-microservices-303209
2026-01-28 12:26:36,450 - Knowledge - INFO - process ingested knowledge for /app/data/T0015/311196/b7970fw/internet-banking-concept-microservices-303209/internet-banking-user-service/src/main/java/com/javatodev/finance/service/KeycloakUserService.java
2026-01-28 12:26:36,620 - Knowledge - INFO - Found code-base-name: https://github.com/kavia-common/internet-banking-concept-microservices-303209.git:kavia-development
2026-01-28 12:26:36,792 - Knowledge - INFO - Code base not found for https://github.com/kavia-common/internet-banking-concept-microservices-303209.git:kavia-development. Joining with Knowledge base_path: True.
2026-01-28 12:26:37,003 - Knowledge - INFO - /app/data/T0015/311196/b7970fw/internet-banking-concept-microservices-303209
2026-01-28 12:26:37,241 - Knowledge - INFO - process ingested knowledge for /app/data/T0015/311196/b7970fw/internet-banking-concept-microservices-303209/internet-banking-service-registry/src/main/resources/application.yml
2026-01-28 12:26:37,394 - Knowledge - INFO - Found code-base-name: https://github.com/kavia-common/internet-banking-concept-microservices-303209.git:kavia-development
2026-01-28 12:26:37,625 - Knowledge - INFO - Code base not found for https://github.com/kavia-common/internet-banking-concept-microservices-303209.git:kavia-development. Joining with Knowledge base_path: True.
2026-01-28 12:26:37,790 - Knowledge - INFO - /app/data/T0015/311196/b7970fw/internet-banking-concept-microservices-303209
2026-01-28 12:26:37,943 - Knowledge - INFO - process ingested knowledge for /app/data/T0015/311196/b7970fw/internet-banking-concept-microservices-303209/core-banking-service/src/main/java/com/javatodev/finance/model/AccountType.java
2026-01-28 12:26:38,134 - Knowledge - INFO - Found code-base-name: https://github.com/kavia-common/internet-banking-concept-microservices-303209.git:kavia-development
2026-01-28 12:26:38,325 - Knowledge - INFO - Code base not found for https://github.com/kavia-common/internet-banking-concept-microservices-303209.git:kavia-development. Joining with Knowledge base_path: True.
2026-01-28 12:26:38,566 - Knowledge - INFO - /app/data/T0015/311196/b7970fw/internet-banking-concept-microservices-303209
2026-01-28 12:26:38,729 - Knowledge - INFO - process ingested knowledge for /app/data/T0015/311196/b7970fw/internet-banking-concept-microservices-303209/internet-banking-fund-transfer-service/src/main/resources/bootstrap.yml
2026-01-28 12:26:38,891 - Knowledge - INFO - Found code-base-name: https://github.com/kavia-common/internet-banking-concept-microservices-303209.git:kavia-development
2026-01-28 12:26:39,051 - Knowledge - INFO - Code base not found for https://github.com/kavia-common/internet-banking-concept-microservices-303209.git:kavia-development. Joining with Knowledge base_path: True.
2026-01-28 12:26:39,212 - Knowledge - INFO - /app/data/T0015/311196/b7970fw/internet-banking-concept-microservices-303209
2026-01-28 12:26:39,389 - Knowledge - INFO - process ingested knowledge for /app/data/T0015/311196/b7970fw/internet-banking-concept-microservices-303209/internet-banking-fund-transfer-service/src/main/java/com/javatodev/finance/controller/FundTransferController.java
2026-01-28 12:26:39,587 - Knowledge - INFO - Found code-base-name: https://github.com/kavia-common/internet-banking-concept-microservices-303209.git:kavia-development
2026-01-28 12:26:39,739 - Knowledge - INFO - Code base not found for https://github.com/kavia-common/internet-banking-concept-microservices-303209.git:kavia-development. Joining with Knowledge base_path: True.
2026-01-28 12:26:39,893 - Knowledge - INFO - /app/data/T0015/311196/b7970fw/internet-banking-concept-microservices-303209
2026-01-28 12:26:40,072 - Knowledge - INFO - process ingested knowledge for /app/data/T0015/311196/b7970fw/internet-banking-concept-microservices-303209/internet-banking-api-gateway/build.gradle
2026-01-28 12:26:40,286 - Knowledge - INFO - Found code-base-name: https://github.com/kavia-common/internet-banking-concept-microservices-303209.git:kavia-development
2026-01-28 12:26:40,476 - Knowledge - INFO - Code base not found for https://github.com/kavia-common/internet-banking-concept-microservices-303209.git:kavia-development. Joining with Knowledge base_path: True.
2026-01-28 12:26:40,643 - Knowledge - INFO - /app/data/T0015/311196/b7970fw/internet-banking-concept-microservices-303209
2026-01-28 12:26:40,808 - Knowledge - INFO - process ingested knowledge for /app/data/T0015/311196/b7970fw/internet-banking-concept-microservices-303209/internet-banking-utility-payment-service/src/main/java/com/javatodev/finance/controller/UtilityPaymentController.java
2026-01-28 12:26:40,990 - Knowledge - INFO - Found code-base-name: https://github.com/kavia-common/internet-banking-concept-microservices-303209.git:kavia-development
2026-01-28 12:26:41,160 - Knowledge - INFO - Code base not found for https://github.com/kavia-common/internet-banking-concept-microservices-303209.git:kavia-development. Joining with Knowledge base_path: True.
2026-01-28 12:26:41,337 - Knowledge - INFO - /app/data/T0015/311196/b7970fw/internet-banking-concept-microservices-303209
2026-01-28 12:26:41,493 - Knowledge - INFO - process ingested knowledge for /app/data/T0015/311196/b7970fw/internet-banking-concept-microservices-303209/internet-banking-user-service/src/main/resources/application.yml
2026-01-28 12:26:41,699 - Knowledge - INFO - Found code-base-name: https://github.com/kavia-common/internet-banking-concept-microservices-303209.git:kavia-development
2026-01-28 12:26:41,865 - Knowledge - INFO - Code base not found for https://github.com/kavia-common/internet-banking-concept-microservices-303209.git:kavia-development. Joining with Knowledge base_path: True.
2026-01-28 12:26:42,020 - Knowledge - INFO - /app/data/T0015/311196/b7970fw/internet-banking-concept-microservices-303209
2026-01-28 12:26:42,234 - Knowledge - INFO - process ingested knowledge for /app/data/T0015/311196/b7970fw/internet-banking-concept-microservices-303209/internet-banking-utility-payment-service/src/main/resources/application.yml
2026-01-28 12:26:42,420 - Knowledge - INFO - Found code-base-name: https://github.com/kavia-common/internet-banking-concept-microservices-303209.git:kavia-development
2026-01-28 12:26:42,611 - Knowledge - INFO - Code base not found for https://github.com/kavia-common/internet-banking-concept-microservices-303209.git:kavia-development. Joining with Knowledge base_path: True.
2026-01-28 12:26:42,782 - Knowledge - INFO - /app/data/T0015/311196/b7970fw/internet-banking-concept-microservices-303209
2026-01-28 12:26:42,945 - Knowledge - INFO - process ingested knowledge for /app/data/T0015/311196/b7970fw/internet-banking-concept-microservices-303209/internet-banking-fund-transfer-service/src/main/java/com/javatodev/finance/model/dto/request/UtilityPaymentRequest.java
2026-01-28 12:26:43,144 - Knowledge - INFO - Found code-base-name: https://github.com/kavia-common/internet-banking-concept-microservices-303209.git:kavia-development
2026-01-28 12:26:43,333 - Knowledge - INFO - Code base not found for https://github.com/kavia-common/internet-banking-concept-microservices-303209.git:kavia-development. Joining with Knowledge base_path: True.
2026-01-28 12:26:43,499 - Knowledge - INFO - /app/data/T0015/311196/b7970fw/internet-banking-concept-microservices-303209
2026-01-28 12:26:43,658 - Knowledge - INFO - process ingested knowledge for /app/data/T0015/311196/b7970fw/internet-banking-concept-microservices-303209/core-banking-service/src/main/java/com/javatodev/finance/model/dto/response/UtilityPaymentResponse.java
2026-01-28 12:26:43,852 - Knowledge - INFO - Found code-base-name: https://github.com/kavia-common/internet-banking-concept-microservices-303209.git:kavia-development
2026-01-28 12:26:44,023 - Knowledge - INFO - Code base not found for https://github.com/kavia-common/internet-banking-concept-microservices-303209.git:kavia-development. Joining with Knowledge base_path: True.
2026-01-28 12:26:44,217 - Knowledge - INFO - /app/data/T0015/311196/b7970fw/internet-banking-concept-microservices-303209
2026-01-28 12:26:44,381 - Knowledge - INFO - process ingested knowledge for /app/data/T0015/311196/b7970fw/internet-banking-concept-microservices-303209/internet-banking-service-registry/src/test/java/com/javatodev/finance/InternetBankingServiceRegistryApplicationTests.java
2026-01-28 12:26:44,541 - Knowledge - INFO - Found code-base-name: https://github.com/kavia-common/internet-banking-concept-microservices-303209.git:kavia-development
2026-01-28 12:26:44,694 - Knowledge - INFO - Code base not found for https://github.com/kavia-common/internet-banking-concept-microservices-303209.git:kavia-development. Joining with Knowledge base_path: True.
2026-01-28 12:26:44,865 - Knowledge - INFO - /app/data/T0015/311196/b7970fw/internet-banking-concept-microservices-303209
2026-01-28 12:26:45,032 - Knowledge - INFO - process ingested knowledge for /app/data/T0015/311196/b7970fw/internet-banking-concept-microservices-303209/internet-banking-user-service/src/main/java/com/javatodev/finance/model/rest/response/UserResponse.java
2026-01-28 12:26:45,223 - Knowledge - INFO - Found code-base-name: https://github.com/kavia-common/internet-banking-concept-microservices-303209.git:kavia-development
2026-01-28 12:26:45,392 - Knowledge - INFO - Code base not found for https://github.com/kavia-common/internet-banking-concept-microservices-303209.git:kavia-development. Joining with Knowledge base_path: True.
2026-01-28 12:26:45,534 - Knowledge - INFO - /app/data/T0015/311196/b7970fw/internet-banking-concept-microservices-303209
2026-01-28 12:26:45,720 - Knowledge - INFO - process ingested knowledge for /app/data/T0015/311196/b7970fw/internet-banking-concept-microservices-303209/internet-banking-fund-transfer-service/src/main/java/com/javatodev/finance/model/dto/request/FundTransferRequest.java
2026-01-28 12:26:45,915 - Knowledge - INFO - Found code-base-name: https://github.com/kavia-common/internet-banking-concept-microservices-303209.git:kavia-development
2026-01-28 12:26:46,108 - Knowledge - INFO - Code base not found for https://github.com/kavia-common/internet-banking-concept-microservices-303209.git:kavia-development. Joining with Knowledge base_path: True.
2026-01-28 12:26:46,300 - Knowledge - INFO - /app/data/T0015/311196/b7970fw/internet-banking-concept-microservices-303209
2026-01-28 12:26:46,459 - Knowledge - INFO - process ingested knowledge for /app/data/T0015/311196/b7970fw/internet-banking-concept-microservices-303209/core-banking-service/src/main/java/com/javatodev/finance/model/dto/User.java
2026-01-28 12:26:46,636 - Knowledge - INFO - Found code-base-name: https://github.com/kavia-common/internet-banking-concept-microservices-303209.git:kavia-development
2026-01-28 12:26:46,803 - Knowledge - INFO - Code base not found for https://github.com/kavia-common/internet-banking-concept-microservices-303209.git:kavia-development. Joining with Knowledge base_path: True.
2026-01-28 12:26:46,963 - Knowledge - INFO - /app/data/T0015/311196/b7970fw/internet-banking-concept-microservices-303209
2026-01-28 12:26:47,122 - Knowledge - INFO - process ingested knowledge for /app/data/T0015/311196/b7970fw/internet-banking-concept-microservices-303209/core-banking-service/src/main/java/com/javatodev/finance/model/dto/response/FundTransferResponse.java
2026-01-28 12:26:47,309 - Knowledge - INFO - Found code-base-name: https://github.com/kavia-common/internet-banking-concept-microservices-303209.git:kavia-development
2026-01-28 12:26:47,470 - Knowledge - INFO - Code base not found for https://github.com/kavia-common/internet-banking-concept-microservices-303209.git:kavia-development. Joining with Knowledge base_path: True.
2026-01-28 12:26:47,664 - Knowledge - INFO - /app/data/T0015/311196/b7970fw/internet-banking-concept-microservices-303209
2026-01-28 12:26:47,825 - Knowledge - INFO - process ingested knowledge for /app/data/T0015/311196/b7970fw/internet-banking-concept-microservices-303209/core-banking-service/src/main/java/com/javatodev/finance/repository/TransactionRepository.java
2026-01-28 12:26:48,021 - Knowledge - INFO - Found code-base-name: https://github.com/kavia-common/internet-banking-concept-microservices-303209.git:kavia-development
2026-01-28 12:26:48,188 - Knowledge - INFO - Code base not found for https://github.com/kavia-common/internet-banking-concept-microservices-303209.git:kavia-development. Joining with Knowledge base_path: True.
2026-01-28 12:26:48,354 - Knowledge - INFO - /app/data/T0015/311196/b7970fw/internet-banking-concept-microservices-303209
2026-01-28 12:26:48,533 - Knowledge - INFO - process ingested knowledge for /app/data/T0015/311196/b7970fw/internet-banking-concept-microservices-303209/internet-banking-fund-transfer-service/src/main/resources/application.yml
2026-01-28 12:26:48,740 - Knowledge - INFO - Found code-base-name: https://github.com/kavia-common/internet-banking-concept-microservices-303209.git:kavia-development
2026-01-28 12:26:48,922 - Knowledge - INFO - Code base not found for https://github.com/kavia-common/internet-banking-concept-microservices-303209.git:kavia-development. Joining with Knowledge base_path: True.
2026-01-28 12:26:49,126 - Knowledge - INFO - /app/data/T0015/311196/b7970fw/internet-banking-concept-microservices-303209
2026-01-28 12:26:49,308 - Knowledge - INFO - process ingested knowledge for /app/data/T0015/311196/b7970fw/internet-banking-concept-microservices-303209/core-banking-service/build.gradle
2026-01-28 12:26:49,485 - Knowledge - INFO - Found code-base-name: https://github.com/kavia-common/internet-banking-concept-microservices-303209.git:kavia-development
2026-01-28 12:26:49,653 - Knowledge - INFO - Code base not found for https://github.com/kavia-common/internet-banking-concept-microservices-303209.git:kavia-development. Joining with Knowledge base_path: True.
2026-01-28 12:26:49,808 - Knowledge - INFO - /app/data/T0015/311196/b7970fw/internet-banking-concept-microservices-303209
2026-01-28 12:26:49,983 - Knowledge - INFO - process ingested knowledge for /app/data/T0015/311196/b7970fw/internet-banking-concept-microservices-303209/internet-banking-user-service/src/main/java/com/javatodev/finance/model/dto/UserUpdateRequest.java
2026-01-28 12:26:50,164 - Knowledge - INFO - Found code-base-name: https://github.com/kavia-common/internet-banking-concept-microservices-303209.git:kavia-development
2026-01-28 12:26:50,353 - Knowledge - INFO - Code base not found for https://github.com/kavia-common/internet-banking-concept-microservices-303209.git:kavia-development. Joining with Knowledge base_path: True.
2026-01-28 12:26:50,566 - Knowledge - INFO - /app/data/T0015/311196/b7970fw/internet-banking-concept-microservices-303209
2026-01-28 12:26:50,771 - Knowledge - INFO - process ingested knowledge for /app/data/T0015/311196/b7970fw/internet-banking-concept-microservices-303209/internet-banking-fund-transfer-service/src/main/java/com/javatodev/finance/model/repository/FundTransferRepository.java
2026-01-28 12:26:50,941 - Knowledge - INFO - Found code-base-name: https://github.com/kavia-common/internet-banking-concept-microservices-303209.git:kavia-development
2026-01-28 12:26:51,171 - Knowledge - INFO - Code base not found for https://github.com/kavia-common/internet-banking-concept-microservices-303209.git:kavia-development. Joining with Knowledge base_path: True.
2026-01-28 12:26:51,348 - Knowledge - INFO - /app/data/T0015/311196/b7970fw/internet-banking-concept-microservices-303209
2026-01-28 12:26:51,517 - Knowledge - INFO - process ingested knowledge for /app/data/T0015/311196/b7970fw/internet-banking-concept-microservices-303209/internet-banking-config-server/src/main/java/com/javatodev/finance/InternetBankingConfigServerApplication.java
2026-01-28 12:26:51,744 - Knowledge - INFO - Found code-base-name: https://github.com/kavia-common/internet-banking-concept-microservices-303209.git:kavia-development
2026-01-28 12:26:51,950 - Knowledge - INFO - Code base not found for https://github.com/kavia-common/internet-banking-concept-microservices-303209.git:kavia-development. Joining with Knowledge base_path: True.
2026-01-28 12:26:52,155 - Knowledge - INFO - /app/data/T0015/311196/b7970fw/internet-banking-concept-microservices-303209
2026-01-28 12:26:52,329 - Knowledge - INFO - process ingested knowledge for /app/data/T0015/311196/b7970fw/internet-banking-concept-microservices-303209/core-banking-service/src/main/resources/db/migration/V1.0.20210429210839__create_transaction_table.sql
2026-01-28 12:26:52,501 - Knowledge - INFO - Found code-base-name: https://github.com/kavia-common/internet-banking-concept-microservices-303209.git:kavia-development
2026-01-28 12:26:52,661 - Knowledge - INFO - Code base not found for https://github.com/kavia-common/internet-banking-concept-microservices-303209.git:kavia-development. Joining with Knowledge base_path: True.
2026-01-28 12:26:52,807 - Knowledge - INFO - /app/data/T0015/311196/b7970fw/internet-banking-concept-microservices-303209
2026-01-28 12:26:53,001 - Knowledge - INFO - process ingested knowledge for /app/data/T0015/311196/b7970fw/internet-banking-concept-microservices-303209/core-banking-service/src/main/java/com/javatodev/finance/controller/TransactionController.java
2026-01-28 12:26:53,165 - Knowledge - INFO - Found code-base-name: https://github.com/kavia-common/internet-banking-concept-microservices-303209.git:kavia-development
2026-01-28 12:26:53,371 - Knowledge - INFO - Code base not found for https://github.com/kavia-common/internet-banking-concept-microservices-303209.git:kavia-development. Joining with Knowledge base_path: True.
2026-01-28 12:26:53,537 - Knowledge - INFO - /app/data/T0015/311196/b7970fw/internet-banking-concept-microservices-303209
2026-01-28 12:26:53,711 - Knowledge - INFO - process ingested knowledge for /app/data/T0015/311196/b7970fw/internet-banking-concept-microservices-303209/internet-banking-utility-payment-service/src/main/java/com/javatodev/finance/repository/UtilityPaymentRepository.java
2026-01-28 12:26:53,880 - Knowledge - INFO - Found code-base-name: https://github.com/kavia-common/internet-banking-concept-microservices-303209.git:kavia-development
2026-01-28 12:26:54,046 - Knowledge - INFO - Code base not found for https://github.com/kavia-common/internet-banking-concept-microservices-303209.git:kavia-development. Joining with Knowledge base_path: True.
2026-01-28 12:26:54,217 - Knowledge - INFO - /app/data/T0015/311196/b7970fw/internet-banking-concept-microservices-303209
2026-01-28 12:26:54,401 - Knowledge - INFO - process ingested knowledge for /app/data/T0015/311196/b7970fw/internet-banking-concept-microservices-303209/postman_collection/JAVA_TO_DEV_MICROSERVICES.postman_collection.json
2026-01-28 12:26:54,581 - Knowledge - INFO - Found code-base-name: https://github.com/kavia-common/internet-banking-concept-microservices-303209.git:kavia-development
2026-01-28 12:26:54,738 - Knowledge - INFO - Code base not found for https://github.com/kavia-common/internet-banking-concept-microservices-303209.git:kavia-development. Joining with Knowledge base_path: True.
2026-01-28 12:26:54,921 - Knowledge - INFO - /app/data/T0015/311196/b7970fw/internet-banking-concept-microservices-303209
2026-01-28 12:26:55,094 - Knowledge - INFO - process ingested knowledge for /app/data/T0015/311196/b7970fw/internet-banking-concept-microservices-303209/internet-banking-user-service/src/main/java/com/javatodev/finance/exception/InvalidBankingUserException.java
2026-01-28 12:26:55,295 - Knowledge - INFO - Found code-base-name: https://github.com/kavia-common/internet-banking-concept-microservices-303209.git:kavia-development
2026-01-28 12:26:55,464 - Knowledge - INFO - Code base not found for https://github.com/kavia-common/internet-banking-concept-microservices-303209.git:kavia-development. Joining with Knowledge base_path: True.
2026-01-28 12:26:55,656 - Knowledge - INFO - /app/data/T0015/311196/b7970fw/internet-banking-concept-microservices-303209
2026-01-28 12:26:55,833 - Knowledge - INFO - process ingested knowledge for /app/data/T0015/311196/b7970fw/internet-banking-concept-microservices-303209/core-banking-service/src/main/resources/application.yml
2026-01-28 12:26:56,000 - Knowledge - INFO - Found code-base-name: https://github.com/kavia-common/internet-banking-concept-microservices-303209.git:kavia-development
2026-01-28 12:26:56,195 - Knowledge - INFO - Code base not found for https://github.com/kavia-common/internet-banking-concept-microservices-303209.git:kavia-development. Joining with Knowledge base_path: True.
2026-01-28 12:26:56,374 - Knowledge - INFO - /app/data/T0015/311196/b7970fw/internet-banking-concept-microservices-303209
2026-01-28 12:26:56,541 - Knowledge - INFO - process ingested knowledge for /app/data/T0015/311196/b7970fw/internet-banking-concept-microservices-303209/internet-banking-utility-payment-service/build.gradle
2026-01-28 12:26:56,719 - Knowledge - INFO - Found code-base-name: https://github.com/kavia-common/internet-banking-concept-microservices-303209.git:kavia-development
2026-01-28 12:26:56,897 - Knowledge - INFO - Code base not found for https://github.com/kavia-common/internet-banking-concept-microservices-303209.git:kavia-development. Joining with Knowledge base_path: True.
2026-01-28 12:26:57,046 - Knowledge - INFO - /app/data/T0015/311196/b7970fw/internet-banking-concept-microservices-303209
2026-01-28 12:26:57,194 - Knowledge - INFO - process ingested knowledge for /app/data/T0015/311196/b7970fw/internet-banking-concept-microservices-303209/internet-banking-user-service/build.gradle
2026-01-28 12:26:57,388 - Knowledge - INFO - Found code-base-name: https://github.com/kavia-common/internet-banking-concept-microservices-303209.git:kavia-development
2026-01-28 12:26:57,555 - Knowledge - INFO - Code base not found for https://github.com/kavia-common/internet-banking-concept-microservices-303209.git:kavia-development. Joining with Knowledge base_path: True.
2026-01-28 12:26:57,720 - Knowledge - INFO - /app/data/T0015/311196/b7970fw/internet-banking-concept-microservices-303209
2026-01-28 12:26:57,888 - Knowledge - INFO - process ingested knowledge for /app/data/T0015/311196/b7970fw/internet-banking-concept-microservices-303209/core-banking-service/src/main/java/com/javatodev/finance/model/dto/request/FundTransferRequest.java
2026-01-28 12:26:58,069 - Knowledge - INFO - Found code-base-name: https://github.com/kavia-common/internet-banking-concept-microservices-303209.git:kavia-development
2026-01-28 12:26:58,265 - Knowledge - INFO - Code base not found for https://github.com/kavia-common/internet-banking-concept-microservices-303209.git:kavia-development. Joining with Knowledge base_path: True.
2026-01-28 12:26:58,442 - Knowledge - INFO - /app/data/T0015/311196/b7970fw/internet-banking-concept-microservices-303209
2026-01-28 12:26:58,632 - Knowledge - INFO - process ingested knowledge for /app/data/T0015/311196/b7970fw/internet-banking-concept-microservices-303209/internet-banking-api-gateway/src/test/java/com/javatodev/finance/InternetBankingApiGatewayApplicationTests.java
2026-01-28 12:26:58,805 - Knowledge - INFO - Found code-base-name: https://github.com/kavia-common/internet-banking-concept-microservices-303209.git:kavia-development
2026-01-28 12:26:58,959 - Knowledge - INFO - Code base not found for https://github.com/kavia-common/internet-banking-concept-microservices-303209.git:kavia-development. Joining with Knowledge base_path: True.
2026-01-28 12:26:59,121 - Knowledge - INFO - /app/data/T0015/311196/b7970fw/internet-banking-concept-microservices-303209
2026-01-28 12:26:59,284 - Knowledge - INFO - process ingested knowledge for /app/data/T0015/311196/b7970fw/internet-banking-concept-microservices-303209/internet-banking-api-gateway/src/main/java/com/javatodev/finance/configuration/GatewayConfiguration.java
2026-01-28 12:26:59,450 - Knowledge - INFO - Found code-base-name: https://github.com/kavia-common/internet-banking-concept-microservices-303209.git:kavia-development
2026-01-28 12:26:59,600 - Knowledge - INFO - Code base not found for https://github.com/kavia-common/internet-banking-concept-microservices-303209.git:kavia-development. Joining with Knowledge base_path: True.
2026-01-28 12:26:59,754 - Knowledge - INFO - /app/data/T0015/311196/b7970fw/internet-banking-concept-microservices-303209
2026-01-28 12:26:59,920 - Knowledge - INFO - process ingested knowledge for /app/data/T0015/311196/b7970fw/internet-banking-concept-microservices-303209/internet-banking-utility-payment-service/src/main/java/com/javatodev/finance/service/rest/BankingCoreRestClient.java
2026-01-28 12:27:00,100 - Knowledge - INFO - Found code-base-name: https://github.com/kavia-common/internet-banking-concept-microservices-303209.git:kavia-development
2026-01-28 12:27:00,275 - Knowledge - INFO - Code base not found for https://github.com/kavia-common/internet-banking-concept-microservices-303209.git:kavia-development. Joining with Knowledge base_path: True.
2026-01-28 12:27:00,449 - Knowledge - INFO - /app/data/T0015/311196/b7970fw/internet-banking-concept-microservices-303209
2026-01-28 12:27:00,685 - Knowledge - INFO - process ingested knowledge for /app/data/T0015/311196/b7970fw/internet-banking-concept-microservices-303209/internet-banking-user-service/src/main/java/com/javatodev/finance/service/rest/BankingCoreRestClient.java
2026-01-28 12:27:00,865 - Knowledge - INFO - Found code-base-name: https://github.com/kavia-common/internet-banking-concept-microservices-303209.git:kavia-development
2026-01-28 12:27:01,025 - Knowledge - INFO - Code base not found for https://github.com/kavia-common/internet-banking-concept-microservices-303209.git:kavia-development. Joining with Knowledge base_path: True.
2026-01-28 12:27:01,183 - Knowledge - INFO - /app/data/T0015/311196/b7970fw/internet-banking-concept-microservices-303209
2026-01-28 12:27:01,335 - Knowledge - INFO - process ingested knowledge for /app/data/T0015/311196/b7970fw/internet-banking-concept-microservices-303209/core-banking-service/src/main/resources/db/migration/V1.0.20210427174721__temp_data.sql
2026-01-28 12:27:01,536 - Knowledge - INFO - Found code-base-name: https://github.com/kavia-common/internet-banking-concept-microservices-303209.git:kavia-development
2026-01-28 12:27:01,699 - Knowledge - INFO - Code base not found for https://github.com/kavia-common/internet-banking-concept-microservices-303209.git:kavia-development. Joining with Knowledge base_path: True.
2026-01-28 12:27:01,895 - Knowledge - INFO - /app/data/T0015/311196/b7970fw/internet-banking-concept-microservices-303209
2026-01-28 12:27:02,080 - Knowledge - INFO - process ingested knowledge for /app/data/T0015/311196/b7970fw/internet-banking-concept-microservices-303209/core-banking-service/src/main/java/com/javatodev/finance/model/dto/request/UtilityPaymentRequest.java
2026-01-28 12:27:02,277 - Knowledge - INFO - Found code-base-name: https://github.com/kavia-common/internet-banking-concept-microservices-303209.git:kavia-development
2026-01-28 12:27:02,447 - Knowledge - INFO - Code base not found for https://github.com/kavia-common/internet-banking-concept-microservices-303209.git:kavia-development. Joining with Knowledge base_path: True.
2026-01-28 12:27:02,614 - Knowledge - INFO - /app/data/T0015/311196/b7970fw/internet-banking-concept-microservices-303209
2026-01-28 12:27:02,820 - Knowledge - INFO - process ingested knowledge for /app/data/T0015/311196/b7970fw/internet-banking-concept-microservices-303209/internet-banking-fund-transfer-service/build.gradle
2026-01-28 12:27:03,018 - Knowledge - INFO - Found code-base-name: https://github.com/kavia-common/internet-banking-concept-microservices-303209.git:kavia-development
2026-01-28 12:27:03,174 - Knowledge - INFO - Code base not found for https://github.com/kavia-common/internet-banking-concept-microservices-303209.git:kavia-development. Joining with Knowledge base_path: True.
2026-01-28 12:27:03,353 - Knowledge - INFO - /app/data/T0015/311196/b7970fw/internet-banking-concept-microservices-303209
2026-01-28 12:27:03,529 - Knowledge - INFO - process ingested knowledge for /app/data/T0015/311196/b7970fw/internet-banking-concept-microservices-303209/internet-banking-fund-transfer-service/src/main/java/com/javatodev/finance/model/dto/response/UtilityPaymentResponse.java
2026-01-28 12:27:03,704 - Knowledge - INFO - Found code-base-name: https://github.com/kavia-common/internet-banking-concept-microservices-303209.git:kavia-development
2026-01-28 12:27:03,869 - Knowledge - INFO - Code base not found for https://github.com/kavia-common/internet-banking-concept-microservices-303209.git:kavia-development. Joining with Knowledge base_path: True.
2026-01-28 12:27:04,077 - Knowledge - INFO - /app/data/T0015/311196/b7970fw/internet-banking-concept-microservices-303209
2026-01-28 12:27:04,251 - Knowledge - INFO - process ingested knowledge for /app/data/T0015/311196/b7970fw/internet-banking-concept-microservices-303209/core-banking-service/src/main/java/com/javatodev/finance/model/AccountStatus.java
2026-01-28 12:27:04,423 - Knowledge - INFO - Found code-base-name: https://github.com/kavia-common/internet-banking-concept-microservices-303209.git:kavia-development
2026-01-28 12:27:04,581 - Knowledge - INFO - Code base not found for https://github.com/kavia-common/internet-banking-concept-microservices-303209.git:kavia-development. Joining with Knowledge base_path: True.
2026-01-28 12:27:04,745 - Knowledge - INFO - /app/data/T0015/311196/b7970fw/internet-banking-concept-microservices-303209
2026-01-28 12:27:04,915 - Knowledge - INFO - process ingested knowledge for /app/data/T0015/311196/b7970fw/internet-banking-concept-microservices-303209/internet-banking-user-service/src/main/java/com/javatodev/finance/model/dto/User.java
2026-01-28 12:27:05,082 - Knowledge - INFO - Found code-base-name: https://github.com/kavia-common/internet-banking-concept-microservices-303209.git:kavia-development
2026-01-28 12:27:05,245 - Knowledge - INFO - Code base not found for https://github.com/kavia-common/internet-banking-concept-microservices-303209.git:kavia-development. Joining with Knowledge base_path: True.
2026-01-28 12:27:05,413 - Knowledge - INFO - /app/data/T0015/311196/b7970fw/internet-banking-concept-microservices-303209
2026-01-28 12:27:05,600 - Knowledge - INFO - process ingested knowledge for /app/data/T0015/311196/b7970fw/internet-banking-concept-microservices-303209/internet-banking-user-service/src/main/java/com/javatodev/finance/configuration/KeycloakManager.java
2026-01-28 12:27:05,812 - Knowledge - INFO - Found code-base-name: https://github.com/kavia-common/internet-banking-concept-microservices-303209.git:kavia-development
2026-01-28 12:27:06,020 - Knowledge - INFO - Code base not found for https://github.com/kavia-common/internet-banking-concept-microservices-303209.git:kavia-development. Joining with Knowledge base_path: True.
2026-01-28 12:27:06,186 - Knowledge - INFO - /app/data/T0015/311196/b7970fw/internet-banking-concept-microservices-303209
2026-01-28 12:27:06,349 - Knowledge - INFO - process ingested knowledge for /app/data/T0015/311196/b7970fw/internet-banking-concept-microservices-303209/internet-banking-api-gateway/src/main/resources/application.yml
2026-01-28 12:27:06,531 - Knowledge - INFO - Found code-base-name: https://github.com/kavia-common/internet-banking-concept-microservices-303209.git:kavia-development
2026-01-28 12:27:06,748 - Knowledge - INFO - Code base not found for https://github.com/kavia-common/internet-banking-concept-microservices-303209.git:kavia-development. Joining with Knowledge base_path: True.
2026-01-28 12:27:06,917 - Knowledge - INFO - /app/data/T0015/311196/b7970fw/internet-banking-concept-microservices-303209
2026-01-28 12:27:07,069 - Knowledge - INFO - process ingested knowledge for /app/data/T0015/311196/b7970fw/internet-banking-concept-microservices-303209/internet-banking-fund-transfer-service/src/main/java/com/javatodev/finance/model/dto/response/FundTransferResponse.java
2026-01-28 12:27:07,233 - Knowledge - INFO - Found code-base-name: https://github.com/kavia-common/internet-banking-concept-microservices-303209.git:kavia-development
2026-01-28 12:27:07,404 - Knowledge - INFO - Code base not found for https://github.com/kavia-common/internet-banking-concept-microservices-303209.git:kavia-development. Joining with Knowledge base_path: True.
2026-01-28 12:27:07,584 - Knowledge - INFO - /app/data/T0015/311196/b7970fw/internet-banking-concept-microservices-303209
2026-01-28 12:27:07,752 - Knowledge - INFO - process ingested knowledge for /app/data/T0015/311196/b7970fw/internet-banking-concept-microservices-303209/internet-banking-user-service/src/test/java/com/javatodev/finance/InternetBankingUserServiceApplicationTests.java
2026-01-28 12:27:07,958 - Knowledge - INFO - Found code-base-name: https://github.com/kavia-common/internet-banking-concept-microservices-303209.git:kavia-development
2026-01-28 12:27:08,131 - Knowledge - INFO - Code base not found for https://github.com/kavia-common/internet-banking-concept-microservices-303209.git:kavia-development. Joining with Knowledge base_path: True.
2026-01-28 12:27:08,296 - Knowledge - INFO - /app/data/T0015/311196/b7970fw/internet-banking-concept-microservices-303209
2026-01-28 12:27:08,453 - Knowledge - INFO - process ingested knowledge for /app/data/T0015/311196/b7970fw/internet-banking-concept-microservices-303209/core-banking-service/src/main/java/com/javatodev/finance/model/mapper/BaseMapper.java
2026-01-28 12:27:08,646 - Knowledge - INFO - Found code-base-name: https://github.com/kavia-common/internet-banking-concept-microservices-303209.git:kavia-development
2026-01-28 12:27:08,808 - Knowledge - INFO - Code base not found for https://github.com/kavia-common/internet-banking-concept-microservices-303209.git:kavia-development. Joining with Knowledge base_path: True.
2026-01-28 12:27:08,983 - Knowledge - INFO - /app/data/T0015/311196/b7970fw/internet-banking-concept-microservices-303209
2026-01-28 12:27:09,191 - Knowledge - INFO - process ingested knowledge for /app/data/T0015/311196/b7970fw/internet-banking-concept-microservices-303209/internet-banking-user-service/src/main/java/com/javatodev/finance/model/entity/UserEntity.java
2026-01-28 12:27:09,377 - Knowledge - INFO - Found code-base-name: https://github.com/kavia-common/internet-banking-concept-microservices-303209.git:kavia-development
2026-01-28 12:27:09,549 - Knowledge - INFO - Code base not found for https://github.com/kavia-common/internet-banking-concept-microservices-303209.git:kavia-development. Joining with Knowledge base_path: True.
2026-01-28 12:27:09,732 - Knowledge - INFO - /app/data/T0015/311196/b7970fw/internet-banking-concept-microservices-303209
2026-01-28 12:27:09,898 - Knowledge - INFO - process ingested knowledge for /app/data/T0015/311196/b7970fw/internet-banking-concept-microservices-303209/internet-banking-service-registry/settings.gradle
2026-01-28 12:27:10,078 - Knowledge - INFO - Found code-base-name: https://github.com/kavia-common/internet-banking-concept-microservices-303209.git:kavia-development
2026-01-28 12:27:10,298 - Knowledge - INFO - Code base not found for https://github.com/kavia-common/internet-banking-concept-microservices-303209.git:kavia-development. Joining with Knowledge base_path: True.
2026-01-28 12:27:10,492 - Knowledge - INFO - /app/data/T0015/311196/b7970fw/internet-banking-concept-microservices-303209
2026-01-28 12:27:10,707 - Knowledge - INFO - process ingested knowledge for /app/data/T0015/311196/b7970fw/internet-banking-concept-microservices-303209/core-banking-service/src/main/java/com/javatodev/finance/controller/AccountController.java
2026-01-28 12:27:10,869 - Knowledge - INFO - Found code-base-name: https://github.com/kavia-common/internet-banking-concept-microservices-303209.git:kavia-development
2026-01-28 12:27:11,028 - Knowledge - INFO - Code base not found for https://github.com/kavia-common/internet-banking-concept-microservices-303209.git:kavia-development. Joining with Knowledge base_path: True.
2026-01-28 12:27:11,204 - Knowledge - INFO - /app/data/T0015/311196/b7970fw/internet-banking-concept-microservices-303209
2026-01-28 12:27:11,389 - Knowledge - INFO - process ingested knowledge for /app/data/T0015/311196/b7970fw/internet-banking-concept-microservices-303209/core-banking-service/src/main/java/com/javatodev/finance/exception/GlobalErrorCode.java
2026-01-28 12:27:11,560 - Knowledge - INFO - Found code-base-name: https://github.com/kavia-common/internet-banking-concept-microservices-303209.git:kavia-development
2026-01-28 12:27:11,727 - Knowledge - INFO - Code base not found for https://github.com/kavia-common/internet-banking-concept-microservices-303209.git:kavia-development. Joining with Knowledge base_path: True.
2026-01-28 12:27:11,895 - Knowledge - INFO - /app/data/T0015/311196/b7970fw/internet-banking-concept-microservices-303209
2026-01-28 12:27:12,068 - Knowledge - INFO - process ingested knowledge for /app/data/T0015/311196/b7970fw/internet-banking-concept-microservices-303209/internet-banking-fund-transfer-service/src/test/java/com/javatodev/finance/InternetBankingFundTransferServiceApplicationTests.java
2026-01-28 12:27:12,271 - Knowledge - INFO - Found code-base-name: https://github.com/kavia-common/internet-banking-concept-microservices-303209.git:kavia-development
2026-01-28 12:27:12,429 - Knowledge - INFO - Code base not found for https://github.com/kavia-common/internet-banking-concept-microservices-303209.git:kavia-development. Joining with Knowledge base_path: True.
2026-01-28 12:27:12,625 - Knowledge - INFO - /app/data/T0015/311196/b7970fw/internet-banking-concept-microservices-303209
2026-01-28 12:27:12,789 - Knowledge - INFO - process ingested knowledge for /app/data/T0015/311196/b7970fw/internet-banking-concept-microservices-303209/core-banking-service/src/test/resources/application.yml
2026-01-28 12:27:12,962 - Knowledge - INFO - Found code-base-name: https://github.com/kavia-common/internet-banking-concept-microservices-303209.git:kavia-development
2026-01-28 12:27:13,130 - Knowledge - INFO - Code base not found for https://github.com/kavia-common/internet-banking-concept-microservices-303209.git:kavia-development. Joining with Knowledge base_path: True.
2026-01-28 12:27:13,290 - Knowledge - INFO - /app/data/T0015/311196/b7970fw/internet-banking-concept-microservices-303209
2026-01-28 12:27:13,495 - Knowledge - INFO - process ingested knowledge for /app/data/T0015/311196/b7970fw/internet-banking-concept-microservices-303209/internet-banking-utility-payment-service/src/test/java/com/javatodev/finance/InternetBankingUtilityPaymentServiceApplicationTests.java
2026-01-28 12:27:13,659 - Knowledge - INFO - Found code-base-name: https://github.com/kavia-common/internet-banking-concept-microservices-303209.git:kavia-development
2026-01-28 12:27:13,841 - Knowledge - INFO - Code base not found for https://github.com/kavia-common/internet-banking-concept-microservices-303209.git:kavia-development. Joining with Knowledge base_path: True.
2026-01-28 12:27:14,003 - Knowledge - INFO - /app/data/T0015/311196/b7970fw/internet-banking-concept-microservices-303209
2026-01-28 12:27:14,173 - Knowledge - INFO - process ingested knowledge for /app/data/T0015/311196/b7970fw/internet-banking-concept-microservices-303209/core-banking-service/src/main/java/com/javatodev/finance/exception/InsufficientFundsException.java
2026-01-28 12:27:14,323 - Knowledge - INFO - Found code-base-name: https://github.com/kavia-common/internet-banking-concept-microservices-303209.git:kavia-development
2026-01-28 12:27:14,493 - Knowledge - INFO - Code base not found for https://github.com/kavia-common/internet-banking-concept-microservices-303209.git:kavia-development. Joining with Knowledge base_path: True.
2026-01-28 12:27:14,679 - Knowledge - INFO - /app/data/T0015/311196/b7970fw/internet-banking-concept-microservices-303209
2026-01-28 12:27:14,833 - Knowledge - INFO - process ingested knowledge for /app/data/T0015/311196/b7970fw/internet-banking-concept-microservices-303209/internet-banking-utility-payment-service/src/main/java/com/javatodev/finance/model/dto/UtilityPayment.java
2026-01-28 12:27:15,048 - Knowledge - INFO - Found code-base-name: https://github.com/kavia-common/internet-banking-concept-microservices-303209.git:kavia-development
2026-01-28 12:27:15,263 - Knowledge - INFO - Code base not found for https://github.com/kavia-common/internet-banking-concept-microservices-303209.git:kavia-development. Joining with Knowledge base_path: True.
2026-01-28 12:27:15,440 - Knowledge - INFO - /app/data/T0015/311196/b7970fw/internet-banking-concept-microservices-303209
2026-01-28 12:27:15,655 - Knowledge - INFO - process ingested knowledge for /app/data/T0015/311196/b7970fw/internet-banking-concept-microservices-303209/internet-banking-fund-transfer-service/src/main/java/com/javatodev/finance/model/dto/FundTransfer.java
2026-01-28 12:27:15,816 - Knowledge - INFO - Found code-base-name: https://github.com/kavia-common/internet-banking-concept-microservices-303209.git:kavia-development
2026-01-28 12:27:15,991 - Knowledge - INFO - Code base not found for https://github.com/kavia-common/internet-banking-concept-microservices-303209.git:kavia-development. Joining with Knowledge base_path: True.
2026-01-28 12:27:16,150 - Knowledge - INFO - /app/data/T0015/311196/b7970fw/internet-banking-concept-microservices-303209
2026-01-28 12:27:16,307 - Knowledge - INFO - process ingested knowledge for /app/data/T0015/311196/b7970fw/internet-banking-concept-microservices-303209/internet-banking-user-service/src/main/java/com/javatodev/finance/model/mapper/UserMapper.java
2026-01-28 12:27:16,474 - Knowledge - INFO - Found code-base-name: https://github.com/kavia-common/internet-banking-concept-microservices-303209.git:kavia-development
2026-01-28 12:27:16,633 - Knowledge - INFO - Code base not found for https://github.com/kavia-common/internet-banking-concept-microservices-303209.git:kavia-development. Joining with Knowledge base_path: True.
2026-01-28 12:27:16,835 - Knowledge - INFO - /app/data/T0015/311196/b7970fw/internet-banking-concept-microservices-303209
2026-01-28 12:27:16,999 - Knowledge - INFO - process ingested knowledge for /app/data/T0015/311196/b7970fw/internet-banking-concept-microservices-303209/internet-banking-fund-transfer-service/src/main/java/com/javatodev/finance/model/dto/response/AccountResponse.java
2026-01-28 12:27:17,158 - Knowledge - INFO - Found code-base-name: https://github.com/kavia-common/internet-banking-concept-microservices-303209.git:kavia-development
2026-01-28 12:27:17,329 - Knowledge - INFO - Code base not found for https://github.com/kavia-common/internet-banking-concept-microservices-303209.git:kavia-development. Joining with Knowledge base_path: True.
2026-01-28 12:27:17,526 - Knowledge - INFO - /app/data/T0015/311196/b7970fw/internet-banking-concept-microservices-303209
2026-01-28 12:27:17,713 - Knowledge - INFO - process ingested knowledge for /app/data/T0015/311196/b7970fw/internet-banking-concept-microservices-303209/core-banking-service/src/main/java/com/javatodev/finance/exception/GlobalExceptionHandler.java
2026-01-28 12:27:17,872 - Knowledge - INFO - Found code-base-name: https://github.com/kavia-common/internet-banking-concept-microservices-303209.git:kavia-development
2026-01-28 12:27:18,021 - Knowledge - INFO - Code base not found for https://github.com/kavia-common/internet-banking-concept-microservices-303209.git:kavia-development. Joining with Knowledge base_path: True.
2026-01-28 12:27:18,231 - Knowledge - INFO - /app/data/T0015/311196/b7970fw/internet-banking-concept-microservices-303209
2026-01-28 12:27:18,401 - Knowledge - INFO - process ingested knowledge for /app/data/T0015/311196/b7970fw/internet-banking-concept-microservices-303209/internet-banking-user-service/src/main/java/com/javatodev/finance/service/UserService.java
2026-01-28 12:27:18,578 - Knowledge - INFO - Found code-base-name: https://github.com/kavia-common/internet-banking-concept-microservices-303209.git:kavia-development
2026-01-28 12:27:18,784 - Knowledge - INFO - Code base not found for https://github.com/kavia-common/internet-banking-concept-microservices-303209.git:kavia-development. Joining with Knowledge base_path: True.
2026-01-28 12:27:18,950 - Knowledge - INFO - /app/data/T0015/311196/b7970fw/internet-banking-concept-microservices-303209
2026-01-28 12:27:19,139 - Knowledge - INFO - process ingested knowledge for /app/data/T0015/311196/b7970fw/internet-banking-concept-microservices-303209/internet-banking-utility-payment-service/src/main/java/com/javatodev/finance/model/rest/request/UtilityPaymentRequest.java
2026-01-28 12:27:19,345 - Knowledge - INFO - Found code-base-name: https://github.com/kavia-common/internet-banking-concept-microservices-303209.git:kavia-development
2026-01-28 12:27:19,505 - Knowledge - INFO - Code base not found for https://github.com/kavia-common/internet-banking-concept-microservices-303209.git:kavia-development. Joining with Knowledge base_path: True.
2026-01-28 12:27:19,690 - Knowledge - INFO - /app/data/T0015/311196/b7970fw/internet-banking-concept-microservices-303209
2026-01-28 12:27:19,864 - Knowledge - INFO - process ingested knowledge for /app/data/T0015/311196/b7970fw/internet-banking-concept-microservices-303209/core-banking-service/src/main/java/com/javatodev/finance/model/dto/Transaction.java
2026-01-28 12:27:20,044 - Knowledge - INFO - Found code-base-name: https://github.com/kavia-common/internet-banking-concept-microservices-303209.git:kavia-development
2026-01-28 12:27:20,215 - Knowledge - INFO - Code base not found for https://github.com/kavia-common/internet-banking-concept-microservices-303209.git:kavia-development. Joining with Knowledge base_path: True.
2026-01-28 12:27:20,379 - Knowledge - INFO - /app/data/T0015/311196/b7970fw/internet-banking-concept-microservices-303209
2026-01-28 12:27:20,549 - Knowledge - INFO - process ingested knowledge for /app/data/T0015/311196/b7970fw/internet-banking-concept-microservices-303209/core-banking-service/src/main/java/com/javatodev/finance/repository/BankAccountRepository.java
2026-01-28 12:27:20,708 - Knowledge - INFO - Found code-base-name: https://github.com/kavia-common/internet-banking-concept-microservices-303209.git:kavia-development
2026-01-28 12:27:20,920 - Knowledge - INFO - Code base not found for https://github.com/kavia-common/internet-banking-concept-microservices-303209.git:kavia-development. Joining with Knowledge base_path: True.
2026-01-28 12:27:21,127 - Knowledge - INFO - /app/data/T0015/311196/b7970fw/internet-banking-concept-microservices-303209
2026-01-28 12:27:21,301 - Knowledge - INFO - process ingested knowledge for /app/data/T0015/311196/b7970fw/internet-banking-concept-microservices-303209/internet-banking-utility-payment-service/src/main/java/com/javatodev/finance/model/rest/response/UtilityPaymentResponse.java
2026-01-28 12:27:21,501 - Knowledge - INFO - Found code-base-name: https://github.com/kavia-common/internet-banking-concept-microservices-303209.git:kavia-development
2026-01-28 12:27:21,693 - Knowledge - INFO - Code base not found for https://github.com/kavia-common/internet-banking-concept-microservices-303209.git:kavia-development. Joining with Knowledge base_path: True.
2026-01-28 12:27:21,888 - Knowledge - INFO - /app/data/T0015/311196/b7970fw/internet-banking-concept-microservices-303209
2026-01-28 12:27:22,055 - Knowledge - INFO - process ingested knowledge for /app/data/T0015/311196/b7970fw/internet-banking-concept-microservices-303209/internet-banking-utility-payment-service/src/main/java/com/javatodev/finance/exception/GlobalExceptionHandler.java
2026-01-28 12:27:22,216 - Knowledge - INFO - Found code-base-name: https://github.com/kavia-common/internet-banking-concept-microservices-303209.git:kavia-development
2026-01-28 12:27:22,390 - Knowledge - INFO - Code base not found for https://github.com/kavia-common/internet-banking-concept-microservices-303209.git:kavia-development. Joining with Knowledge base_path: True.
2026-01-28 12:27:22,549 - Knowledge - INFO - /app/data/T0015/311196/b7970fw/internet-banking-concept-microservices-303209
2026-01-28 12:27:22,759 - Knowledge - INFO - process ingested knowledge for /app/data/T0015/311196/b7970fw/internet-banking-concept-microservices-303209/core-banking-service/src/main/java/com/javatodev/finance/model/TransactionType.java
2026-01-28 12:27:22,969 - Knowledge - INFO - Found code-base-name: https://github.com/kavia-common/internet-banking-concept-microservices-303209.git:kavia-development
2026-01-28 12:27:23,154 - Knowledge - INFO - Code base not found for https://github.com/kavia-common/internet-banking-concept-microservices-303209.git:kavia-development. Joining with Knowledge base_path: True.
2026-01-28 12:27:23,310 - Knowledge - INFO - /app/data/T0015/311196/b7970fw/internet-banking-concept-microservices-303209
2026-01-28 12:27:23,473 - Knowledge - INFO - process ingested knowledge for /app/data/T0015/311196/b7970fw/internet-banking-concept-microservices-303209/internet-banking-user-service/src/main/java/com/javatodev/finance/exception/GlobalExceptionHandler.java
2026-01-28 12:27:23,680 - Knowledge - INFO - Found code-base-name: https://github.com/kavia-common/internet-banking-concept-microservices-303209.git:kavia-development
2026-01-28 12:27:23,877 - Knowledge - INFO - Code base not found for https://github.com/kavia-common/internet-banking-concept-microservices-303209.git:kavia-development. Joining with Knowledge base_path: True.
2026-01-28 12:27:24,037 - Knowledge - INFO - /app/data/T0015/311196/b7970fw/internet-banking-concept-microservices-303209
2026-01-28 12:27:24,192 - Knowledge - INFO - process ingested knowledge for /app/data/T0015/311196/b7970fw/internet-banking-concept-microservices-303209/core-banking-service/src/main/java/com/javatodev/finance/model/entity/UserEntity.java
2026-01-28 12:27:24,355 - Knowledge - INFO - Found code-base-name: https://github.com/kavia-common/internet-banking-concept-microservices-303209.git:kavia-development
2026-01-28 12:27:24,522 - Knowledge - INFO - Code base not found for https://github.com/kavia-common/internet-banking-concept-microservices-303209.git:kavia-development. Joining with Knowledge base_path: True.
2026-01-28 12:27:24,717 - Knowledge - INFO - /app/data/T0015/311196/b7970fw/internet-banking-concept-microservices-303209
2026-01-28 12:27:24,921 - Knowledge - INFO - process ingested knowledge for /app/data/T0015/311196/b7970fw/internet-banking-concept-microservices-303209/internet-banking-user-service/src/main/java/com/javatodev/finance/exception/UserAlreadyRegisteredException.java
2026-01-28 12:27:25,128 - Knowledge - INFO - Found code-base-name: https://github.com/kavia-common/internet-banking-concept-microservices-303209.git:kavia-development
2026-01-28 12:27:25,327 - Knowledge - INFO - Code base not found for https://github.com/kavia-common/internet-banking-concept-microservices-303209.git:kavia-development. Joining with Knowledge base_path: True.
2026-01-28 12:27:25,509 - Knowledge - INFO - /app/data/T0015/311196/b7970fw/internet-banking-concept-microservices-303209
2026-01-28 12:27:25,691 - Knowledge - INFO - process ingested knowledge for /app/data/T0015/311196/b7970fw/internet-banking-concept-microservices-303209/core-banking-service/src/main/java/com/javatodev/finance/model/mapper/UserMapper.java
2026-01-28 12:27:25,886 - Knowledge - INFO - Found code-base-name: https://github.com/kavia-common/internet-banking-concept-microservices-303209.git:kavia-development
2026-01-28 12:27:26,054 - Knowledge - INFO - Code base not found for https://github.com/kavia-common/internet-banking-concept-microservices-303209.git:kavia-development. Joining with Knowledge base_path: True.
2026-01-28 12:27:26,217 - Knowledge - INFO - /app/data/T0015/311196/b7970fw/internet-banking-concept-microservices-303209
2026-01-28 12:27:26,419 - Knowledge - INFO - process ingested knowledge for /app/data/T0015/311196/b7970fw/internet-banking-concept-microservices-303209/internet-banking-fund-transfer-service/src/main/java/com/javatodev/finance/exception/GlobalExceptionHandler.java
2026-01-28 12:27:26,631 - Knowledge - INFO - Found code-base-name: https://github.com/kavia-common/internet-banking-concept-microservices-303209.git:kavia-development
2026-01-28 12:27:26,810 - Knowledge - INFO - Code base not found for https://github.com/kavia-common/internet-banking-concept-microservices-303209.git:kavia-development. Joining with Knowledge base_path: True.
2026-01-28 12:27:26,978 - Knowledge - INFO - /app/data/T0015/311196/b7970fw/internet-banking-concept-microservices-303209
2026-01-28 12:27:27,180 - Knowledge - INFO - process ingested knowledge for /app/data/T0015/311196/b7970fw/internet-banking-concept-microservices-303209/postman_collection/BANKING_CORE_MICROSERVICES_PROJECT.postman_environment.json
2026-01-28 12:27:27,367 - Knowledge - INFO - Found code-base-name: https://github.com/kavia-common/internet-banking-concept-microservices-303209.git:kavia-development
2026-01-28 12:27:27,535 - Knowledge - INFO - Code base not found for https://github.com/kavia-common/internet-banking-concept-microservices-303209.git:kavia-development. Joining with Knowledge base_path: True.
2026-01-28 12:27:27,713 - Knowledge - INFO - /app/data/T0015/311196/b7970fw/internet-banking-concept-microservices-303209
2026-01-28 12:27:27,874 - Knowledge - INFO - process ingested knowledge for /app/data/T0015/311196/b7970fw/internet-banking-concept-microservices-303209/core-banking-service/src/main/java/com/javatodev/finance/CoreBankingServiceApplication.java
2026-01-28 12:27:28,096 - Knowledge - INFO - Found code-base-name: https://github.com/kavia-common/internet-banking-concept-microservices-303209.git:kavia-development
2026-01-28 12:27:28,262 - Knowledge - INFO - Code base not found for https://github.com/kavia-common/internet-banking-concept-microservices-303209.git:kavia-development. Joining with Knowledge base_path: True.
2026-01-28 12:27:28,418 - Knowledge - INFO - /app/data/T0015/311196/b7970fw/internet-banking-concept-microservices-303209
2026-01-28 12:27:28,607 - Knowledge - INFO - process ingested knowledge for /app/data/T0015/311196/b7970fw/internet-banking-concept-microservices-303209/internet-banking-user-service/src/main/java/com/javatodev/finance/exception/InvalidEmailException.java
2026-01-28 12:27:28,806 - Knowledge - INFO - Found code-base-name: https://github.com/kavia-common/internet-banking-concept-microservices-303209.git:kavia-development
2026-01-28 12:27:28,971 - Knowledge - INFO - Code base not found for https://github.com/kavia-common/internet-banking-concept-microservices-303209.git:kavia-development. Joining with Knowledge base_path: True.
2026-01-28 12:27:29,146 - Knowledge - INFO - /app/data/T0015/311196/b7970fw/internet-banking-concept-microservices-303209
2026-01-28 12:27:29,308 - Knowledge - INFO - process ingested knowledge for /app/data/T0015/311196/b7970fw/internet-banking-concept-microservices-303209/README.md
2026-01-28 12:27:29,459 - Knowledge - INFO - Found code-base-name: https://github.com/kavia-common/internet-banking-concept-microservices-303209.git:kavia-development
2026-01-28 12:27:29,632 - Knowledge - INFO - Code base not found for https://github.com/kavia-common/internet-banking-concept-microservices-303209.git:kavia-development. Joining with Knowledge base_path: True.
2026-01-28 12:27:29,791 - Knowledge - INFO - /app/data/T0015/311196/b7970fw/internet-banking-concept-microservices-303209
2026-01-28 12:27:29,984 - Knowledge - INFO - process ingested knowledge for /app/data/T0015/311196/b7970fw/internet-banking-concept-microservices-303209/internet-banking-utility-payment-service/src/test/resources/application.yml
2026-01-28 12:27:30,154 - Knowledge - INFO - Found code-base-name: https://github.com/kavia-common/internet-banking-concept-microservices-303209.git:kavia-development
2026-01-28 12:27:30,372 - Knowledge - INFO - Code base not found for https://github.com/kavia-common/internet-banking-concept-microservices-303209.git:kavia-development. Joining with Knowledge base_path: True.
2026-01-28 12:27:30,549 - Knowledge - INFO - /app/data/T0015/311196/b7970fw/internet-banking-concept-microservices-303209
2026-01-28 12:27:30,749 - Knowledge - INFO - process ingested knowledge for /app/data/T0015/311196/b7970fw/internet-banking-concept-microservices-303209/internet-banking-user-service/src/test/resources/application.yml
2026-01-28 12:27:30,912 - Knowledge - INFO - Found code-base-name: https://github.com/kavia-common/internet-banking-concept-microservices-303209.git:kavia-development
2026-01-28 12:27:31,086 - Knowledge - INFO - Code base not found for https://github.com/kavia-common/internet-banking-concept-microservices-303209.git:kavia-development. Joining with Knowledge base_path: True.
2026-01-28 12:27:31,296 - Knowledge - INFO - /app/data/T0015/311196/b7970fw/internet-banking-concept-microservices-303209
2026-01-28 12:27:31,472 - Knowledge - INFO - process ingested knowledge for /app/data/T0015/311196/b7970fw/internet-banking-concept-microservices-303209/internet-banking-fund-transfer-service/src/main/java/com/javatodev/finance/model/mapper/BaseMapper.java
2026-01-28 12:27:31,695 - Knowledge - INFO - Found code-base-name: https://github.com/kavia-common/internet-banking-concept-microservices-303209.git:kavia-development
2026-01-28 12:27:31,868 - Knowledge - INFO - Code base not found for https://github.com/kavia-common/internet-banking-concept-microservices-303209.git:kavia-development. Joining with Knowledge base_path: True.
2026-01-28 12:27:32,025 - Knowledge - INFO - /app/data/T0015/311196/b7970fw/internet-banking-concept-microservices-303209
2026-01-28 12:27:32,207 - Knowledge - INFO - process ingested knowledge for /app/data/T0015/311196/b7970fw/internet-banking-concept-microservices-303209/internet-banking-user-service/src/main/java/com/javatodev/finance/exception/GlobalErrorCode.java
2026-01-28 12:27:32,420 - Knowledge - INFO - Found code-base-name: https://github.com/kavia-common/internet-banking-concept-microservices-303209.git:kavia-development
2026-01-28 12:27:32,597 - Knowledge - INFO - Code base not found for https://github.com/kavia-common/internet-banking-concept-microservices-303209.git:kavia-development. Joining with Knowledge base_path: True.
2026-01-28 12:27:32,809 - Knowledge - INFO - /app/data/T0015/311196/b7970fw/internet-banking-concept-microservices-303209
2026-01-28 12:27:32,963 - Knowledge - INFO - process ingested knowledge for /app/data/T0015/311196/b7970fw/internet-banking-concept-microservices-303209/core-banking-service/src/main/java/com/javatodev/finance/repository/UtilityAccountRepository.java
2026-01-28 12:27:33,139 - Knowledge - INFO - Found code-base-name: https://github.com/kavia-common/internet-banking-concept-microservices-303209.git:kavia-development
2026-01-28 12:27:33,314 - Knowledge - INFO - Code base not found for https://github.com/kavia-common/internet-banking-concept-microservices-303209.git:kavia-development. Joining with Knowledge base_path: True.
2026-01-28 12:27:33,525 - Knowledge - INFO - /app/data/T0015/311196/b7970fw/internet-banking-concept-microservices-303209
2026-01-28 12:27:33,681 - Knowledge - INFO - process ingested knowledge for /app/data/T0015/311196/b7970fw/internet-banking-concept-microservices-303209/internet-banking-user-service/src/main/java/com/javatodev/finance/model/mapper/BaseMapper.java
2026-01-28 12:27:33,886 - Knowledge - INFO - Found code-base-name: https://github.com/kavia-common/internet-banking-concept-microservices-303209.git:kavia-development
2026-01-28 12:27:34,041 - Knowledge - INFO - Code base not found for https://github.com/kavia-common/internet-banking-concept-microservices-303209.git:kavia-development. Joining with Knowledge base_path: True.
2026-01-28 12:27:34,203 - Knowledge - INFO - /app/data/T0015/311196/b7970fw/internet-banking-concept-microservices-303209
2026-01-28 12:27:34,384 - Knowledge - INFO - process ingested knowledge for /app/data/T0015/311196/b7970fw/internet-banking-concept-microservices-303209/internet-banking-utility-payment-service/src/main/java/com/javatodev/finance/model/mapper/BaseMapper.java
2026-01-28 12:27:34,565 - Knowledge - INFO - Found code-base-name: https://github.com/kavia-common/internet-banking-concept-microservices-303209.git:kavia-development
2026-01-28 12:27:34,721 - Knowledge - INFO - Code base not found for https://github.com/kavia-common/internet-banking-concept-microservices-303209.git:kavia-development. Joining with Knowledge base_path: True.
2026-01-28 12:27:34,891 - Knowledge - INFO - /app/data/T0015/311196/b7970fw/internet-banking-concept-microservices-303209
2026-01-28 12:27:35,070 - Knowledge - INFO - process ingested knowledge for /app/data/T0015/311196/b7970fw/internet-banking-concept-microservices-303209/core-banking-service/src/main/java/com/javatodev/finance/service/UserService.java
2026-01-28 12:27:35,243 - Knowledge - INFO - Found code-base-name: https://github.com/kavia-common/internet-banking-concept-microservices-303209.git:kavia-development
2026-01-28 12:27:35,414 - Knowledge - INFO - Code base not found for https://github.com/kavia-common/internet-banking-concept-microservices-303209.git:kavia-development. Joining with Knowledge base_path: True.
2026-01-28 12:27:35,582 - Knowledge - INFO - /app/data/T0015/311196/b7970fw/internet-banking-concept-microservices-303209
2026-01-28 12:27:35,783 - Knowledge - INFO - process ingested knowledge for /app/data/T0015/311196/b7970fw/internet-banking-concept-microservices-303209/internet-banking-fund-transfer-service/src/test/resources/application.yml
2026-01-28 12:27:35,987 - Knowledge - INFO - Found code-base-name: https://github.com/kavia-common/internet-banking-concept-microservices-303209.git:kavia-development
2026-01-28 12:27:36,148 - Knowledge - INFO - Code base not found for https://github.com/kavia-common/internet-banking-concept-microservices-303209.git:kavia-development. Joining with Knowledge base_path: True.
2026-01-28 12:27:36,344 - Knowledge - INFO - /app/data/T0015/311196/b7970fw/internet-banking-concept-microservices-303209
2026-01-28 12:27:36,493 - Knowledge - INFO - process ingested knowledge for /app/data/T0015/311196/b7970fw/internet-banking-concept-microservices-303209/core-banking-service/src/main/java/com/javatodev/finance/controller/UserController.java
2026-01-28 12:27:36,672 - Knowledge - INFO - Found code-base-name: https://github.com/kavia-common/internet-banking-concept-microservices-303209.git:kavia-development
2026-01-28 12:27:36,860 - Knowledge - INFO - Code base not found for https://github.com/kavia-common/internet-banking-concept-microservices-303209.git:kavia-development. Joining with Knowledge base_path: True.
2026-01-28 12:27:37,042 - Knowledge - INFO - /app/data/T0015/311196/b7970fw/internet-banking-concept-microservices-303209
2026-01-28 12:27:37,238 - Knowledge - INFO - process ingested knowledge for /app/data/T0015/311196/b7970fw/internet-banking-concept-microservices-303209/internet-banking-api-gateway/settings.gradle
2026-01-28 12:27:37,400 - Knowledge - INFO - Found code-base-name: https://github.com/kavia-common/internet-banking-concept-microservices-303209.git:kavia-development
2026-01-28 12:27:37,579 - Knowledge - INFO - Code base not found for https://github.com/kavia-common/internet-banking-concept-microservices-303209.git:kavia-development. Joining with Knowledge base_path: True.
2026-01-28 12:27:37,745 - Knowledge - INFO - /app/data/T0015/311196/b7970fw/internet-banking-concept-microservices-303209
2026-01-28 12:27:37,895 - Knowledge - INFO - process ingested knowledge for /app/data/T0015/311196/b7970fw/internet-banking-concept-microservices-303209/internet-banking-fund-transfer-service/src/main/java/com/javatodev/finance/model/TransactionStatus.java
2026-01-28 12:27:38,071 - Knowledge - INFO - Found code-base-name: https://github.com/kavia-common/internet-banking-concept-microservices-303209.git:kavia-development
2026-01-28 12:27:38,230 - Knowledge - INFO - Code base not found for https://github.com/kavia-common/internet-banking-concept-microservices-303209.git:kavia-development. Joining with Knowledge base_path: True.
2026-01-28 12:27:38,417 - Knowledge - INFO - /app/data/T0015/311196/b7970fw/internet-banking-concept-microservices-303209
2026-01-28 12:27:38,647 - Knowledge - INFO - process ingested knowledge for /app/data/T0015/311196/b7970fw/internet-banking-concept-microservices-303209/internet-banking-config-server/build.gradle
2026-01-28 12:27:38,840 - Knowledge - INFO - Found code-base-name: https://github.com/kavia-common/internet-banking-concept-microservices-303209.git:kavia-development
2026-01-28 12:27:38,996 - Knowledge - INFO - Code base not found for https://github.com/kavia-common/internet-banking-concept-microservices-303209.git:kavia-development. Joining with Knowledge base_path: True.
2026-01-28 12:27:39,217 - Knowledge - INFO - /app/data/T0015/311196/b7970fw/internet-banking-concept-microservices-303209
2026-01-28 12:27:39,405 - Knowledge - INFO - process ingested knowledge for /app/data/T0015/311196/b7970fw/internet-banking-concept-microservices-303209/internet-banking-utility-payment-service/src/main/java/com/javatodev/finance/InternetBankingUtilityPaymentServiceApplication.java
2026-01-28 12:27:39,565 - Knowledge - INFO - Found code-base-name: https://github.com/kavia-common/internet-banking-concept-microservices-303209.git:kavia-development
2026-01-28 12:27:39,746 - Knowledge - INFO - Code base not found for https://github.com/kavia-common/internet-banking-concept-microservices-303209.git:kavia-development. Joining with Knowledge base_path: True.
2026-01-28 12:27:39,920 - Knowledge - INFO - /app/data/T0015/311196/b7970fw/internet-banking-concept-microservices-303209
2026-01-28 12:27:40,109 - Knowledge - INFO - process ingested knowledge for /app/data/T0015/311196/b7970fw/internet-banking-concept-microservices-303209/core-banking-service/src/main/resources/db/migration/V1.0.20210427174638__create_base_table_structure.sql
2026-01-28 12:27:40,314 - Knowledge - INFO - Found code-base-name: https://github.com/kavia-common/internet-banking-concept-microservices-303209.git:kavia-development
2026-01-28 12:27:40,507 - Knowledge - INFO - Code base not found for https://github.com/kavia-common/internet-banking-concept-microservices-303209.git:kavia-development. Joining with Knowledge base_path: True.
2026-01-28 12:27:40,681 - Knowledge - INFO - /app/data/T0015/311196/b7970fw/internet-banking-concept-microservices-303209
2026-01-28 12:27:40,886 - Knowledge - INFO - process ingested knowledge for /app/data/T0015/311196/b7970fw/internet-banking-concept-microservices-303209/internet-banking-utility-payment-service/src/main/java/com/javatodev/finance/model/TransactionStatus.java
2026-01-28 12:27:41,050 - Knowledge - INFO - Found code-base-name: https://github.com/kavia-common/internet-banking-concept-microservices-303209.git:kavia-development
2026-01-28 12:27:41,209 - Knowledge - INFO - Code base not found for https://github.com/kavia-common/internet-banking-concept-microservices-303209.git:kavia-development. Joining with Knowledge base_path: True.
2026-01-28 12:27:41,369 - Knowledge - INFO - /app/data/T0015/311196/b7970fw/internet-banking-concept-microservices-303209
2026-01-28 12:27:41,554 - Knowledge - INFO - process ingested knowledge for /app/data/T0015/311196/b7970fw/internet-banking-concept-microservices-303209/internet-banking-fund-transfer-service/src/main/java/com/javatodev/finance/InternetBankingFundTransferServiceApplication.java
2026-01-28 12:27:41,741 - Knowledge - INFO - Found code-base-name: https://github.com/kavia-common/internet-banking-concept-microservices-303209.git:kavia-development
2026-01-28 12:27:41,899 - Knowledge - INFO - Code base not found for https://github.com/kavia-common/internet-banking-concept-microservices-303209.git:kavia-development. Joining with Knowledge base_path: True.
2026-01-28 12:27:42,062 - Knowledge - INFO - /app/data/T0015/311196/b7970fw/internet-banking-concept-microservices-303209
2026-01-28 12:27:42,228 - Knowledge - INFO - process ingested knowledge for /app/data/T0015/311196/b7970fw/internet-banking-concept-microservices-303209/core-banking-service/src/test/java/com/javatodev/finance/CoreBankingServiceApplicationTests.java
2026-01-28 12:27:42,405 - Knowledge - INFO - Found code-base-name: https://github.com/kavia-common/internet-banking-concept-microservices-303209.git:kavia-development
2026-01-28 12:27:42,614 - Knowledge - INFO - Code base not found for https://github.com/kavia-common/internet-banking-concept-microservices-303209.git:kavia-development. Joining with Knowledge base_path: True.
2026-01-28 12:27:42,792 - Knowledge - INFO - /app/data/T0015/311196/b7970fw/internet-banking-concept-microservices-303209
2026-01-28 12:27:42,963 - Knowledge - INFO - process ingested knowledge for /app/data/T0015/311196/b7970fw/internet-banking-concept-microservices-303209/internet-banking-api-gateway/src/main/java/com/javatodev/finance/configuration/security/SecurityConfiguration.java
2026-01-28 12:27:43,185 - Knowledge - INFO - Found code-base-name: https://github.com/kavia-common/internet-banking-concept-microservices-303209.git:kavia-development
2026-01-28 12:27:43,327 - Knowledge - INFO - Code base not found for https://github.com/kavia-common/internet-banking-concept-microservices-303209.git:kavia-development. Joining with Knowledge base_path: True.
2026-01-28 12:27:43,489 - Knowledge - INFO - /app/data/T0015/311196/b7970fw/internet-banking-concept-microservices-303209
2026-01-28 12:27:43,657 - Knowledge - INFO - process ingested knowledge for /app/data/T0015/311196/b7970fw/internet-banking-concept-microservices-303209/internet-banking-user-service/src/main/java/com/javatodev/finance/model/dto/Status.java
2026-01-28 12:27:43,856 - Knowledge - INFO - Found code-base-name: https://github.com/kavia-common/internet-banking-concept-microservices-303209.git:kavia-development
2026-01-28 12:27:44,015 - Knowledge - INFO - Code base not found for https://github.com/kavia-common/internet-banking-concept-microservices-303209.git:kavia-development. Joining with Knowledge base_path: True.
2026-01-28 12:27:44,190 - Knowledge - INFO - /app/data/T0015/311196/b7970fw/internet-banking-concept-microservices-303209
2026-01-28 12:27:44,349 - Knowledge - INFO - process ingested knowledge for /app/data/T0015/311196/b7970fw/internet-banking-concept-microservices-303209/internet-banking-user-service/src/main/java/com/javatodev/finance/configuration/CustomFeignClientConfiguration.java
2026-01-28 12:27:44,550 - Knowledge - INFO - Found code-base-name: https://github.com/kavia-common/internet-banking-concept-microservices-303209.git:kavia-development
2026-01-28 12:27:44,775 - Knowledge - INFO - Code base not found for https://github.com/kavia-common/internet-banking-concept-microservices-303209.git:kavia-development. Joining with Knowledge base_path: True.
2026-01-28 12:27:44,985 - Knowledge - INFO - /app/data/T0015/311196/b7970fw/internet-banking-concept-microservices-303209
2026-01-28 12:27:45,165 - Knowledge - INFO - process ingested knowledge for /app/data/T0015/311196/b7970fw/internet-banking-concept-microservices-303209/internet-banking-utility-payment-service/src/main/java/com/javatodev/finance/configuration/CustomFeignClientConfiguration.java
2026-01-28 12:27:45,343 - Knowledge - INFO - Found code-base-name: https://github.com/kavia-common/internet-banking-concept-microservices-303209.git:kavia-development
2026-01-28 12:27:45,516 - Knowledge - INFO - Code base not found for https://github.com/kavia-common/internet-banking-concept-microservices-303209.git:kavia-development. Joining with Knowledge base_path: True.
2026-01-28 12:27:45,692 - Knowledge - INFO - /app/data/T0015/311196/b7970fw/internet-banking-concept-microservices-303209
2026-01-28 12:27:45,854 - Knowledge - INFO - process ingested knowledge for /app/data/T0015/311196/b7970fw/internet-banking-concept-microservices-303209/internet-banking-utility-payment-service/src/main/java/com/javatodev/finance/exception/SimpleBankingGlobalException.java
2026-01-28 12:27:46,028 - Knowledge - INFO - Found code-base-name: https://github.com/kavia-common/internet-banking-concept-microservices-303209.git:kavia-development
2026-01-28 12:27:46,190 - Knowledge - INFO - Code base not found for https://github.com/kavia-common/internet-banking-concept-microservices-303209.git:kavia-development. Joining with Knowledge base_path: True.
2026-01-28 12:27:46,389 - Knowledge - INFO - /app/data/T0015/311196/b7970fw/internet-banking-concept-microservices-303209
2026-01-28 12:27:46,550 - Knowledge - INFO - process ingested knowledge for /app/data/T0015/311196/b7970fw/internet-banking-concept-microservices-303209/internet-banking-user-service/src/main/java/com/javatodev/finance/exception/SimpleBankingGlobalException.java
2026-01-28 12:27:46,711 - Knowledge - INFO - Found code-base-name: https://github.com/kavia-common/internet-banking-concept-microservices-303209.git:kavia-development
2026-01-28 12:27:46,873 - Knowledge - INFO - Code base not found for https://github.com/kavia-common/internet-banking-concept-microservices-303209.git:kavia-development. Joining with Knowledge base_path: True.
2026-01-28 12:27:47,067 - Knowledge - INFO - /app/data/T0015/311196/b7970fw/internet-banking-concept-microservices-303209
2026-01-28 12:27:47,243 - Knowledge - INFO - process ingested knowledge for /app/data/T0015/311196/b7970fw/internet-banking-concept-microservices-303209/core-banking-service/settings.gradle
2026-01-28 12:27:47,445 - Knowledge - INFO - Found code-base-name: https://github.com/kavia-common/internet-banking-concept-microservices-303209.git:kavia-development
2026-01-28 12:27:47,602 - Knowledge - INFO - Code base not found for https://github.com/kavia-common/internet-banking-concept-microservices-303209.git:kavia-development. Joining with Knowledge base_path: True.
2026-01-28 12:27:47,769 - Knowledge - INFO - /app/data/T0015/311196/b7970fw/internet-banking-concept-microservices-303209
2026-01-28 12:27:48,004 - Knowledge - INFO - process ingested knowledge for /app/data/T0015/311196/b7970fw/internet-banking-concept-microservices-303209/core-banking-service/src/main/java/com/javatodev/finance/repository/UserRepository.java
2026-01-28 12:27:48,244 - Knowledge - INFO - Found code-base-name: https://github.com/kavia-common/internet-banking-concept-microservices-303209.git:kavia-development
2026-01-28 12:27:48,423 - Knowledge - INFO - Code base not found for https://github.com/kavia-common/internet-banking-concept-microservices-303209.git:kavia-development. Joining with Knowledge base_path: True.
2026-01-28 12:27:48,590 - Knowledge - INFO - /app/data/T0015/311196/b7970fw/internet-banking-concept-microservices-303209
2026-01-28 12:27:48,768 - Knowledge - INFO - process ingested knowledge for /app/data/T0015/311196/b7970fw/internet-banking-concept-microservices-303209/core-banking-service/src/main/java/com/javatodev/finance/service/AccountService.java
2026-01-28 12:27:48,924 - Knowledge - INFO - Found code-base-name: https://github.com/kavia-common/internet-banking-concept-microservices-303209.git:kavia-development
2026-01-28 12:27:49,090 - Knowledge - INFO - Code base not found for https://github.com/kavia-common/internet-banking-concept-microservices-303209.git:kavia-development. Joining with Knowledge base_path: True.
2026-01-28 12:27:49,244 - Knowledge - INFO - /app/data/T0015/311196/b7970fw/internet-banking-concept-microservices-303209
2026-01-28 12:27:49,416 - Knowledge - INFO - process ingested knowledge for /app/data/T0015/311196/b7970fw/internet-banking-concept-microservices-303209/internet-banking-fund-transfer-service/src/main/java/com/javatodev/finance/exception/SimpleBankingGlobalException.java
2026-01-28 12:27:49,603 - Knowledge - INFO - Found code-base-name: https://github.com/kavia-common/internet-banking-concept-microservices-303209.git:kavia-development
2026-01-28 12:27:49,773 - Knowledge - INFO - Code base not found for https://github.com/kavia-common/internet-banking-concept-microservices-303209.git:kavia-development. Joining with Knowledge base_path: True.
2026-01-28 12:27:49,934 - Knowledge - INFO - /app/data/T0015/311196/b7970fw/internet-banking-concept-microservices-303209
2026-01-28 12:27:50,084 - Knowledge - INFO - process ingested knowledge for /app/data/T0015/311196/b7970fw/internet-banking-concept-microservices-303209/internet-banking-fund-transfer-service/src/main/java/com/javatodev/finance/configuration/CustomFeignClientConfiguration.java
2026-01-28 12:27:50,276 - Knowledge - INFO - Found code-base-name: https://github.com/kavia-common/internet-banking-concept-microservices-303209.git:kavia-development
2026-01-28 12:27:50,426 - Knowledge - INFO - Code base not found for https://github.com/kavia-common/internet-banking-concept-microservices-303209.git:kavia-development. Joining with Knowledge base_path: True.
2026-01-28 12:27:50,610 - Knowledge - INFO - /app/data/T0015/311196/b7970fw/internet-banking-concept-microservices-303209
2026-01-28 12:27:50,782 - Knowledge - INFO - process ingested knowledge for /app/data/T0015/311196/b7970fw/internet-banking-concept-microservices-303209/core-banking-service/src/main/java/com/javatodev/finance/model/entity/UtilityAccountEntity.java
2026-01-28 12:27:50,999 - Knowledge - INFO - Found code-base-name: https://github.com/kavia-common/internet-banking-concept-microservices-303209.git:kavia-development
2026-01-28 12:27:51,177 - Knowledge - INFO - Code base not found for https://github.com/kavia-common/internet-banking-concept-microservices-303209.git:kavia-development. Joining with Knowledge base_path: True.
2026-01-28 12:27:51,345 - Knowledge - INFO - /app/data/T0015/311196/b7970fw/internet-banking-concept-microservices-303209
2026-01-28 12:27:51,510 - Knowledge - INFO - process ingested knowledge for /app/data/T0015/311196/b7970fw/internet-banking-concept-microservices-303209/internet-banking-utility-payment-service/settings.gradle
2026-01-28 12:27:51,720 - Knowledge - INFO - Found code-base-name: https://github.com/kavia-common/internet-banking-concept-microservices-303209.git:kavia-development
2026-01-28 12:27:51,898 - Knowledge - INFO - Code base not found for https://github.com/kavia-common/internet-banking-concept-microservices-303209.git:kavia-development. Joining with Knowledge base_path: True.
2026-01-28 12:27:52,101 - Knowledge - INFO - /app/data/T0015/311196/b7970fw/internet-banking-concept-microservices-303209
2026-01-28 12:27:52,273 - Knowledge - INFO - process ingested knowledge for /app/data/T0015/311196/b7970fw/internet-banking-concept-microservices-303209/internet-banking-user-service/settings.gradle
2026-01-28 12:27:52,443 - Knowledge - INFO - Found code-base-name: https://github.com/kavia-common/internet-banking-concept-microservices-303209.git:kavia-development
2026-01-28 12:27:52,610 - Knowledge - INFO - Code base not found for https://github.com/kavia-common/internet-banking-concept-microservices-303209.git:kavia-development. Joining with Knowledge base_path: True.
2026-01-28 12:27:52,788 - Knowledge - INFO - /app/data/T0015/311196/b7970fw/internet-banking-concept-microservices-303209
2026-01-28 12:27:52,945 - Knowledge - INFO - process ingested knowledge for /app/data/T0015/311196/b7970fw/internet-banking-concept-microservices-303209/internet-banking-fund-transfer-service/settings.gradle
2026-01-28 12:27:53,150 - Knowledge - INFO - Found code-base-name: https://github.com/kavia-common/internet-banking-concept-microservices-303209.git:kavia-development
2026-01-28 12:27:53,320 - Knowledge - INFO - Code base not found for https://github.com/kavia-common/internet-banking-concept-microservices-303209.git:kavia-development. Joining with Knowledge base_path: True.
2026-01-28 12:27:53,553 - Knowledge - INFO - /app/data/T0015/311196/b7970fw/internet-banking-concept-microservices-303209
2026-01-28 12:27:53,717 - Knowledge - INFO - process ingested knowledge for /app/data/T0015/311196/b7970fw/internet-banking-concept-microservices-303209/core-banking-service/src/main/java/com/javatodev/finance/model/mapper/UtilityAccountMapper.java
2026-01-28 12:27:53,891 - Knowledge - INFO - Found code-base-name: https://github.com/kavia-common/internet-banking-concept-microservices-303209.git:kavia-development
2026-01-28 12:27:54,120 - Knowledge - INFO - Code base not found for https://github.com/kavia-common/internet-banking-concept-microservices-303209.git:kavia-development. Joining with Knowledge base_path: True.
2026-01-28 12:27:54,273 - Knowledge - INFO - /app/data/T0015/311196/b7970fw/internet-banking-concept-microservices-303209
2026-01-28 12:27:54,430 - Knowledge - INFO - process ingested knowledge for /app/data/T0015/311196/b7970fw/internet-banking-concept-microservices-303209/internet-banking-user-service/src/main/java/com/javatodev/finance/model/repository/UserRepository.java
2026-01-28 12:27:54,593 - Knowledge - INFO - Found code-base-name: https://github.com/kavia-common/internet-banking-concept-microservices-303209.git:kavia-development
2026-01-28 12:27:54,793 - Knowledge - INFO - Code base not found for https://github.com/kavia-common/internet-banking-concept-microservices-303209.git:kavia-development. Joining with Knowledge base_path: True.
2026-01-28 12:27:54,965 - Knowledge - INFO - /app/data/T0015/311196/b7970fw/internet-banking-concept-microservices-303209
2026-01-28 12:27:55,134 - Knowledge - INFO - process ingested knowledge for /app/data/T0015/311196/b7970fw/internet-banking-concept-microservices-303209/core-banking-service/src/main/java/com/javatodev/finance/exception/SimpleBankingGlobalException.java
2026-01-28 12:27:55,298 - Knowledge - INFO - Found code-base-name: https://github.com/kavia-common/internet-banking-concept-microservices-303209.git:kavia-development
2026-01-28 12:27:55,490 - Knowledge - INFO - Code base not found for https://github.com/kavia-common/internet-banking-concept-microservices-303209.git:kavia-development. Joining with Knowledge base_path: True.
2026-01-28 12:27:55,656 - Knowledge - INFO - /app/data/T0015/311196/b7970fw/internet-banking-concept-microservices-303209
2026-01-28 12:27:55,820 - Knowledge - INFO - process ingested knowledge for /app/data/T0015/311196/b7970fw/internet-banking-concept-microservices-303209/internet-banking-fund-transfer-service/src/main/java/com/javatodev/finance/service/rest/client/BankingCoreFeignClient.java
2026-01-28 12:27:56,000 - Knowledge - INFO - Found code-base-name: https://github.com/kavia-common/internet-banking-concept-microservices-303209.git:kavia-development
2026-01-28 12:27:56,193 - Knowledge - INFO - Code base not found for https://github.com/kavia-common/internet-banking-concept-microservices-303209.git:kavia-development. Joining with Knowledge base_path: True.
2026-01-28 12:27:56,365 - Knowledge - INFO - /app/data/T0015/311196/b7970fw/internet-banking-concept-microservices-303209
2026-01-28 12:27:56,534 - Knowledge - INFO - process ingested knowledge for /app/data/T0015/311196/b7970fw/internet-banking-concept-microservices-303209/internet-banking-config-server/src/main/resources/application.yml
2026-01-28 12:27:56,757 - Knowledge - INFO - Found code-base-name: https://github.com/kavia-common/internet-banking-concept-microservices-303209.git:kavia-development
2026-01-28 12:27:56,924 - Knowledge - INFO - Code base not found for https://github.com/kavia-common/internet-banking-concept-microservices-303209.git:kavia-development. Joining with Knowledge base_path: True.
2026-01-28 12:27:57,087 - Knowledge - INFO - /app/data/T0015/311196/b7970fw/internet-banking-concept-microservices-303209
2026-01-28 12:27:57,297 - Knowledge - INFO - process ingested knowledge for /app/data/T0015/311196/b7970fw/internet-banking-concept-microservices-303209/core-banking-service/src/main/java/com/javatodev/finance/model/mapper/BankAccountMapper.java
2026-01-28 12:27:57,525 - Knowledge - INFO - Found code-base-name: https://github.com/kavia-common/internet-banking-concept-microservices-303209.git:kavia-development
2026-01-28 12:27:57,709 - Knowledge - INFO - Code base not found for https://github.com/kavia-common/internet-banking-concept-microservices-303209.git:kavia-development. Joining with Knowledge base_path: True.
2026-01-28 12:27:57,921 - Knowledge - INFO - /app/data/T0015/311196/b7970fw/internet-banking-concept-microservices-303209
2026-01-28 12:27:58,099 - Knowledge - INFO - process ingested knowledge for /app/data/T0015/311196/b7970fw/internet-banking-concept-microservices-303209/internet-banking-user-service/src/main/java/com/javatodev/finance/controller/UserController.java
2026-01-28 12:27:58,293 - Knowledge - INFO - Found code-base-name: https://github.com/kavia-common/internet-banking-concept-microservices-303209.git:kavia-development
2026-01-28 12:27:58,455 - Knowledge - INFO - Code base not found for https://github.com/kavia-common/internet-banking-concept-microservices-303209.git:kavia-development. Joining with Knowledge base_path: True.
2026-01-28 12:27:58,608 - Knowledge - INFO - /app/data/T0015/311196/b7970fw/internet-banking-concept-microservices-303209
2026-01-28 12:27:58,808 - Knowledge - INFO - process ingested knowledge for /app/data/T0015/311196/b7970fw/internet-banking-concept-microservices-303209/core-banking-service/src/main/java/com/javatodev/finance/model/entity/BankAccountEntity.java
2026-01-28 12:27:59,010 - Knowledge - INFO - Loaded 146 files from persisted knowledge
2026-01-28 12:27:59,216 - Knowledge - INFO - load persisted knowledge: end
2026-01-28 12:27:59,374 - Knowledge - INFO - 📁 Disk load complete in 108.47s
2026-01-28 12:27:59,531 - Knowledge - INFO - [WEBSOCKET] Sent: Type=progress_update, Size: 162, Duration: 0ms
2026-01-28 12:27:59,713 - Knowledge - INFO - Worker kw1 created using shared MongoDB connection pool
2026-01-28 12:27:59,912 - Knowledge - INFO - knowledge worker kw1 start
2026-01-28 12:27:59,913 - Knowledge - INFO - Worker kw2 created using shared MongoDB connection pool
2026-01-28 12:28:00,087 - Knowledge - INFO - [kw1] Queue=146, InProgress=0, PendingWorkers=0/1, Completed=0/146 (0.0%)
2026-01-28 12:28:00,163 - Knowledge - INFO - knowledge worker kw2 start
2026-01-28 12:28:00,163 - Knowledge - INFO - Worker kw3 created using shared MongoDB connection pool
2026-01-28 12:28:00,280 - Knowledge - INFO - Batch sizing: calculated=5, max_allowed=10, queue=146, active_workers=0/2
2026-01-28 12:28:00,370 - Knowledge - INFO - [kw2] Queue=146, InProgress=0, PendingWorkers=0/2, Completed=0/146 (0.0%)
2026-01-28 12:28:00,457 - Knowledge - INFO - knowledge worker kw3 start
2026-01-28 12:28:00,457 - Knowledge - INFO - Worker kw4 created using shared MongoDB connection pool
2026-01-28 12:28:00,535 - Knowledge - INFO - Worker kw1 processing /app/data/T0015/311196/b7970fw/internet-banking-concept-microservices-303209/internet-banking-user-service/src/main/java/com/javatodev/finance/exception/EntityNotFoundException.java
2026-01-28 12:28:00,625 - Knowledge - INFO - Batch sizing: calculated=5, max_allowed=10, queue=146, active_workers=1/3
2026-01-28 12:28:00,718 - Knowledge - INFO - [kw3] Queue=141, InProgress=0, PendingWorkers=1/3, Completed=0/146 (0.0%)
2026-01-28 12:28:00,807 - Knowledge - INFO - knowledge worker kw4 start
2026-01-28 12:28:00,807 - Knowledge - INFO - Worker kw5 created using shared MongoDB connection pool
2026-01-28 12:28:00,916 - Knowledge - INFO - Fast-tracked /app/data/T0015/311196/b7970fw/internet-banking-concept-microservices-303209/internet-banking-user-service/src/main/java/com/javatodev/finance/exception/EntityNotFoundException.java (ext=.java, size=388)
2026-01-28 12:28:00,980 - Knowledge - INFO - Worker kw2 processing /app/data/T0015/311196/b7970fw/internet-banking-concept-microservices-303209/core-banking-service/src/main/resources/bootstrap.yml
2026-01-28 12:28:01,090 - Knowledge - INFO - Batch sizing: calculated=5, max_allowed=10, queue=141, active_workers=2/4
2026-01-28 12:28:01,186 - Knowledge - INFO - [kw4] Queue=136, InProgress=0, PendingWorkers=2/4, Completed=0/146 (0.0%)
2026-01-28 12:28:01,308 - Knowledge - INFO - knowledge worker kw5 start
2026-01-28 12:28:01,309 - Knowledge - INFO - Worker kw6 created using shared MongoDB connection pool
2026-01-28 12:28:01,423 - Knowledge - INFO - Worker kw1 processing /app/data/T0015/311196/b7970fw/internet-banking-concept-microservices-303209/internet-banking-utility-payment-service/src/main/java/com/javatodev/finance/exception/ErrorResponse.java
2026-01-28 12:28:01,500 - Knowledge - INFO - Fast-tracked /app/data/T0015/311196/b7970fw/internet-banking-concept-microservices-303209/core-banking-service/src/main/resources/bootstrap.yml (ext=.yml, size=62)
2026-01-28 12:28:01,580 - Knowledge - INFO - Worker kw3 processing /app/data/T0015/311196/b7970fw/internet-banking-concept-microservices-303209/internet-banking-api-gateway/src/main/resources/bootstrap.yml
2026-01-28 12:28:01,667 - Knowledge - INFO - Batch sizing: calculated=5, max_allowed=10, queue=136, active_workers=3/5
2026-01-28 12:28:01,760 - Knowledge - INFO - [kw5] Queue=131, InProgress=0, PendingWorkers=3/5, Completed=0/146 (0.0%)
2026-01-28 12:28:01,848 - Knowledge - INFO - knowledge worker kw6 start
2026-01-28 12:28:01,848 - Knowledge - INFO - Worker kw7 created using shared MongoDB connection pool
2026-01-28 12:28:01,950 - Knowledge - INFO - Fast-tracked /app/data/T0015/311196/b7970fw/internet-banking-concept-microservices-303209/internet-banking-utility-payment-service/src/main/java/com/javatodev/finance/exception/ErrorResponse.java (ext=.java, size=219)
2026-01-28 12:28:02,033 - Knowledge - INFO - Worker kw2 processing /app/data/T0015/311196/b7970fw/internet-banking-concept-microservices-303209/internet-banking-fund-transfer-service/src/main/java/com/javatodev/finance/exception/ErrorResponse.java
2026-01-28 12:28:02,113 - Knowledge - INFO - Fast-tracked /app/data/T0015/311196/b7970fw/internet-banking-concept-microservices-303209/internet-banking-api-gateway/src/main/resources/bootstrap.yml (ext=.yml, size=62)
2026-01-28 12:28:02,232 - Knowledge - INFO - Worker kw4 processing /app/data/T0015/311196/b7970fw/internet-banking-concept-microservices-303209/internet-banking-utility-payment-service/src/main/java/com/javatodev/finance/model/entity/UtilityPaymentEntity.java
2026-01-28 12:28:02,328 - Knowledge - INFO - Batch sizing: calculated=5, max_allowed=10, queue=131, active_workers=4/6
2026-01-28 12:28:02,414 - Knowledge - INFO - [kw6] Queue=126, InProgress=0, PendingWorkers=4/6, Completed=0/146 (0.0%)
2026-01-28 12:28:02,490 - Knowledge - INFO - knowledge worker kw7 start
2026-01-28 12:28:02,490 - Knowledge - INFO - Worker kw8 created using shared MongoDB connection pool
2026-01-28 12:28:02,575 - Knowledge - INFO - Worker kw1 processing /app/data/T0015/311196/b7970fw/internet-banking-concept-microservices-303209/internet-banking-user-service/src/main/java/com/javatodev/finance/configuration/KeycloakProperties.java
2026-01-28 12:28:02,661 - Knowledge - INFO - Fast-tracked /app/data/T0015/311196/b7970fw/internet-banking-concept-microservices-303209/internet-banking-fund-transfer-service/src/main/java/com/javatodev/finance/exception/ErrorResponse.java (ext=.java, size=219)
2026-01-28 12:28:02,740 - Knowledge - INFO - Worker kw3 processing /app/data/T0015/311196/b7970fw/internet-banking-concept-microservices-303209/internet-banking-api-gateway/src/main/java/com/javatodev/finance/InternetBankingApiGatewayApplication.java
2026-01-28 12:28:02,861 - Knowledge - INFO - Fast-tracked /app/data/T0015/311196/b7970fw/internet-banking-concept-microservices-303209/internet-banking-utility-payment-service/src/main/java/com/javatodev/finance/model/entity/UtilityPaymentEntity.java (ext=.java, size=615)
2026-01-28 12:28:02,936 - Knowledge - INFO - Worker kw5 processing /app/data/T0015/311196/b7970fw/internet-banking-concept-microservices-303209/internet-banking-utility-payment-service/src/main/java/com/javatodev/finance/model/mapper/UtilityPaymentMapper.java
2026-01-28 12:28:03,007 - Knowledge - INFO - Batch sizing: calculated=5, max_allowed=10, queue=126, active_workers=5/7
2026-01-28 12:28:03,093 - Knowledge - INFO - [kw7] Queue=121, InProgress=0, PendingWorkers=5/7, Completed=0/146 (0.0%)
2026-01-28 12:28:03,175 - Knowledge - INFO - knowledge worker kw8 start
2026-01-28 12:28:03,175 - Knowledge - INFO - Worker kw9 created using shared MongoDB connection pool
2026-01-28 12:28:03,262 - Knowledge - INFO - Fast-tracked /app/data/T0015/311196/b7970fw/internet-banking-concept-microservices-303209/internet-banking-user-service/src/main/java/com/javatodev/finance/configuration/KeycloakProperties.java (ext=.java, size=1211)
2026-01-28 12:28:03,345 - Knowledge - INFO - Worker kw2 processing /app/data/T0015/311196/b7970fw/internet-banking-concept-microservices-303209/internet-banking-user-service/src/main/java/com/javatodev/finance/InternetBankingUserServiceApplication.java
2026-01-28 12:28:03,427 - Knowledge - INFO - Fast-tracked /app/data/T0015/311196/b7970fw/internet-banking-concept-microservices-303209/internet-banking-api-gateway/src/main/java/com/javatodev/finance/InternetBankingApiGatewayApplication.java (ext=.java, size=452)
2026-01-28 12:28:03,508 - Knowledge - INFO - Worker kw4 processing /app/data/T0015/311196/b7970fw/internet-banking-concept-microservices-303209/core-banking-service/src/main/java/com/javatodev/finance/exception/ErrorResponse.java
2026-01-28 12:28:03,631 - Knowledge - INFO - Fast-tracked /app/data/T0015/311196/b7970fw/internet-banking-concept-microservices-303209/internet-banking-utility-payment-service/src/main/java/com/javatodev/finance/model/mapper/UtilityPaymentMapper.java (ext=.java, size=856)
2026-01-28 12:28:03,707 - Knowledge - INFO - Worker kw6 processing /app/data/T0015/311196/b7970fw/internet-banking-concept-microservices-303209/core-banking-service/src/main/java/com/javatodev/finance/model/entity/TransactionEntity.java
2026-01-28 12:28:03,822 - Knowledge - INFO - Batch sizing: calculated=5, max_allowed=10, queue=121, active_workers=6/8
2026-01-28 12:28:03,903 - Knowledge - INFO - [kw8] Queue=116, InProgress=0, PendingWorkers=6/8, Completed=0/146 (0.0%)
2026-01-28 12:28:03,989 - Knowledge - INFO - knowledge worker kw9 start
2026-01-28 12:28:03,989 - Knowledge - INFO - Worker kw10 created using shared MongoDB connection pool
2026-01-28 12:28:04,075 - Knowledge - INFO - Worker kw1 processing /app/data/T0015/311196/b7970fw/internet-banking-concept-microservices-303209/internet-banking-user-service/src/main/java/com/javatodev/finance/exception/ErrorResponse.java
2026-01-28 12:28:04,159 - Knowledge - INFO - Fast-tracked /app/data/T0015/311196/b7970fw/internet-banking-concept-microservices-303209/internet-banking-user-service/src/main/java/com/javatodev/finance/InternetBankingUserServiceApplication.java (ext=.java, size=537)
2026-01-28 12:28:04,282 - Knowledge - INFO - Worker kw3 processing /app/data/T0015/311196/b7970fw/internet-banking-concept-microservices-303209/internet-banking-config-server/src/test/java/com/javatodev/finance/InternetBankingConfigServerApplicationTests.java
2026-01-28 12:28:04,358 - Knowledge - INFO - Fast-tracked /app/data/T0015/311196/b7970fw/internet-banking-concept-microservices-303209/core-banking-service/src/main/java/com/javatodev/finance/exception/ErrorResponse.java (ext=.java, size=169)
2026-01-28 12:28:04,434 - Knowledge - INFO - Worker kw5 processing /app/data/T0015/311196/b7970fw/internet-banking-concept-microservices-303209/internet-banking-fund-transfer-service/src/main/java/com/javatodev/finance/model/mapper/FundTransferMapper.java
2026-01-28 12:28:04,518 - Knowledge - INFO - Fast-tracked /app/data/T0015/311196/b7970fw/internet-banking-concept-microservices-303209/core-banking-service/src/main/java/com/javatodev/finance/model/entity/TransactionEntity.java (ext=.java, size=750)
2026-01-28 12:28:04,600 - Knowledge - INFO - Worker kw7 processing /app/data/T0015/311196/b7970fw/internet-banking-concept-microservices-303209/internet-banking-user-service/src/main/java/com/javatodev/finance/service/KeycloakUserService.java
2026-01-28 12:28:04,675 - Knowledge - INFO - Batch sizing: calculated=5, max_allowed=10, queue=116, active_workers=7/9
2026-01-28 12:28:04,759 - Knowledge - INFO - [kw9] Queue=111, InProgress=0, PendingWorkers=7/9, Completed=0/146 (0.0%)
2026-01-28 12:28:04,844 - Knowledge - INFO - knowledge worker kw10 start
2026-01-28 12:28:04,845 - Knowledge - INFO - Worker kw11 created using shared MongoDB connection pool
2026-01-28 12:28:04,933 - Knowledge - INFO - Fast-tracked /app/data/T0015/311196/b7970fw/internet-banking-concept-microservices-303209/internet-banking-user-service/src/main/java/com/javatodev/finance/exception/ErrorResponse.java (ext=.java, size=219)
2026-01-28 12:28:05,021 - Knowledge - INFO - Worker kw2 processing /app/data/T0015/311196/b7970fw/internet-banking-concept-microservices-303209/internet-banking-user-service/src/main/java/com/javatodev/finance/model/rest/response/AccountResponse.java
2026-01-28 12:28:05,121 - Knowledge - INFO - Fast-tracked /app/data/T0015/311196/b7970fw/internet-banking-concept-microservices-303209/internet-banking-config-server/src/test/java/com/javatodev/finance/InternetBankingConfigServerApplicationTests.java (ext=.java, size=243)
2026-01-28 12:28:05,198 - Knowledge - INFO - Worker kw4 processing /app/data/T0015/311196/b7970fw/internet-banking-concept-microservices-303209/internet-banking-user-service/src/main/java/com/javatodev/finance/configuration/CustomFeignErrorDecoder.java
2026-01-28 12:28:05,281 - Knowledge - INFO - Fast-tracked /app/data/T0015/311196/b7970fw/internet-banking-concept-microservices-303209/internet-banking-fund-transfer-service/src/main/java/com/javatodev/finance/model/mapper/FundTransferMapper.java (ext=.java, size=830)
2026-01-28 12:28:05,373 - Knowledge - INFO - Worker kw6 processing /app/data/T0015/311196/b7970fw/internet-banking-concept-microservices-303209/internet-banking-utility-payment-service/src/main/java/com/javatodev/finance/service/UtilityPaymentService.java
2026-01-28 12:28:05,456 - Knowledge - INFO - Fast-tracked /app/data/T0015/311196/b7970fw/internet-banking-concept-microservices-303209/internet-banking-user-service/src/main/java/com/javatodev/finance/service/KeycloakUserService.java (ext=.java, size=1493)
2026-01-28 12:28:05,535 - Knowledge - INFO - Worker kw8 processing /app/data/T0015/311196/b7970fw/internet-banking-concept-microservices-303209/internet-banking-api-gateway/build.gradle
2026-01-28 12:28:05,607 - Knowledge - INFO - Batch sizing: calculated=5, max_allowed=10, queue=111, active_workers=8/10
2026-01-28 12:28:05,688 - Knowledge - INFO - [kw10] Queue=106, InProgress=0, PendingWorkers=8/10, Completed=0/146 (0.0%)
2026-01-28 12:28:05,765 - Knowledge - INFO - knowledge worker kw11 start
2026-01-28 12:28:05,765 - Knowledge - INFO - Worker kw12 created using shared MongoDB connection pool
2026-01-28 12:28:05,857 - Knowledge - INFO - Worker kw1 processing /app/data/T0015/311196/b7970fw/internet-banking-concept-microservices-303209/internet-banking-service-registry/build.gradle
2026-01-28 12:28:05,935 - Knowledge - INFO - Fast-tracked /app/data/T0015/311196/b7970fw/internet-banking-concept-microservices-303209/internet-banking-user-service/src/main/java/com/javatodev/finance/model/rest/response/AccountResponse.java (ext=.java, size=358)
2026-01-28 12:28:06,011 - Knowledge - INFO - Worker kw3 processing /app/data/T0015/311196/b7970fw/internet-banking-concept-microservices-303209/internet-banking-fund-transfer-service/src/main/java/com/javatodev/finance/model/entity/FundTransferEntity.java
2026-01-28 12:28:06,126 - Knowledge - INFO - Worker kw4 processing /app/data/T0015/311196/b7970fw/internet-banking-concept-microservices-303209/internet-banking-config-server/settings.gradle
2026-01-28 12:28:06,212 - Knowledge - INFO - Worker kw5 processing /app/data/T0015/311196/b7970fw/internet-banking-concept-microservices-303209/internet-banking-service-registry/src/main/java/com/javatodev/finance/InternetBankingServiceRegistryApplication.java
2026-01-28 12:28:06,297 - Knowledge - INFO - Worker kw6 processing /app/data/T0015/311196/b7970fw/internet-banking-concept-microservices-303209/internet-banking-fund-transfer-service/src/main/java/com/javatodev/finance/service/FundTransferService.java
2026-01-28 12:28:06,374 - Knowledge - INFO - Worker kw7 processing /app/data/T0015/311196/b7970fw/internet-banking-concept-microservices-303209/internet-banking-service-registry/src/main/resources/application.yml
2026-01-28 12:28:06,451 - Knowledge - INFO - Fast-tracked /app/data/T0015/311196/b7970fw/internet-banking-concept-microservices-303209/internet-banking-api-gateway/build.gradle (ext=.gradle, size=1380)
2026-01-28 12:28:06,556 - Knowledge - INFO - Worker kw9 processing /app/data/T0015/311196/b7970fw/internet-banking-concept-microservices-303209/core-banking-service/src/main/java/com/javatodev/finance/model/dto/response/UtilityPaymentResponse.java
2026-01-28 12:28:06,651 - Knowledge - INFO - Batch sizing: calculated=5, max_allowed=10, queue=106, active_workers=9/11
2026-01-28 12:28:06,719 - Knowledge - INFO - [kw11] Queue=101, InProgress=0, PendingWorkers=9/11, Completed=0/146 (0.0%)
2026-01-28 12:28:06,849 - Knowledge - INFO - knowledge worker kw12 start
2026-01-28 12:28:06,849 - Knowledge - INFO - Worker kw13 created using shared MongoDB connection pool
2026-01-28 12:28:06,934 - Knowledge - INFO - Fast-tracked /app/data/T0015/311196/b7970fw/internet-banking-concept-microservices-303209/internet-banking-service-registry/build.gradle (ext=.gradle, size=817)
2026-01-28 12:28:07,015 - Knowledge - INFO - Worker kw2 processing /app/data/T0015/311196/b7970fw/internet-banking-concept-microservices-303209/internet-banking-utility-payment-service/src/main/java/com/javatodev/finance/model/rest/response/AccountResponse.java
2026-01-28 12:28:07,105 - Knowledge - INFO - Fast-tracked /app/data/T0015/311196/b7970fw/internet-banking-concept-microservices-303209/internet-banking-fund-transfer-service/src/main/java/com/javatodev/finance/model/entity/FundTransferEntity.java (ext=.java, size=587)
2026-01-28 12:28:07,196 - Knowledge - INFO - Fast-tracked /app/data/T0015/311196/b7970fw/internet-banking-concept-microservices-303209/internet-banking-config-server/settings.gradle (ext=.gradle, size=52)
2026-01-28 12:28:07,322 - Knowledge - INFO - Fast-tracked /app/data/T0015/311196/b7970fw/internet-banking-concept-microservices-303209/internet-banking-service-registry/src/main/java/com/javatodev/finance/InternetBankingServiceRegistryApplication.java (ext=.java, size=469)
2026-01-28 12:28:07,430 - Knowledge - INFO - Worker kw6 processing /app/data/T0015/311196/b7970fw/internet-banking-concept-microservices-303209/internet-banking-user-service/src/main/resources/bootstrap.yml
2026-01-28 12:28:07,564 - Knowledge - INFO - Fast-tracked /app/data/T0015/311196/b7970fw/internet-banking-concept-microservices-303209/internet-banking-service-registry/src/main/resources/application.yml (ext=.yml, size=226)
2026-01-28 12:28:07,654 - Knowledge - INFO - Worker kw8 processing /app/data/T0015/311196/b7970fw/internet-banking-concept-microservices-303209/internet-banking-utility-payment-service/src/main/java/com/javatodev/finance/controller/UtilityPaymentController.java
2026-01-28 12:28:07,740 - Knowledge - INFO - Fast-tracked /app/data/T0015/311196/b7970fw/internet-banking-concept-microservices-303209/core-banking-service/src/main/java/com/javatodev/finance/model/dto/response/UtilityPaymentResponse.java (ext=.java, size=246)
2026-01-28 12:28:07,825 - Knowledge - INFO - Worker kw10 processing /app/data/T0015/311196/b7970fw/internet-banking-concept-microservices-303209/core-banking-service/src/main/java/com/javatodev/finance/model/dto/response/FundTransferResponse.java
2026-01-28 12:28:07,898 - Knowledge - INFO - Batch sizing: calculated=5, max_allowed=10, queue=101, active_workers=10/12
2026-01-28 12:28:08,000 - Knowledge - INFO - [kw12] Queue=96, InProgress=0, PendingWorkers=10/12, Completed=0/146 (0.0%)
2026-01-28 12:28:08,095 - Knowledge - INFO - knowledge worker kw13 start
2026-01-28 12:28:08,095 - Knowledge - INFO - Worker kw14 created using shared MongoDB connection pool
2026-01-28 12:28:08,177 - Knowledge - INFO - Processing batch of 5 files
2026-01-28 12:28:08,273 - Knowledge - INFO - Fast-tracked /app/data/T0015/311196/b7970fw/internet-banking-concept-microservices-303209/internet-banking-utility-payment-service/src/main/java/com/javatodev/finance/model/rest/response/AccountResponse.java (ext=.java, size=319)
2026-01-28 12:28:08,370 - Knowledge - INFO - Worker kw3 processing /app/data/T0015/311196/b7970fw/internet-banking-concept-microservices-303209/core-banking-service/src/main/java/com/javatodev/finance/exception/EntityNotFoundException.java
2026-01-28 12:28:08,450 - Knowledge - INFO - Worker kw4 processing /app/data/T0015/311196/b7970fw/internet-banking-concept-microservices-303209/core-banking-service/src/main/java/com/javatodev/finance/service/TransactionService.java
2026-01-28 12:28:08,533 - Knowledge - INFO - Worker kw5 processing /app/data/T0015/311196/b7970fw/internet-banking-concept-microservices-303209/core-banking-service/src/main/java/com/javatodev/finance/model/dto/UtilityAccount.java
2026-01-28 12:28:08,616 - Knowledge - INFO - Fast-tracked /app/data/T0015/311196/b7970fw/internet-banking-concept-microservices-303209/internet-banking-user-service/src/main/resources/bootstrap.yml (ext=.yml, size=62)
2026-01-28 12:28:08,731 - Knowledge - INFO - Worker kw7 processing /app/data/T0015/311196/b7970fw/internet-banking-concept-microservices-303209/core-banking-service/src/main/java/com/javatodev/finance/model/AccountType.java
2026-01-28 12:28:08,861 - Knowledge - INFO - Fast-tracked /app/data/T0015/311196/b7970fw/internet-banking-concept-microservices-303209/internet-banking-utility-payment-service/src/main/java/com/javatodev/finance/controller/UtilityPaymentController.java (ext=.java, size=926)
2026-01-28 12:28:08,924 - Knowledge - INFO - Worker kw9 processing /app/data/T0015/311196/b7970fw/internet-banking-concept-microservices-303209/internet-banking-service-registry/src/test/java/com/javatodev/finance/InternetBankingServiceRegistryApplicationTests.java
2026-01-28 12:28:09,067 - Knowledge - INFO - Fast-tracked /app/data/T0015/311196/b7970fw/internet-banking-concept-microservices-303209/core-banking-service/src/main/java/com/javatodev/finance/model/dto/response/FundTransferResponse.java (ext=.java, size=246)
2026-01-28 12:28:09,199 - Knowledge - INFO - Worker kw11 processing /app/data/T0015/311196/b7970fw/internet-banking-concept-microservices-303209/internet-banking-fund-transfer-service/src/main/java/com/javatodev/finance/model/repository/FundTransferRepository.java
2026-01-28 12:28:09,326 - Knowledge - INFO - Batch sizing: calculated=4, max_allowed=10, queue=96, active_workers=11/13
2026-01-28 12:28:09,411 - Knowledge - INFO - [kw13] Queue=91, InProgress=0, PendingWorkers=11/13, Completed=5/146 (3.4%)
2026-01-28 12:28:09,537 - Knowledge - INFO - knowledge worker kw14 start
2026-01-28 12:28:09,537 - Knowledge - INFO - Worker kw15 created using shared MongoDB connection pool
2026-01-28 12:28:09,624 - Knowledge - INFO - process ingested knowledge for /app/data/T0015/311196/b7970fw/internet-banking-concept-microservices-303209/internet-banking-user-service/src/main/java/com/javatodev/finance/exception/EntityNotFoundException.java
2026-01-28 12:28:09,758 - Knowledge - INFO - Processing batch of 5 files
2026-01-28 12:28:09,837 - Knowledge - INFO - Fast-tracked /app/data/T0015/311196/b7970fw/internet-banking-concept-microservices-303209/core-banking-service/src/main/java/com/javatodev/finance/exception/EntityNotFoundException.java (ext=.java, size=388)
2026-01-28 12:28:09,916 - Knowledge - INFO - Fast-tracked /app/data/T0015/311196/b7970fw/internet-banking-concept-microservices-303209/internet-banking-user-service/src/main/java/com/javatodev/finance/configuration/CustomFeignErrorDecoder.java (small file (2570 bytes))
2026-01-28 12:28:09,993 - Knowledge - INFO - Fast-tracked /app/data/T0015/311196/b7970fw/internet-banking-concept-microservices-303209/core-banking-service/src/main/java/com/javatodev/finance/model/dto/UtilityAccount.java (ext=.java, size=182)
2026-01-28 12:28:10,069 - Knowledge - INFO - Worker kw6 processing /app/data/T0015/311196/b7970fw/internet-banking-concept-microservices-303209/internet-banking-utility-payment-service/src/main/resources/bootstrap.yml
2026-01-28 12:28:10,196 - Knowledge - INFO - Fast-tracked /app/data/T0015/311196/b7970fw/internet-banking-concept-microservices-303209/core-banking-service/src/main/java/com/javatodev/finance/model/AccountType.java (ext=.java, size=115)
2026-01-28 12:28:10,275 - Knowledge - INFO - Worker kw8 processing /app/data/T0015/311196/b7970fw/internet-banking-concept-microservices-303209/internet-banking-user-service/src/main/resources/application.yml
2026-01-28 12:28:10,364 - Knowledge - INFO - Fast-tracked /app/data/T0015/311196/b7970fw/internet-banking-concept-microservices-303209/internet-banking-service-registry/src/test/java/com/javatodev/finance/InternetBankingServiceRegistryApplicationTests.java (ext=.java, size=246)
2026-01-28 12:28:10,453 - Knowledge - INFO - Worker kw10 processing /app/data/T0015/311196/b7970fw/internet-banking-concept-microservices-303209/core-banking-service/src/main/java/com/javatodev/finance/repository/TransactionRepository.java
2026-01-28 12:28:10,529 - Knowledge - INFO - Fast-tracked /app/data/T0015/311196/b7970fw/internet-banking-concept-microservices-303209/internet-banking-fund-transfer-service/src/main/java/com/javatodev/finance/model/repository/FundTransferRepository.java (ext=.java, size=266)
2026-01-28 12:28:10,616 - Knowledge - INFO - Worker kw12 processing /app/data/T0015/311196/b7970fw/internet-banking-concept-microservices-303209/postman_collection/JAVA_TO_DEV_MICROSERVICES.postman_collection.json
2026-01-28 12:28:10,700 - Knowledge - INFO - Batch sizing: calculated=4, max_allowed=10, queue=91, active_workers=12/14
2026-01-28 12:28:10,773 - Knowledge - INFO - [kw14] Queue=87, InProgress=0, PendingWorkers=12/14, Completed=10/146 (6.8%)
2026-01-28 12:28:10,861 - Knowledge - INFO - knowledge worker kw15 start
2026-01-28 12:28:10,861 - Knowledge - INFO - Worker kw16 created using shared MongoDB connection pool
2026-01-28 12:28:10,940 - Knowledge - INFO - process ingested knowledge for /app/data/T0015/311196/b7970fw/internet-banking-concept-microservices-303209/internet-banking-utility-payment-service/src/main/java/com/javatodev/finance/exception/ErrorResponse.java
2026-01-28 12:28:11,030 - Knowledge - INFO - process ingested knowledge for /app/data/T0015/311196/b7970fw/internet-banking-concept-microservices-303209/core-banking-service/src/main/resources/bootstrap.yml
2026-01-28 12:28:11,115 - Knowledge - INFO - Processing batch of 5 files
2026-01-28 12:28:11,315 - Knowledge - INFO - Worker kw5 processing /app/data/T0015/311196/b7970fw/internet-banking-concept-microservices-303209/core-banking-service/src/main/java/com/javatodev/finance/model/dto/BankAccount.java
2026-01-28 12:28:11,399 - Knowledge - INFO - Fast-tracked /app/data/T0015/311196/b7970fw/internet-banking-concept-microservices-303209/internet-banking-utility-payment-service/src/main/resources/bootstrap.yml (ext=.yml, size=62)
2026-01-28 12:28:11,468 - Knowledge - INFO - Worker kw7 processing /app/data/T0015/311196/b7970fw/internet-banking-concept-microservices-303209/internet-banking-fund-transfer-service/src/main/resources/bootstrap.yml
2026-01-28 12:28:11,571 - Knowledge - INFO - Fast-tracked /app/data/T0015/311196/b7970fw/internet-banking-concept-microservices-303209/internet-banking-user-service/src/main/resources/application.yml (ext=.yml, size=63)
2026-01-28 12:28:11,650 - Knowledge - INFO - Worker kw9 processing /app/data/T0015/311196/b7970fw/internet-banking-concept-microservices-303209/internet-banking-user-service/src/main/java/com/javatodev/finance/model/rest/response/UserResponse.java
2026-01-28 12:28:11,733 - Knowledge - INFO - Fast-tracked /app/data/T0015/311196/b7970fw/internet-banking-concept-microservices-303209/core-banking-service/src/main/java/com/javatodev/finance/repository/TransactionRepository.java (ext=.java, size=256)
2026-01-28 12:28:11,809 - Knowledge - INFO - Worker kw11 processing /app/data/T0015/311196/b7970fw/internet-banking-concept-microservices-303209/internet-banking-config-server/src/main/java/com/javatodev/finance/InternetBankingConfigServerApplication.java
2026-01-28 12:28:11,925 - Knowledge - INFO - Fast-tracked /app/data/T0015/311196/b7970fw/internet-banking-concept-microservices-303209/postman_collection/JAVA_TO_DEV_MICROSERVICES.postman_collection.json (ext=.json, size=10993)
2026-01-28 12:28:12,015 - Knowledge - INFO - Worker kw13 processing /app/data/T0015/311196/b7970fw/internet-banking-concept-microservices-303209/internet-banking-user-service/build.gradle
2026-01-28 12:28:12,096 - Knowledge - INFO - Batch sizing: calculated=4, max_allowed=10, queue=87, active_workers=13/15
2026-01-28 12:28:12,183 - Knowledge - INFO - [kw15] Queue=83, InProgress=0, PendingWorkers=13/15, Completed=15/146 (10.3%)
2026-01-28 12:28:12,257 - Knowledge - INFO - knowledge worker kw16 start
2026-01-28 12:28:12,257 - Knowledge - INFO - Worker kw17 created using shared MongoDB connection pool
2026-01-28 12:28:12,336 - Knowledge - INFO - process ingested knowledge for /app/data/T0015/311196/b7970fw/internet-banking-concept-microservices-303209/internet-banking-user-service/src/main/java/com/javatodev/finance/configuration/KeycloakProperties.java
2026-01-28 12:28:12,429 - Knowledge - INFO - process ingested knowledge for /app/data/T0015/311196/b7970fw/internet-banking-concept-microservices-303209/internet-banking-fund-transfer-service/src/main/java/com/javatodev/finance/exception/ErrorResponse.java
2026-01-28 12:28:12,509 - Knowledge - INFO - process ingested knowledge for /app/data/T0015/311196/b7970fw/internet-banking-concept-microservices-303209/internet-banking-api-gateway/src/main/resources/bootstrap.yml
2026-01-28 12:28:12,593 - Knowledge - INFO - Fast-tracked /app/data/T0015/311196/b7970fw/internet-banking-concept-microservices-303209/core-banking-service/src/main/java/com/javatodev/finance/model/dto/BankAccount.java (ext=.java, size=442)
2026-01-28 12:28:12,686 - Knowledge - INFO - Fast-tracked /app/data/T0015/311196/b7970fw/internet-banking-concept-microservices-303209/internet-banking-utility-payment-service/src/main/java/com/javatodev/finance/service/UtilityPaymentService.java (small file (2446 bytes))
2026-01-28 12:28:12,768 - Knowledge - INFO - Fast-tracked /app/data/T0015/311196/b7970fw/internet-banking-concept-microservices-303209/internet-banking-fund-transfer-service/src/main/resources/bootstrap.yml (ext=.yml, size=62)
2026-01-28 12:28:12,836 - Knowledge - INFO - Worker kw8 processing /app/data/T0015/311196/b7970fw/internet-banking-concept-microservices-303209/internet-banking-utility-payment-service/src/main/resources/application.yml
2026-01-28 12:28:12,920 - Knowledge - INFO - Fast-tracked /app/data/T0015/311196/b7970fw/internet-banking-concept-microservices-303209/internet-banking-user-service/src/main/java/com/javatodev/finance/model/rest/response/UserResponse.java (ext=.java, size=365)
2026-01-28 12:28:13,016 - Knowledge - INFO - Worker kw10 processing /app/data/T0015/311196/b7970fw/internet-banking-concept-microservices-303209/internet-banking-fund-transfer-service/src/main/resources/application.yml
2026-01-28 12:28:13,138 - Knowledge - INFO - Fast-tracked /app/data/T0015/311196/b7970fw/internet-banking-concept-microservices-303209/internet-banking-config-server/src/main/java/com/javatodev/finance/InternetBankingConfigServerApplication.java (ext=.java, size=455)
2026-01-28 12:28:13,213 - Knowledge - INFO - Worker kw12 processing /app/data/T0015/311196/b7970fw/internet-banking-concept-microservices-303209/internet-banking-user-service/src/main/java/com/javatodev/finance/exception/InvalidBankingUserException.java
2026-01-28 12:28:13,344 - Knowledge - INFO - Fast-tracked /app/data/T0015/311196/b7970fw/internet-banking-concept-microservices-303209/internet-banking-user-service/build.gradle (ext=.gradle, size=1504)
2026-01-28 12:28:13,424 - Knowledge - INFO - Worker kw14 processing /app/data/T0015/311196/b7970fw/internet-banking-concept-microservices-303209/internet-banking-utility-payment-service/src/main/java/com/javatodev/finance/service/rest/BankingCoreRestClient.java
2026-01-28 12:28:13,547 - Knowledge - INFO - Batch sizing: calculated=4, max_allowed=10, queue=83, active_workers=14/16
2026-01-28 12:28:13,635 - Knowledge - INFO - [kw16] Queue=79, InProgress=0, PendingWorkers=14/16, Completed=15/146 (10.3%)
2026-01-28 12:28:13,709 - Knowledge - INFO - knowledge worker kw17 start
2026-01-28 12:28:13,709 - Knowledge - INFO - Worker kw18 created using shared MongoDB connection pool
2026-01-28 12:28:13,795 - Knowledge - INFO - process ingested knowledge for /app/data/T0015/311196/b7970fw/internet-banking-concept-microservices-303209/internet-banking-user-service/src/main/java/com/javatodev/finance/exception/ErrorResponse.java
2026-01-28 12:28:13,877 - Knowledge - INFO - process ingested knowledge for /app/data/T0015/311196/b7970fw/internet-banking-concept-microservices-303209/internet-banking-user-service/src/main/java/com/javatodev/finance/InternetBankingUserServiceApplication.java
2026-01-28 12:28:13,959 - Knowledge - INFO - process ingested knowledge for /app/data/T0015/311196/b7970fw/internet-banking-concept-microservices-303209/internet-banking-api-gateway/src/main/java/com/javatodev/finance/InternetBankingApiGatewayApplication.java
2026-01-28 12:28:14,039 - Knowledge - INFO - Processing batch of 5 files
2026-01-28 12:28:14,135 - Knowledge - INFO - Fast-tracked /app/data/T0015/311196/b7970fw/internet-banking-concept-microservices-303209/internet-banking-fund-transfer-service/src/main/java/com/javatodev/finance/service/FundTransferService.java (small file (2068 bytes))
2026-01-28 12:28:14,200 - Knowledge - INFO - Worker kw7 processing /app/data/T0015/311196/b7970fw/internet-banking-concept-microservices-303209/internet-banking-fund-transfer-service/src/main/java/com/javatodev/finance/controller/FundTransferController.java
2026-01-28 12:28:14,289 - Knowledge - INFO - Fast-tracked /app/data/T0015/311196/b7970fw/internet-banking-concept-microservices-303209/internet-banking-utility-payment-service/src/main/resources/application.yml (ext=.yml, size=75)
2026-01-28 12:28:14,366 - Knowledge - INFO - Worker kw9 processing /app/data/T0015/311196/b7970fw/internet-banking-concept-microservices-303209/internet-banking-fund-transfer-service/src/main/java/com/javatodev/finance/model/dto/request/FundTransferRequest.java
2026-01-28 12:28:14,485 - Knowledge - INFO - Fast-tracked /app/data/T0015/311196/b7970fw/internet-banking-concept-microservices-303209/internet-banking-fund-transfer-service/src/main/resources/application.yml (ext=.yml, size=72)
2026-01-28 12:28:14,577 - Knowledge - INFO - Worker kw11 processing /app/data/T0015/311196/b7970fw/internet-banking-concept-microservices-303209/core-banking-service/src/main/resources/db/migration/V1.0.20210429210839__create_transaction_table.sql
2026-01-28 12:28:14,662 - Knowledge - INFO - Fast-tracked /app/data/T0015/311196/b7970fw/internet-banking-concept-microservices-303209/internet-banking-user-service/src/main/java/com/javatodev/finance/exception/InvalidBankingUserException.java (ext=.java, size=230)
2026-01-28 12:28:14,737 - Knowledge - INFO - Worker kw13 processing /app/data/T0015/311196/b7970fw/internet-banking-concept-microservices-303209/core-banking-service/src/main/java/com/javatodev/finance/model/dto/request/FundTransferRequest.java
2026-01-28 12:28:14,820 - Knowledge - INFO - Fast-tracked /app/data/T0015/311196/b7970fw/internet-banking-concept-microservices-303209/internet-banking-utility-payment-service/src/main/java/com/javatodev/finance/service/rest/BankingCoreRestClient.java (ext=.java, size=1154)
2026-01-28 12:28:14,899 - Knowledge - INFO - Worker kw15 processing /app/data/T0015/311196/b7970fw/internet-banking-concept-microservices-303209/internet-banking-fund-transfer-service/build.gradle
2026-01-28 12:28:15,006 - Knowledge - INFO - Batch sizing: calculated=4, max_allowed=10, queue=79, active_workers=15/17
2026-01-28 12:28:15,088 - Knowledge - INFO - [kw17] Queue=75, InProgress=0, PendingWorkers=15/17, Completed=20/146 (13.7%)
2026-01-28 12:28:15,175 - Knowledge - INFO - knowledge worker kw18 start
2026-01-28 12:28:15,175 - Knowledge - INFO - Worker kw19 created using shared MongoDB connection pool
2026-01-28 12:28:15,258 - Knowledge - INFO - process ingested knowledge for /app/data/T0015/311196/b7970fw/internet-banking-concept-microservices-303209/internet-banking-service-registry/build.gradle
2026-01-28 12:28:15,381 - Knowledge - INFO - process ingested knowledge for /app/data/T0015/311196/b7970fw/internet-banking-concept-microservices-303209/internet-banking-user-service/src/main/java/com/javatodev/finance/model/rest/response/AccountResponse.java
2026-01-28 12:28:15,468 - Knowledge - INFO - process ingested knowledge for /app/data/T0015/311196/b7970fw/internet-banking-concept-microservices-303209/internet-banking-config-server/src/test/java/com/javatodev/finance/InternetBankingConfigServerApplicationTests.java
2026-01-28 12:28:15,595 - Knowledge - INFO - process ingested knowledge for /app/data/T0015/311196/b7970fw/internet-banking-concept-microservices-303209/internet-banking-utility-payment-service/src/main/java/com/javatodev/finance/model/mapper/UtilityPaymentMapper.java
2026-01-28 12:28:15,679 - Knowledge - INFO - Processing batch of 5 files
2026-01-28 12:28:15,771 - Knowledge - INFO - Fast-tracked /app/data/T0015/311196/b7970fw/internet-banking-concept-microservices-303209/internet-banking-fund-transfer-service/src/main/java/com/javatodev/finance/controller/FundTransferController.java (ext=.java, size=1102)
2026-01-28 12:28:15,872 - Knowledge - INFO - Worker kw8 processing /app/data/T0015/311196/b7970fw/internet-banking-concept-microservices-303209/internet-banking-fund-transfer-service/src/main/java/com/javatodev/finance/model/dto/request/UtilityPaymentRequest.java
2026-01-28 12:28:15,947 - Knowledge - INFO - Fast-tracked /app/data/T0015/311196/b7970fw/internet-banking-concept-microservices-303209/internet-banking-fund-transfer-service/src/main/java/com/javatodev/finance/model/dto/request/FundTransferRequest.java (ext=.java, size=264)
2026-01-28 12:28:16,021 - Knowledge - INFO - Worker kw10 processing /app/data/T0015/311196/b7970fw/internet-banking-concept-microservices-303209/core-banking-service/build.gradle
2026-01-28 12:28:16,118 - Knowledge - INFO - Fast-tracked /app/data/T0015/311196/b7970fw/internet-banking-concept-microservices-303209/core-banking-service/src/main/resources/db/migration/V1.0.20210429210839__create_transaction_table.sql (ext=.sql, size=605)
2026-01-28 12:28:16,198 - Knowledge - INFO - Worker kw12 processing /app/data/T0015/311196/b7970fw/internet-banking-concept-microservices-303209/core-banking-service/src/main/resources/application.yml
2026-01-28 12:28:16,273 - Knowledge - INFO - Fast-tracked /app/data/T0015/311196/b7970fw/internet-banking-concept-microservices-303209/core-banking-service/src/main/java/com/javatodev/finance/model/dto/request/FundTransferRequest.java (ext=.java, size=237)
2026-01-28 12:28:16,354 - Knowledge - INFO - Worker kw14 processing /app/data/T0015/311196/b7970fw/internet-banking-concept-microservices-303209/internet-banking-user-service/src/main/java/com/javatodev/finance/service/rest/BankingCoreRestClient.java
2026-01-28 12:28:16,432 - Knowledge - INFO - Fast-tracked /app/data/T0015/311196/b7970fw/internet-banking-concept-microservices-303209/internet-banking-fund-transfer-service/build.gradle (ext=.gradle, size=1339)
2026-01-28 12:28:16,517 - Knowledge - INFO - Worker kw16 processing /app/data/T0015/311196/b7970fw/internet-banking-concept-microservices-303209/internet-banking-user-service/src/main/java/com/javatodev/finance/configuration/KeycloakManager.java
2026-01-28 12:28:16,606 - Knowledge - INFO - Batch sizing: calculated=4, max_allowed=10, queue=75, active_workers=16/18
2026-01-28 12:28:16,686 - Knowledge - INFO - [kw18] Queue=71, InProgress=0, PendingWorkers=16/18, Completed=25/146 (17.1%)
2026-01-28 12:28:16,771 - Knowledge - INFO - knowledge worker kw19 start
2026-01-28 12:28:16,771 - Knowledge - INFO - Worker kw20 created using shared MongoDB connection pool
2026-01-28 12:28:16,990 - Knowledge - INFO - process ingested knowledge for /app/data/T0015/311196/b7970fw/internet-banking-concept-microservices-303209/internet-banking-utility-payment-service/src/main/java/com/javatodev/finance/model/rest/response/AccountResponse.java
2026-01-28 12:28:17,158 - Knowledge - INFO - process ingested knowledge for /app/data/T0015/311196/b7970fw/internet-banking-concept-microservices-303209/internet-banking-fund-transfer-service/src/main/java/com/javatodev/finance/model/entity/FundTransferEntity.java
2026-01-28 12:28:17,248 - Knowledge - INFO - process ingested knowledge for /app/data/T0015/311196/b7970fw/internet-banking-concept-microservices-303209/internet-banking-fund-transfer-service/src/main/java/com/javatodev/finance/model/mapper/FundTransferMapper.java
2026-01-28 12:28:17,324 - Knowledge - INFO - process ingested knowledge for /app/data/T0015/311196/b7970fw/internet-banking-concept-microservices-303209/core-banking-service/src/main/java/com/javatodev/finance/model/entity/TransactionEntity.java
2026-01-28 12:28:17,369 - Knowledge - INFO - [WEBSOCKET] Sent: Type=progress_update, Size: 292, Duration: 0ms
2026-01-28 12:28:17,538 - Knowledge - INFO - Fast-tracked /app/data/T0015/311196/b7970fw/internet-banking-concept-microservices-303209/internet-banking-fund-transfer-service/src/main/java/com/javatodev/finance/model/dto/request/UtilityPaymentRequest.java (ext=.java, size=270)
2026-01-28 12:28:17,616 - Knowledge - INFO - Worker kw9 processing /app/data/T0015/311196/b7970fw/internet-banking-concept-microservices-303209/core-banking-service/src/main/java/com/javatodev/finance/model/dto/User.java
2026-01-28 12:28:17,695 - Knowledge - INFO - Fast-tracked /app/data/T0015/311196/b7970fw/internet-banking-concept-microservices-303209/core-banking-service/build.gradle (ext=.gradle, size=1507)
2026-01-28 12:28:17,773 - Knowledge - INFO - Worker kw11 processing /app/data/T0015/311196/b7970fw/internet-banking-concept-microservices-303209/core-banking-service/src/main/java/com/javatodev/finance/controller/TransactionController.java
2026-01-28 12:28:17,853 - Knowledge - INFO - Fast-tracked /app/data/T0015/311196/b7970fw/internet-banking-concept-microservices-303209/core-banking-service/src/main/resources/application.yml (ext=.yml, size=54)
2026-01-28 12:28:17,948 - Knowledge - INFO - Worker kw13 processing /app/data/T0015/311196/b7970fw/internet-banking-concept-microservices-303209/internet-banking-api-gateway/src/test/java/com/javatodev/finance/InternetBankingApiGatewayApplicationTests.java
2026-01-28 12:28:18,034 - Knowledge - INFO - Fast-tracked /app/data/T0015/311196/b7970fw/internet-banking-concept-microservices-303209/internet-banking-user-service/src/main/java/com/javatodev/finance/service/rest/BankingCoreRestClient.java (ext=.java, size=740)
2026-01-28 12:28:18,120 - Knowledge - INFO - Worker kw15 processing /app/data/T0015/311196/b7970fw/internet-banking-concept-microservices-303209/internet-banking-fund-transfer-service/src/main/java/com/javatodev/finance/model/dto/response/UtilityPaymentResponse.java
2026-01-28 12:28:18,203 - Knowledge - INFO - Fast-tracked /app/data/T0015/311196/b7970fw/internet-banking-concept-microservices-303209/internet-banking-user-service/src/main/java/com/javatodev/finance/configuration/KeycloakManager.java (ext=.java, size=471)
2026-01-28 12:28:18,369 - Knowledge - INFO - Batch sizing: calculated=4, max_allowed=10, queue=71, active_workers=17/19
2026-01-28 12:28:18,440 - Knowledge - INFO - [kw19] Queue=67, InProgress=0, PendingWorkers=17/19, Completed=30/146 (20.5%)
2026-01-28 12:28:18,526 - Knowledge - INFO - knowledge worker kw20 start
2026-01-28 12:28:18,694 - Knowledge - INFO - process ingested knowledge for /app/data/T0015/311196/b7970fw/internet-banking-concept-microservices-303209/core-banking-service/src/main/java/com/javatodev/finance/exception/EntityNotFoundException.java
2026-01-28 12:28:18,822 - Knowledge - INFO - process ingested knowledge for /app/data/T0015/311196/b7970fw/internet-banking-concept-microservices-303209/internet-banking-service-registry/src/main/java/com/javatodev/finance/InternetBankingServiceRegistryApplication.java
2026-01-28 12:28:18,842 - Knowledge - INFO - process ingested knowledge for /app/data/T0015/311196/b7970fw/internet-banking-concept-microservices-303209/internet-banking-utility-payment-service/src/main/java/com/javatodev/finance/service/UtilityPaymentService.java
2026-01-28 12:28:18,923 - Knowledge - INFO - Processing batch of 5 files
2026-01-28 12:28:18,925 - Knowledge - INFO - [WEBSOCKET] Sent: Type=unknown, Size: ?, Duration: 1555ms
2026-01-28 12:28:18,925 - Knowledge - INFO - Worker kw17 processing /app/data/T0015/311196/b7970fw/internet-banking-concept-microservices-303209/core-banking-service/src/main/java/com/javatodev/finance/model/mapper/BaseMapper.java
2026-01-28 12:28:19,100 - Knowledge - INFO - Fast-tracked /app/data/T0015/311196/b7970fw/internet-banking-concept-microservices-303209/core-banking-service/src/main/java/com/javatodev/finance/model/dto/User.java (ext=.java, size=308)
2026-01-28 12:28:19,179 - Knowledge - INFO - Worker kw10 processing /app/data/T0015/311196/b7970fw/internet-banking-concept-microservices-303209/internet-banking-user-service/src/main/java/com/javatodev/finance/model/dto/UserUpdateRequest.java
2026-01-28 12:28:19,268 - Knowledge - INFO - Fast-tracked /app/data/T0015/311196/b7970fw/internet-banking-concept-microservices-303209/core-banking-service/src/main/java/com/javatodev/finance/controller/TransactionController.java (ext=.java, size=1456)
2026-01-28 12:28:19,356 - Knowledge - INFO - Worker kw12 processing /app/data/T0015/311196/b7970fw/internet-banking-concept-microservices-303209/internet-banking-utility-payment-service/build.gradle
2026-01-28 12:28:19,489 - Knowledge - INFO - Fast-tracked /app/data/T0015/311196/b7970fw/internet-banking-concept-microservices-303209/internet-banking-api-gateway/src/test/java/com/javatodev/finance/InternetBankingApiGatewayApplicationTests.java (ext=.java, size=241)
2026-01-28 12:28:19,571 - Knowledge - INFO - Worker kw14 processing /app/data/T0015/311196/b7970fw/internet-banking-concept-microservices-303209/core-banking-service/src/main/resources/db/migration/V1.0.20210427174721__temp_data.sql
2026-01-28 12:28:19,658 - Knowledge - INFO - Fast-tracked /app/data/T0015/311196/b7970fw/internet-banking-concept-microservices-303209/internet-banking-fund-transfer-service/src/main/java/com/javatodev/finance/model/dto/response/UtilityPaymentResponse.java (ext=.java, size=91)
2026-01-28 12:28:19,775 - Knowledge - INFO - Worker kw16 processing /app/data/T0015/311196/b7970fw/internet-banking-concept-microservices-303209/internet-banking-api-gateway/src/main/resources/application.yml
2026-01-28 12:28:19,937 - Knowledge - INFO - Batch sizing: calculated=4, max_allowed=10, queue=67, active_workers=18/20
2026-01-28 12:28:20,020 - Knowledge - INFO - [kw20] Queue=63, InProgress=0, PendingWorkers=18/20, Completed=35/146 (24.0%)
2026-01-28 12:28:20,229 - Knowledge - INFO - process ingested knowledge for /app/data/T0015/311196/b7970fw/internet-banking-concept-microservices-303209/core-banking-service/src/main/java/com/javatodev/finance/model/dto/UtilityAccount.java
2026-01-28 12:28:20,322 - Knowledge - INFO - process ingested knowledge for /app/data/T0015/311196/b7970fw/internet-banking-concept-microservices-303209/internet-banking-fund-transfer-service/src/main/java/com/javatodev/finance/service/FundTransferService.java
2026-01-28 12:28:20,405 - Knowledge - INFO - process ingested knowledge for /app/data/T0015/311196/b7970fw/internet-banking-concept-microservices-303209/internet-banking-user-service/src/main/java/com/javatodev/finance/service/KeycloakUserService.java
2026-01-28 12:28:20,497 - Knowledge - INFO - Progress: 17.1% | Files: 35/146 | Rate: 0.07 files/sec | Queue: 63
2026-01-28 12:28:20,497 - Knowledge - INFO - Processing batch of 5 files
2026-01-28 12:28:20,499 - Knowledge - INFO - Worker kw18 processing /app/data/T0015/311196/b7970fw/internet-banking-concept-microservices-303209/core-banking-service/src/main/java/com/javatodev/finance/exception/GlobalErrorCode.java
2026-01-28 12:28:20,567 - Knowledge - INFO - [WEBSOCKET] Sent: Type=progress_update, Size: 294, Duration: 0ms
2026-01-28 12:28:20,580 - Knowledge - INFO - Fast-tracked /app/data/T0015/311196/b7970fw/internet-banking-concept-microservices-303209/core-banking-service/src/main/java/com/javatodev/finance/model/mapper/BaseMapper.java (ext=.java, size=1330)
2026-01-28 12:28:20,738 - Knowledge - INFO - Fast-tracked /app/data/T0015/311196/b7970fw/internet-banking-concept-microservices-303209/internet-banking-user-service/src/main/java/com/javatodev/finance/model/dto/UserUpdateRequest.java (ext=.java, size=131)
2026-01-28 12:28:20,820 - Knowledge - INFO - Worker kw11 processing /app/data/T0015/311196/b7970fw/internet-banking-concept-microservices-303209/internet-banking-utility-payment-service/src/main/java/com/javatodev/finance/repository/UtilityPaymentRepository.java
2026-01-28 12:28:20,946 - Knowledge - INFO - Fast-tracked /app/data/T0015/311196/b7970fw/internet-banking-concept-microservices-303209/internet-banking-utility-payment-service/build.gradle (ext=.gradle, size=1342)
2026-01-28 12:28:21,038 - Knowledge - INFO - Worker kw13 processing /app/data/T0015/311196/b7970fw/internet-banking-concept-microservices-303209/internet-banking-api-gateway/src/main/java/com/javatodev/finance/configuration/GatewayConfiguration.java
2026-01-28 12:28:21,115 - Knowledge - INFO - Worker kw14 processing /app/data/T0015/311196/b7970fw/internet-banking-concept-microservices-303209/core-banking-service/src/main/java/com/javatodev/finance/model/dto/request/UtilityPaymentRequest.java
2026-01-28 12:28:21,206 - Knowledge - INFO - Worker kw15 processing /app/data/T0015/311196/b7970fw/internet-banking-concept-microservices-303209/core-banking-service/src/main/java/com/javatodev/finance/model/AccountStatus.java
2026-01-28 12:28:21,293 - Knowledge - INFO - Fast-tracked /app/data/T0015/311196/b7970fw/internet-banking-concept-microservices-303209/internet-banking-api-gateway/src/main/resources/application.yml (ext=.yml, size=62)
2026-01-28 12:28:21,472 - Knowledge - INFO - Batch sizing: calculated=4, max_allowed=10, queue=63, active_workers=19/20
2026-01-28 12:28:21,555 - Knowledge - INFO - process ingested knowledge for /app/data/T0015/311196/b7970fw/internet-banking-concept-microservices-303209/core-banking-service/src/main/java/com/javatodev/finance/model/dto/BankAccount.java
2026-01-28 12:28:21,632 - Knowledge - INFO - process ingested knowledge for /app/data/T0015/311196/b7970fw/internet-banking-concept-microservices-303209/internet-banking-user-service/src/main/resources/bootstrap.yml
2026-01-28 12:28:21,711 - Knowledge - INFO - process ingested knowledge for /app/data/T0015/311196/b7970fw/internet-banking-concept-microservices-303209/internet-banking-service-registry/src/main/resources/application.yml
2026-01-28 12:28:21,794 - Knowledge - INFO - [kw1] Queue=59, InProgress=0, PendingWorkers=19/20, Completed=40/146 (27.4%)
2026-01-28 12:28:21,884 - Knowledge - INFO - process ingested knowledge for /app/data/T0015/311196/b7970fw/internet-banking-concept-microservices-303209/internet-banking-api-gateway/build.gradle
2026-01-28 12:28:21,971 - Knowledge - INFO - Fast-tracked /app/data/T0015/311196/b7970fw/internet-banking-concept-microservices-303209/core-banking-service/src/main/java/com/javatodev/finance/exception/GlobalErrorCode.java (ext=.java, size=241)
2026-01-28 12:28:22,046 - Knowledge - INFO - Processing batch of 5 files
2026-01-28 12:28:22,046 - Knowledge - INFO - Worker kw19 processing /app/data/T0015/311196/b7970fw/internet-banking-concept-microservices-303209/core-banking-service/src/main/java/com/javatodev/finance/exception/InsufficientFundsException.java
2026-01-28 12:28:22,046 - Knowledge - INFO - [WEBSOCKET] Sent: Type=unknown, Size: ?, Duration: 1479ms
2026-01-28 12:28:22,129 - Knowledge - INFO - Worker kw17 processing /app/data/T0015/311196/b7970fw/internet-banking-concept-microservices-303209/internet-banking-user-service/src/main/java/com/javatodev/finance/model/entity/UserEntity.java
2026-01-28 12:28:22,326 - Knowledge - INFO - Fast-tracked /app/data/T0015/311196/b7970fw/internet-banking-concept-microservices-303209/internet-banking-utility-payment-service/src/main/java/com/javatodev/finance/repository/UtilityPaymentRepository.java (ext=.java, size=331)
2026-01-28 12:28:22,571 - Knowledge - INFO - Fast-tracked /app/data/T0015/311196/b7970fw/internet-banking-concept-microservices-303209/internet-banking-api-gateway/src/main/java/com/javatodev/finance/configuration/GatewayConfiguration.java (ext=.java, size=1080)
2026-01-28 12:28:22,652 - Knowledge - INFO - Fast-tracked /app/data/T0015/311196/b7970fw/internet-banking-concept-microservices-303209/core-banking-service/src/main/java/com/javatodev/finance/model/dto/request/UtilityPaymentRequest.java (ext=.java, size=272)
2026-01-28 12:28:22,729 - Knowledge - INFO - Fast-tracked /app/data/T0015/311196/b7970fw/internet-banking-concept-microservices-303209/core-banking-service/src/main/java/com/javatodev/finance/model/AccountStatus.java (ext=.java, size=103)
2026-01-28 12:28:22,833 - Knowledge - INFO - Worker kw16 processing /app/data/T0015/311196/b7970fw/internet-banking-concept-microservices-303209/internet-banking-fund-transfer-service/src/main/java/com/javatodev/finance/model/dto/response/FundTransferResponse.java
2026-01-28 12:28:23,105 - Knowledge - INFO - process ingested knowledge for /app/data/T0015/311196/b7970fw/internet-banking-concept-microservices-303209/internet-banking-utility-payment-service/src/main/resources/bootstrap.yml
2026-01-28 12:28:23,203 - Knowledge - INFO - process ingested knowledge for /app/data/T0015/311196/b7970fw/internet-banking-concept-microservices-303209/core-banking-service/src/main/java/com/javatodev/finance/model/AccountType.java
2026-01-28 12:28:23,279 - Knowledge - INFO - Batch sizing: calculated=4, max_allowed=10, queue=59, active_workers=20/20
2026-01-28 12:28:23,395 - Knowledge - INFO - process ingested knowledge for /app/data/T0015/311196/b7970fw/internet-banking-concept-microservices-303209/internet-banking-utility-payment-service/src/main/java/com/javatodev/finance/controller/UtilityPaymentController.java
2026-01-28 12:28:23,434 - Knowledge - INFO - Worker kw18 processing /app/data/T0015/311196/b7970fw/internet-banking-concept-microservices-303209/internet-banking-fund-transfer-service/src/test/java/com/javatodev/finance/InternetBankingFundTransferServiceApplicationTests.java
2026-01-28 12:28:23,517 - Knowledge - INFO - process ingested knowledge for /app/data/T0015/311196/b7970fw/internet-banking-concept-microservices-303209/core-banking-service/src/main/java/com/javatodev/finance/model/dto/response/UtilityPaymentResponse.java
2026-01-28 12:28:23,599 - Knowledge - INFO - Fast-tracked /app/data/T0015/311196/b7970fw/internet-banking-concept-microservices-303209/core-banking-service/src/main/java/com/javatodev/finance/exception/InsufficientFundsException.java (ext=.java, size=228)
2026-01-28 12:28:23,676 - Knowledge - INFO - Progress: 24.0% | Files: 49/146 | Rate: 0.10 files/sec | Queue: 55
2026-01-28 12:28:23,676 - Knowledge - INFO - Processing batch of 4 files
2026-01-28 12:28:23,677 - Knowledge - INFO - Processing batch of 5 files
2026-01-28 12:28:23,677 - Knowledge - INFO - Worker kw20 processing /app/data/T0015/311196/b7970fw/internet-banking-concept-microservices-303209/internet-banking-fund-transfer-service/src/main/java/com/javatodev/finance/model/dto/response/AccountResponse.java
2026-01-28 12:28:23,677 - Knowledge - INFO - [WEBSOCKET] Sent: Type=progress_update, Size: 294, Duration: 1ms
2026-01-28 12:28:23,762 - Knowledge - INFO - Fast-tracked /app/data/T0015/311196/b7970fw/internet-banking-concept-microservices-303209/internet-banking-user-service/src/main/java/com/javatodev/finance/model/entity/UserEntity.java (ext=.java, size=452)
2026-01-28 12:28:24,056 - Knowledge - INFO - Fast-tracked /app/data/T0015/311196/b7970fw/internet-banking-concept-microservices-303209/core-banking-service/src/main/resources/db/migration/V1.0.20210427174721__temp_data.sql (small file (2484 bytes))
2026-01-28 12:28:24,156 - Knowledge - INFO - Worker kw15 processing /app/data/T0015/311196/b7970fw/internet-banking-concept-microservices-303209/internet-banking-user-service/src/main/java/com/javatodev/finance/model/dto/User.java
2026-01-28 12:28:24,241 - Knowledge - INFO - Fast-tracked /app/data/T0015/311196/b7970fw/internet-banking-concept-microservices-303209/internet-banking-fund-transfer-service/src/main/java/com/javatodev/finance/model/dto/response/FundTransferResponse.java (ext=.java, size=178)
2026-01-28 12:28:24,404 - Knowledge - INFO - process ingested knowledge for /app/data/T0015/311196/b7970fw/internet-banking-concept-microservices-303209/internet-banking-fund-transfer-service/src/main/resources/bootstrap.yml
2026-01-28 12:28:24,611 - Knowledge - INFO - process ingested knowledge for /app/data/T0015/311196/b7970fw/internet-banking-concept-microservices-303209/internet-banking-user-service/src/main/resources/application.yml
2026-01-28 12:28:24,651 - Knowledge - INFO - Fast-tracked /app/data/T0015/311196/b7970fw/internet-banking-concept-microservices-303209/internet-banking-fund-transfer-service/src/test/java/com/javatodev/finance/InternetBankingFundTransferServiceApplicationTests.java (ext=.java, size=250)
2026-01-28 12:28:24,790 - Knowledge - INFO - process ingested knowledge for /app/data/T0015/311196/b7970fw/internet-banking-concept-microservices-303209/internet-banking-service-registry/src/test/java/com/javatodev/finance/InternetBankingServiceRegistryApplicationTests.java
2026-01-28 12:28:24,814 - Knowledge - INFO - Worker kw19 processing /app/data/T0015/311196/b7970fw/internet-banking-concept-microservices-303209/internet-banking-utility-payment-service/src/main/java/com/javatodev/finance/model/dto/UtilityPayment.java
2026-01-28 12:28:24,935 - Knowledge - INFO - [kw2] Queue=51, InProgress=0, PendingWorkers=20/20, Completed=58/146 (39.7%)
2026-01-28 12:28:25,037 - Knowledge - INFO - process ingested knowledge for /app/data/T0015/311196/b7970fw/internet-banking-concept-microservices-303209/postman_collection/JAVA_TO_DEV_MICROSERVICES.postman_collection.json
2026-01-28 12:28:25,129 - Knowledge - INFO - process ingested knowledge for /app/data/T0015/311196/b7970fw/internet-banking-concept-microservices-303209/core-banking-service/src/main/java/com/javatodev/finance/model/dto/response/FundTransferResponse.java
2026-01-28 12:28:25,216 - Knowledge - INFO - Fast-tracked /app/data/T0015/311196/b7970fw/internet-banking-concept-microservices-303209/internet-banking-fund-transfer-service/src/main/java/com/javatodev/finance/model/dto/response/AccountResponse.java (ext=.java, size=318)
2026-01-28 12:28:25,336 - Knowledge - INFO - [kw5] Queue=51, InProgress=0, PendingWorkers=20/20, Completed=58/146 (39.7%)
2026-01-28 12:28:25,336 - Knowledge - INFO - Processing batch of 5 files
2026-01-28 12:28:25,336 - Knowledge - INFO - Processing batch of 4 files
2026-01-28 12:28:25,337 - Knowledge - INFO - Async storing batch of 5 embeddings
2026-01-28 12:28:25,337 - Knowledge - INFO - [kw6] Queue=51, InProgress=0, PendingWorkers=20/20, Completed=58/146 (39.7%)
2026-01-28 12:28:25,337 - Knowledge - INFO - [WEBSOCKET] Sent: Type=unknown, Size: ?, Duration: 1661ms
2026-01-28 12:28:25,419 - Knowledge - INFO - Worker kw17 processing /app/data/T0015/311196/b7970fw/internet-banking-concept-microservices-303209/internet-banking-service-registry/settings.gradle
2026-01-28 12:28:25,583 - Knowledge - INFO - Fast-tracked /app/data/T0015/311196/b7970fw/internet-banking-concept-microservices-303209/internet-banking-user-service/src/main/java/com/javatodev/finance/model/dto/User.java (ext=.java, size=261)
2026-01-28 12:28:25,654 - Knowledge - INFO - Worker kw16 processing /app/data/T0015/311196/b7970fw/internet-banking-concept-microservices-303209/internet-banking-user-service/src/test/java/com/javatodev/finance/InternetBankingUserServiceApplicationTests.java
2026-01-28 12:28:25,729 - Knowledge - INFO - process ingested knowledge for /app/data/T0015/311196/b7970fw/internet-banking-concept-microservices-303209/internet-banking-fund-transfer-service/src/main/java/com/javatodev/finance/controller/FundTransferController.java
2026-01-28 12:28:25,820 - Knowledge - INFO - process ingested knowledge for /app/data/T0015/311196/b7970fw/internet-banking-concept-microservices-303209/internet-banking-utility-payment-service/src/main/resources/application.yml
2026-01-28 12:28:25,930 - Knowledge - INFO - Worker kw18 processing /app/data/T0015/311196/b7970fw/internet-banking-concept-microservices-303209/core-banking-service/src/test/resources/application.yml
2026-01-28 12:28:26,008 - Knowledge - INFO - process ingested knowledge for /app/data/T0015/311196/b7970fw/internet-banking-concept-microservices-303209/internet-banking-user-service/src/main/java/com/javatodev/finance/model/rest/response/UserResponse.java
2026-01-28 12:28:26,188 - Knowledge - INFO - Fast-tracked /app/data/T0015/311196/b7970fw/internet-banking-concept-microservices-303209/internet-banking-utility-payment-service/src/main/java/com/javatodev/finance/model/dto/UtilityPayment.java (ext=.java, size=347)
2026-01-28 12:28:26,271 - Knowledge - INFO - Batch sizing: calculated=4, max_allowed=10, queue=51, active_workers=20/20
2026-01-28 12:28:26,368 - Knowledge - INFO - process ingested knowledge for /app/data/T0015/311196/b7970fw/internet-banking-concept-microservices-303209/internet-banking-user-service/src/main/java/com/javatodev/finance/exception/InvalidBankingUserException.java
2026-01-28 12:28:26,478 - Knowledge - INFO - process ingested knowledge for /app/data/T0015/311196/b7970fw/internet-banking-concept-microservices-303209/core-banking-service/src/main/java/com/javatodev/finance/repository/TransactionRepository.java
2026-01-28 12:28:26,565 - Knowledge - INFO - Worker kw20 processing /app/data/T0015/311196/b7970fw/internet-banking-concept-microservices-303209/core-banking-service/src/main/java/com/javatodev/finance/exception/GlobalExceptionHandler.java
2026-01-28 12:28:26,639 - Knowledge - INFO - Batch sizing: calculated=4, max_allowed=10, queue=51, active_workers=20/20
2026-01-28 12:28:26,713 - Knowledge - INFO - process ingested knowledge for /app/data/T0015/311196/b7970fw/internet-banking-concept-microservices-303209/internet-banking-fund-transfer-service/src/main/java/com/javatodev/finance/model/repository/FundTransferRepository.java
2026-01-28 12:28:26,824 - Knowledge - INFO - process ingested knowledge for /app/data/T0015/311196/b7970fw/internet-banking-concept-microservices-303209/internet-banking-user-service/build.gradle
2026-01-28 12:28:26,911 - Knowledge - INFO - Worker kw1 processing /app/data/T0015/311196/b7970fw/internet-banking-concept-microservices-303209/core-banking-service/src/main/java/com/javatodev/finance/model/dto/Transaction.java
2026-01-28 12:28:26,990 - Knowledge - INFO - Batch sizing: calculated=4, max_allowed=10, queue=51, active_workers=20/20
2026-01-28 12:28:27,081 - Knowledge - INFO - Progress: 33.6% | Files: 62/146 | Rate: 0.12 files/sec | Queue: 51
2026-01-28 12:28:27,082 - Knowledge - INFO - Processing batch of 4 files
2026-01-28 12:28:27,187 - Knowledge - INFO - Fast-tracked /app/data/T0015/311196/b7970fw/internet-banking-concept-microservices-303209/internet-banking-service-registry/settings.gradle (ext=.gradle, size=55)
2026-01-28 12:28:27,287 - Knowledge - INFO - Processing batch of 4 files
2026-01-28 12:28:27,379 - Knowledge - INFO - Fast-tracked /app/data/T0015/311196/b7970fw/internet-banking-concept-microservices-303209/internet-banking-user-service/src/test/java/com/javatodev/finance/InternetBankingUserServiceApplicationTests.java (ext=.java, size=242)
2026-01-28 12:28:27,565 - Knowledge - INFO - process ingested knowledge for /app/data/T0015/311196/b7970fw/internet-banking-concept-microservices-303209/internet-banking-fund-transfer-service/src/main/java/com/javatodev/finance/model/dto/request/UtilityPaymentRequest.java
2026-01-28 12:28:27,631 - Knowledge - INFO - Fast-tracked /app/data/T0015/311196/b7970fw/internet-banking-concept-microservices-303209/core-banking-service/src/test/resources/application.yml (ext=.yml, size=473)
2026-01-28 12:28:27,818 - Knowledge - INFO - process ingested knowledge for /app/data/T0015/311196/b7970fw/internet-banking-concept-microservices-303209/internet-banking-fund-transfer-service/src/main/java/com/javatodev/finance/model/dto/request/FundTransferRequest.java
2026-01-28 12:28:27,819 - Knowledge - INFO - [LLM_CALL] Completed: TransactionService.java:chunk1, Duration: 16608ms, PromptTokens: 2830, CompletionTokens: 1516, Cost: $0.00089
2026-01-28 12:28:27,861 - Knowledge - INFO - Worker kw19 processing /app/data/T0015/311196/b7970fw/internet-banking-concept-microservices-303209/internet-banking-fund-transfer-service/src/main/java/com/javatodev/finance/model/dto/FundTransfer.java
2026-01-28 12:28:28,016 - Knowledge - INFO - process ingested knowledge for /app/data/T0015/311196/b7970fw/internet-banking-concept-microservices-303209/core-banking-service/src/main/resources/application.yml
2026-01-28 12:28:28,104 - Knowledge - INFO - process ingested knowledge for /app/data/T0015/311196/b7970fw/internet-banking-concept-microservices-303209/internet-banking-fund-transfer-service/src/main/resources/application.yml
2026-01-28 12:28:28,197 - Knowledge - INFO - Fast-tracked /app/data/T0015/311196/b7970fw/internet-banking-concept-microservices-303209/core-banking-service/src/main/java/com/javatodev/finance/exception/GlobalExceptionHandler.java (ext=.java, size=1158)
2026-01-28 12:28:28,354 - Knowledge - INFO - process ingested knowledge for /app/data/T0015/311196/b7970fw/internet-banking-concept-microservices-303209/internet-banking-config-server/src/main/java/com/javatodev/finance/InternetBankingConfigServerApplication.java
2026-01-28 12:28:28,475 - Knowledge - INFO - process ingested knowledge for /app/data/T0015/311196/b7970fw/internet-banking-concept-microservices-303209/core-banking-service/src/main/java/com/javatodev/finance/model/dto/request/FundTransferRequest.java
2026-01-28 12:28:28,601 - Knowledge - INFO - Fast-tracked /app/data/T0015/311196/b7970fw/internet-banking-concept-microservices-303209/core-banking-service/src/main/java/com/javatodev/finance/model/dto/Transaction.java (ext=.java, size=255)
2026-01-28 12:28:28,791 - Knowledge - INFO - [kw3] Queue=39, InProgress=0, PendingWorkers=20/20, Completed=66/146 (45.2%)
2026-01-28 12:28:28,893 - Knowledge - INFO - process ingested knowledge for /app/data/T0015/311196/b7970fw/internet-banking-concept-microservices-303209/internet-banking-utility-payment-service/src/main/java/com/javatodev/finance/service/rest/BankingCoreRestClient.java
2026-01-28 12:28:28,973 - Knowledge - INFO - Worker kw17 processing /app/data/T0015/311196/b7970fw/internet-banking-concept-microservices-303209/core-banking-service/src/main/java/com/javatodev/finance/controller/AccountController.java
2026-01-28 12:28:29,057 - Knowledge - INFO - process ingested knowledge for /app/data/T0015/311196/b7970fw/internet-banking-concept-microservices-303209/internet-banking-fund-transfer-service/build.gradle
2026-01-28 12:28:29,299 - Knowledge - INFO - Worker kw18 processing /app/data/T0015/311196/b7970fw/internet-banking-concept-microservices-303209/internet-banking-utility-payment-service/src/test/java/com/javatodev/finance/InternetBankingUtilityPaymentServiceApplicationTests.java
2026-01-28 12:28:29,377 - Knowledge - INFO - process ingested knowledge for /app/data/T0015/311196/b7970fw/internet-banking-concept-microservices-303209/core-banking-service/src/main/java/com/javatodev/finance/model/dto/User.java
2026-01-28 12:28:29,455 - Knowledge - INFO - done ingest for /app/data/T0015/311196/b7970fw/internet-banking-concept-microservices-303209/core-banking-service/src/main/java/com/javatodev/finance/service/TransactionService.java
2026-01-28 12:28:29,455 - Knowledge - INFO - Async storing batch of 5 embeddings
2026-01-28 12:28:29,456 - Knowledge - INFO - Async storing batch of 5 embeddings
2026-01-28 12:28:29,456 - Knowledge - INFO - Async storing batch of 5 embeddings
2026-01-28 12:28:29,456 - Knowledge - INFO - Processing batch of 4 files
2026-01-28 12:28:29,457 - Knowledge - INFO - [WEBSOCKET] Sent: Type=progress_update, Size: 292, Duration: 0ms
2026-01-28 12:28:29,569 - Knowledge - INFO - Fast-tracked /app/data/T0015/311196/b7970fw/internet-banking-concept-microservices-303209/internet-banking-fund-transfer-service/src/main/java/com/javatodev/finance/model/dto/FundTransfer.java (ext=.java, size=311)
2026-01-28 12:28:29,646 - Knowledge - INFO - process ingested knowledge for /app/data/T0015/311196/b7970fw/internet-banking-concept-microservices-303209/internet-banking-utility-payment-service/build.gradle
2026-01-28 12:28:29,761 - Knowledge - INFO - process ingested knowledge for /app/data/T0015/311196/b7970fw/internet-banking-concept-microservices-303209/core-banking-service/build.gradle
2026-01-28 12:28:29,862 - Knowledge - INFO - Worker kw20 processing /app/data/T0015/311196/b7970fw/internet-banking-concept-microservices-303209/internet-banking-user-service/src/main/java/com/javatodev/finance/service/UserService.java
2026-01-28 12:28:29,946 - Knowledge - INFO - process ingested knowledge for /app/data/T0015/311196/b7970fw/internet-banking-concept-microservices-303209/core-banking-service/src/main/resources/db/migration/V1.0.20210429210839__create_transaction_table.sql
2026-01-28 12:28:30,054 - Knowledge - INFO - process ingested knowledge for /app/data/T0015/311196/b7970fw/internet-banking-concept-microservices-303209/internet-banking-api-gateway/src/test/java/com/javatodev/finance/InternetBankingApiGatewayApplicationTests.java
2026-01-28 12:28:30,212 - Knowledge - INFO - Worker kw1 processing /app/data/T0015/311196/b7970fw/internet-banking-concept-microservices-303209/core-banking-service/src/main/java/com/javatodev/finance/repository/BankAccountRepository.java
2026-01-28 12:28:30,290 - Knowledge - INFO - Batch sizing: calculated=4, max_allowed=10, queue=39, active_workers=20/20
2026-01-28 12:28:30,402 - Knowledge - INFO - process ingested knowledge for /app/data/T0015/311196/b7970fw/internet-banking-concept-microservices-303209/internet-banking-user-service/src/main/java/com/javatodev/finance/service/rest/BankingCoreRestClient.java
2026-01-28 12:28:30,523 - Knowledge - INFO - Fast-tracked /app/data/T0015/311196/b7970fw/internet-banking-concept-microservices-303209/core-banking-service/src/main/java/com/javatodev/finance/controller/AccountController.java (ext=.java, size=1241)
2026-01-28 12:28:30,594 - Knowledge - INFO - process ingested knowledge for /app/data/T0015/311196/b7970fw/internet-banking-concept-microservices-303209/internet-banking-fund-transfer-service/src/main/java/com/javatodev/finance/model/dto/response/UtilityPaymentResponse.java
2026-01-28 12:28:30,696 - Knowledge - INFO - Fast-tracked /app/data/T0015/311196/b7970fw/internet-banking-concept-microservices-303209/internet-banking-utility-payment-service/src/test/java/com/javatodev/finance/InternetBankingUtilityPaymentServiceApplicationTests.java (ext=.java, size=243)
2026-01-28 12:28:31,015 - Knowledge - INFO - Worker kw2 processing /app/data/T0015/311196/b7970fw/internet-banking-concept-microservices-303209/core-banking-service/src/main/java/com/javatodev/finance/model/TransactionType.java
2026-01-28 12:28:31,128 - Knowledge - INFO - Worker kw5 processing /app/data/T0015/311196/b7970fw/internet-banking-concept-microservices-303209/core-banking-service/src/main/java/com/javatodev/finance/model/mapper/UserMapper.java
2026-01-28 12:28:31,259 - Knowledge - INFO - Worker kw6 processing /app/data/T0015/311196/b7970fw/internet-banking-concept-microservices-303209/internet-banking-user-service/src/main/java/com/javatodev/finance/exception/InvalidEmailException.java
2026-01-28 12:28:31,343 - Knowledge - INFO - process ingested knowledge for /app/data/T0015/311196/b7970fw/internet-banking-concept-microservices-303209/internet-banking-user-service/src/main/java/com/javatodev/finance/configuration/KeycloakManager.java
2026-01-28 12:28:31,437 - Knowledge - INFO - Processing batch of 5 files
2026-01-28 12:28:31,437 - Knowledge - INFO - [kw9] Queue=39, InProgress=0, PendingWorkers=20/20, Completed=75/146 (51.4%)
2026-01-28 12:28:31,437 - Knowledge - INFO - [WEBSOCKET] Sent: Type=unknown, Size: ?, Duration: 1981ms
2026-01-28 12:28:31,506 - Knowledge - INFO - Worker kw19 processing /app/data/T0015/311196/b7970fw/internet-banking-concept-microservices-303209/internet-banking-user-service/src/main/java/com/javatodev/finance/model/mapper/UserMapper.java
2026-01-28 12:28:31,678 - Knowledge - INFO - process ingested knowledge for /app/data/T0015/311196/b7970fw/internet-banking-concept-microservices-303209/internet-banking-user-service/src/main/java/com/javatodev/finance/model/dto/UserUpdateRequest.java
2026-01-28 12:28:31,763 - Knowledge - INFO - Worker kw20 processing /app/data/T0015/311196/b7970fw/internet-banking-concept-microservices-303209/internet-banking-utility-payment-service/src/main/java/com/javatodev/finance/model/rest/request/UtilityPaymentRequest.java
2026-01-28 12:28:31,847 - Knowledge - INFO - process ingested knowledge for /app/data/T0015/311196/b7970fw/internet-banking-concept-microservices-303209/core-banking-service/src/main/java/com/javatodev/finance/controller/TransactionController.java
2026-01-28 12:28:31,944 - Knowledge - INFO - process ingested knowledge for /app/data/T0015/311196/b7970fw/internet-banking-concept-microservices-303209/internet-banking-api-gateway/src/main/java/com/javatodev/finance/configuration/GatewayConfiguration.java
2026-01-28 12:28:32,045 - Knowledge - INFO - Fast-tracked /app/data/T0015/311196/b7970fw/internet-banking-concept-microservices-303209/core-banking-service/src/main/java/com/javatodev/finance/repository/BankAccountRepository.java (ext=.java, size=353)
2026-01-28 12:28:32,241 - Knowledge - INFO - process ingested knowledge for /app/data/T0015/311196/b7970fw/internet-banking-concept-microservices-303209/core-banking-service/src/main/resources/db/migration/V1.0.20210427174721__temp_data.sql
2026-01-28 12:28:32,455 - Knowledge - INFO - process ingested knowledge for /app/data/T0015/311196/b7970fw/internet-banking-concept-microservices-303209/core-banking-service/src/main/java/com/javatodev/finance/model/AccountStatus.java
2026-01-28 12:28:32,625 - Knowledge - INFO - Fast-tracked /app/data/T0015/311196/b7970fw/internet-banking-concept-microservices-303209/core-banking-service/src/main/java/com/javatodev/finance/model/TransactionType.java (ext=.java, size=107)
2026-01-28 12:28:32,721 - Knowledge - INFO - Fast-tracked /app/data/T0015/311196/b7970fw/internet-banking-concept-microservices-303209/core-banking-service/src/main/java/com/javatodev/finance/model/mapper/UserMapper.java (ext=.java, size=1010)
2026-01-28 12:28:32,796 - Knowledge - INFO - Fast-tracked /app/data/T0015/311196/b7970fw/internet-banking-concept-microservices-303209/internet-banking-user-service/src/main/java/com/javatodev/finance/exception/InvalidEmailException.java (ext=.java, size=218)
2026-01-28 12:28:32,879 - Knowledge - INFO - process ingested knowledge for /app/data/T0015/311196/b7970fw/internet-banking-concept-microservices-303209/internet-banking-api-gateway/src/main/resources/application.yml
2026-01-28 12:28:32,964 - Knowledge - INFO - process ingested knowledge for /app/data/T0015/311196/b7970fw/internet-banking-concept-microservices-303209/internet-banking-utility-payment-service/src/main/java/com/javatodev/finance/model/entity/UtilityPaymentEntity.java
2026-01-28 12:28:33,053 - Knowledge - INFO - Batch sizing: calculated=4, max_allowed=10, queue=39, active_workers=20/20
2026-01-28 12:28:33,135 - Knowledge - INFO - Progress: 47.9% | Files: 83/146 | Rate: 0.16 files/sec | Queue: 35
2026-01-28 12:28:33,135 - Knowledge - INFO - Async storing batch of 5 embeddings
2026-01-28 12:28:33,136 - Knowledge - INFO - Processing batch of 4 files
2026-01-28 12:28:33,136 - Knowledge - INFO - Processing batch of 4 files
2026-01-28 12:28:33,136 - Knowledge - INFO - [kw12] Queue=35, InProgress=0, PendingWorkers=20/20, Completed=83/146 (56.8%)
2026-01-28 12:28:33,136 - Knowledge - INFO - [WEBSOCKET] Sent: Type=progress_update, Size: 294, Duration: 0ms
2026-01-28 12:28:33,216 - Knowledge - INFO - Fast-tracked /app/data/T0015/311196/b7970fw/internet-banking-concept-microservices-303209/internet-banking-user-service/src/main/java/com/javatodev/finance/model/mapper/UserMapper.java (ext=.java, size=740)
2026-01-28 12:28:33,393 - Knowledge - INFO - Fast-tracked /app/data/T0015/311196/b7970fw/internet-banking-concept-microservices-303209/internet-banking-utility-payment-service/src/main/java/com/javatodev/finance/model/rest/request/UtilityPaymentRequest.java (ext=.java, size=271)
2026-01-28 12:28:33,471 - Knowledge - INFO - process ingested knowledge for /app/data/T0015/311196/b7970fw/internet-banking-concept-microservices-303209/internet-banking-utility-payment-service/src/main/java/com/javatodev/finance/repository/UtilityPaymentRepository.java
2026-01-28 12:28:33,640 - Knowledge - INFO - Worker kw1 processing /app/data/T0015/311196/b7970fw/internet-banking-concept-microservices-303209/internet-banking-utility-payment-service/src/main/java/com/javatodev/finance/model/rest/response/UtilityPaymentResponse.java
2026-01-28 12:28:33,838 - Knowledge - INFO - process ingested knowledge for /app/data/T0015/311196/b7970fw/internet-banking-concept-microservices-303209/core-banking-service/src/main/java/com/javatodev/finance/model/dto/request/UtilityPaymentRequest.java
2026-01-28 12:28:33,906 - Knowledge - INFO - process ingested knowledge for /app/data/T0015/311196/b7970fw/internet-banking-concept-microservices-303209/internet-banking-user-service/src/main/java/com/javatodev/finance/model/dto/User.java
2026-01-28 12:28:33,934 - Knowledge - INFO - Worker kw2 processing /app/data/T0015/311196/b7970fw/internet-banking-concept-microservices-303209/internet-banking-user-service/src/main/java/com/javatodev/finance/exception/GlobalExceptionHandler.java
2026-01-28 12:28:34,010 - Knowledge - INFO - Worker kw5 processing /app/data/T0015/311196/b7970fw/internet-banking-concept-microservices-303209/internet-banking-fund-transfer-service/src/main/java/com/javatodev/finance/exception/GlobalExceptionHandler.java
2026-01-28 12:28:34,099 - Knowledge - INFO - Worker kw6 processing /app/data/T0015/311196/b7970fw/internet-banking-concept-microservices-303209/README.md
2026-01-28 12:28:34,189 - Knowledge - INFO - process ingested knowledge for /app/data/T0015/311196/b7970fw/internet-banking-concept-microservices-303209/internet-banking-fund-transfer-service/src/main/java/com/javatodev/finance/model/dto/response/FundTransferResponse.java
2026-01-28 12:28:34,271 - Knowledge - INFO - process ingested knowledge for /app/data/T0015/311196/b7970fw/internet-banking-concept-microservices-303209/core-banking-service/src/main/java/com/javatodev/finance/exception/ErrorResponse.java
2026-01-28 12:28:34,440 - Knowledge - INFO - [kw7] Queue=31, InProgress=0, PendingWorkers=20/20, Completed=83/146 (56.8%)
2026-01-28 12:28:34,520 - Knowledge - INFO - Worker kw3 processing /app/data/T0015/311196/b7970fw/internet-banking-concept-microservices-303209/internet-banking-fund-transfer-service/src/main/java/com/javatodev/finance/model/mapper/BaseMapper.java
2026-01-28 12:28:34,609 - Knowledge - INFO - process ingested knowledge for /app/data/T0015/311196/b7970fw/internet-banking-concept-microservices-303209/core-banking-service/src/main/java/com/javatodev/finance/model/mapper/BaseMapper.java
2026-01-28 12:28:34,704 - Knowledge - INFO - process ingested knowledge for /app/data/T0015/311196/b7970fw/internet-banking-concept-microservices-303209/core-banking-service/src/main/java/com/javatodev/finance/exception/GlobalErrorCode.java
2026-01-28 12:28:34,781 - Knowledge - INFO - Batch sizing: calculated=4, max_allowed=10, queue=35, active_workers=20/20
2026-01-28 12:28:34,892 - Knowledge - INFO - Async storing batch of 5 embeddings
2026-01-28 12:28:34,892 - Knowledge - INFO - [kw10] Queue=31, InProgress=0, PendingWorkers=20/20, Completed=83/146 (56.8%)
2026-01-28 12:28:34,892 - Knowledge - INFO - [kw13] Queue=31, InProgress=0, PendingWorkers=20/20, Completed=83/146 (56.8%)
2026-01-28 12:28:34,892 - Knowledge - INFO - [WEBSOCKET] Sent: Type=unknown, Size: ?, Duration: 1756ms
2026-01-28 12:28:35,248 - Knowledge - INFO - Fast-tracked /app/data/T0015/311196/b7970fw/internet-banking-concept-microservices-303209/internet-banking-utility-payment-service/src/main/java/com/javatodev/finance/model/rest/response/UtilityPaymentResponse.java (ext=.java, size=213)
2026-01-28 12:28:35,482 - Knowledge - INFO - Fast-tracked /app/data/T0015/311196/b7970fw/internet-banking-concept-microservices-303209/internet-banking-user-service/src/main/java/com/javatodev/finance/exception/GlobalExceptionHandler.java (ext=.java, size=1159)
2026-01-28 12:28:35,562 - Knowledge - INFO - Fast-tracked /app/data/T0015/311196/b7970fw/internet-banking-concept-microservices-303209/internet-banking-fund-transfer-service/src/main/java/com/javatodev/finance/exception/GlobalExceptionHandler.java (ext=.java, size=974)
2026-01-28 12:28:35,667 - Knowledge - INFO - Fast-tracked /app/data/T0015/311196/b7970fw/internet-banking-concept-microservices-303209/README.md (ext=.md, size=4502)
2026-01-28 12:28:35,855 - Knowledge - INFO - process ingested knowledge for /app/data/T0015/311196/b7970fw/internet-banking-concept-microservices-303209/internet-banking-user-service/src/test/java/com/javatodev/finance/InternetBankingUserServiceApplicationTests.java
2026-01-28 12:28:35,925 - Knowledge - INFO - process ingested knowledge for /app/data/T0015/311196/b7970fw/internet-banking-concept-microservices-303209/internet-banking-user-service/src/main/java/com/javatodev/finance/configuration/CustomFeignErrorDecoder.java
2026-01-28 12:28:35,981 - Knowledge - INFO - Batch sizing: calculated=4, max_allowed=10, queue=31, active_workers=20/20
2026-01-28 12:28:36,079 - Knowledge - INFO - Fast-tracked /app/data/T0015/311196/b7970fw/internet-banking-concept-microservices-303209/internet-banking-fund-transfer-service/src/main/java/com/javatodev/finance/model/mapper/BaseMapper.java (ext=.java, size=1330)
2026-01-28 12:28:36,161 - Knowledge - INFO - process ingested knowledge for /app/data/T0015/311196/b7970fw/internet-banking-concept-microservices-303209/internet-banking-user-service/src/main/java/com/javatodev/finance/model/entity/UserEntity.java
2026-01-28 12:28:36,248 - Knowledge - INFO - process ingested knowledge for /app/data/T0015/311196/b7970fw/internet-banking-concept-microservices-303209/internet-banking-fund-transfer-service/src/test/java/com/javatodev/finance/InternetBankingFundTransferServiceApplicationTests.java
2026-01-28 12:28:36,478 - Knowledge - INFO - Worker kw9 processing /app/data/T0015/311196/b7970fw/internet-banking-concept-microservices-303209/internet-banking-utility-payment-service/src/main/java/com/javatodev/finance/model/mapper/BaseMapper.java
2026-01-28 12:28:36,562 - Knowledge - INFO - Batch sizing: calculated=4, max_allowed=10, queue=31, active_workers=20/20
2026-01-28 12:28:36,657 - Knowledge - INFO - Batch sizing: calculated=4, max_allowed=10, queue=31, active_workers=20/20
2026-01-28 12:28:36,729 - Knowledge - INFO - Progress: 56.8% | Files: 87/146 | Rate: 0.17 files/sec | Queue: 27
2026-01-28 12:28:36,729 - Knowledge - INFO - Processing batch of 4 files
2026-01-28 12:28:36,731 - Knowledge - INFO - [kw15] Queue=27, InProgress=0, PendingWorkers=20/20, Completed=87/146 (59.6%)
2026-01-28 12:28:36,731 - Knowledge - INFO - Async storing batch of 4 embeddings
2026-01-28 12:28:36,731 - Knowledge - INFO - [kw11] Queue=27, InProgress=0, PendingWorkers=20/20, Completed=87/146 (59.6%)
2026-01-28 12:28:36,732 - Knowledge - INFO - [WEBSOCKET] Sent: Type=progress_update, Size: 292, Duration: 0ms
2026-01-28 12:28:36,811 - Knowledge - INFO - Worker kw1 processing /app/data/T0015/311196/b7970fw/internet-banking-concept-microservices-303209/internet-banking-utility-payment-service/src/main/java/com/javatodev/finance/exception/GlobalExceptionHandler.java
2026-01-28 12:28:36,893 - Knowledge - INFO - Worker kw2 processing /app/data/T0015/311196/b7970fw/internet-banking-concept-microservices-303209/core-banking-service/src/main/java/com/javatodev/finance/model/entity/UserEntity.java
2026-01-28 12:28:36,980 - Knowledge - INFO - Worker kw5 processing /app/data/T0015/311196/b7970fw/internet-banking-concept-microservices-303209/postman_collection/BANKING_CORE_MICROSERVICES_PROJECT.postman_environment.json
2026-01-28 12:28:37,069 - Knowledge - INFO - Worker kw6 processing /app/data/T0015/311196/b7970fw/internet-banking-concept-microservices-303209/internet-banking-utility-payment-service/src/test/resources/application.yml
2026-01-28 12:28:37,250 - Knowledge - INFO - process ingested knowledge for /app/data/T0015/311196/b7970fw/internet-banking-concept-microservices-303209/internet-banking-config-server/settings.gradle
2026-01-28 12:28:37,413 - Knowledge - INFO - Worker kw3 processing /app/data/T0015/311196/b7970fw/internet-banking-concept-microservices-303209/internet-banking-user-service/src/main/java/com/javatodev/finance/exception/GlobalErrorCode.java
2026-01-28 12:28:37,547 - Knowledge - INFO - process ingested knowledge for /app/data/T0015/311196/b7970fw/internet-banking-concept-microservices-303209/internet-banking-service-registry/settings.gradle
2026-01-28 12:28:37,630 - Knowledge - INFO - process ingested knowledge for /app/data/T0015/311196/b7970fw/internet-banking-concept-microservices-303209/core-banking-service/src/test/resources/application.yml
2026-01-28 12:28:37,705 - Knowledge - INFO - Fast-tracked /app/data/T0015/311196/b7970fw/internet-banking-concept-microservices-303209/internet-banking-utility-payment-service/src/main/java/com/javatodev/finance/model/mapper/BaseMapper.java (ext=.java, size=1330)
2026-01-28 12:28:37,978 - Knowledge - INFO - [kw8] Queue=15, InProgress=0, PendingWorkers=20/20, Completed=87/146 (59.6%)
2026-01-28 12:28:38,079 - Knowledge - INFO - process ingested knowledge for /app/data/T0015/311196/b7970fw/internet-banking-concept-microservices-303209/core-banking-service/src/main/java/com/javatodev/finance/exception/InsufficientFundsException.java
2026-01-28 12:28:38,159 - Knowledge - INFO - Batch sizing: calculated=4, max_allowed=10, queue=27, active_workers=20/20
2026-01-28 12:28:38,253 - Knowledge - INFO - Worker kw12 processing /app/data/T0015/311196/b7970fw/internet-banking-concept-microservices-303209/internet-banking-api-gateway/settings.gradle
2026-01-28 12:28:38,345 - Knowledge - INFO - Batch sizing: calculated=4, max_allowed=10, queue=27, active_workers=20/20
2026-01-28 12:28:38,439 - Knowledge - INFO - Async storing batch of 5 embeddings
2026-01-28 12:28:38,439 - Knowledge - INFO - [kw16] Queue=15, InProgress=0, PendingWorkers=20/20, Completed=87/146 (59.6%)
2026-01-28 12:28:38,440 - Knowledge - INFO - [WEBSOCKET] Sent: Type=unknown, Size: ?, Duration: 1709ms
2026-01-28 12:28:38,440 - Knowledge - INFO - Async storing batch of 5 embeddings
2026-01-28 12:28:38,529 - Knowledge - INFO - Fast-tracked /app/data/T0015/311196/b7970fw/internet-banking-concept-microservices-303209/internet-banking-utility-payment-service/src/main/java/com/javatodev/finance/exception/GlobalExceptionHandler.java (ext=.java, size=1159)
2026-01-28 12:28:38,616 - Knowledge - INFO - Fast-tracked /app/data/T0015/311196/b7970fw/internet-banking-concept-microservices-303209/core-banking-service/src/main/java/com/javatodev/finance/model/entity/UserEntity.java (ext=.java, size=574)
2026-01-28 12:28:38,700 - Knowledge - INFO - Fast-tracked /app/data/T0015/311196/b7970fw/internet-banking-concept-microservices-303209/postman_collection/BANKING_CORE_MICROSERVICES_PROJECT.postman_environment.json (ext=.json, size=762)
2026-01-28 12:28:38,790 - Knowledge - INFO - Fast-tracked /app/data/T0015/311196/b7970fw/internet-banking-concept-microservices-303209/internet-banking-utility-payment-service/src/test/resources/application.yml (ext=.yml, size=532)
2026-01-28 12:28:38,923 - Knowledge - INFO - process ingested knowledge for /app/data/T0015/311196/b7970fw/internet-banking-concept-microservices-303209/core-banking-service/src/main/java/com/javatodev/finance/service/TransactionService.java
2026-01-28 12:28:39,068 - Knowledge - INFO - Fast-tracked /app/data/T0015/311196/b7970fw/internet-banking-concept-microservices-303209/internet-banking-user-service/src/main/java/com/javatodev/finance/exception/GlobalErrorCode.java (ext=.java, size=389)
2026-01-28 12:28:39,154 - Knowledge - INFO - process ingested knowledge for /app/data/T0015/311196/b7970fw/internet-banking-concept-microservices-303209/core-banking-service/src/main/java/com/javatodev/finance/controller/AccountController.java
2026-01-28 12:28:39,241 - Knowledge - INFO - process ingested knowledge for /app/data/T0015/311196/b7970fw/internet-banking-concept-microservices-303209/internet-banking-utility-payment-service/src/test/java/com/javatodev/finance/InternetBankingUtilityPaymentServiceApplicationTests.java
2026-01-28 12:28:39,380 - Knowledge - INFO - Worker kw9 processing /app/data/T0015/311196/b7970fw/internet-banking-concept-microservices-303209/core-banking-service/src/main/java/com/javatodev/finance/service/UserService.java
2026-01-28 12:28:39,459 - Knowledge - INFO - Batch sizing: calculated=4, max_allowed=10, queue=15, active_workers=20/20
2026-01-28 12:28:39,546 - Knowledge - INFO - process ingested knowledge for /app/data/T0015/311196/b7970fw/internet-banking-concept-microservices-303209/internet-banking-utility-payment-service/src/main/java/com/javatodev/finance/model/dto/UtilityPayment.java
2026-01-28 12:28:39,753 - Knowledge - INFO - Fast-tracked /app/data/T0015/311196/b7970fw/internet-banking-concept-microservices-303209/internet-banking-api-gateway/settings.gradle (ext=.gradle, size=50)
2026-01-28 12:28:39,990 - Knowledge - INFO - Worker kw7 processing /app/data/T0015/311196/b7970fw/internet-banking-concept-microservices-303209/core-banking-service/src/main/resources/db/migration/V1.0.20210427174638__create_base_table_structure.sql
2026-01-28 12:28:40,108 - Knowledge - INFO - Batch sizing: calculated=4, max_allowed=10, queue=15, active_workers=20/20
2026-01-28 12:28:40,196 - Knowledge - INFO - Progress: 59.6% | Files: 87/146 | Rate: 0.17 files/sec | Queue: 7
2026-01-28 12:28:40,197 - Knowledge - INFO - Async storing batch of 4 embeddings
2026-01-28 12:28:40,197 - Knowledge - INFO - Async storing batch of 4 embeddings
2026-01-28 12:28:40,197 - Knowledge - INFO - Async storing batch of 5 embeddings
2026-01-28 12:28:40,276 - Knowledge - INFO - Worker kw10 processing /app/data/T0015/311196/b7970fw/internet-banking-concept-microservices-303209/internet-banking-api-gateway/src/main/java/com/javatodev/finance/configuration/security/SecurityConfiguration.java
2026-01-28 12:28:40,393 - Knowledge - INFO - Async storage completed for 5 embeddings
2026-01-28 12:28:40,478 - Knowledge - INFO - Worker kw2 processing /app/data/T0015/311196/b7970fw/internet-banking-concept-microservices-303209/internet-banking-user-service/src/main/java/com/javatodev/finance/exception/UserAlreadyRegisteredException.java
2026-01-28 12:28:40,563 - Knowledge - INFO - Worker kw5 processing /app/data/T0015/311196/b7970fw/internet-banking-concept-microservices-303209/core-banking-service/src/main/java/com/javatodev/finance/CoreBankingServiceApplication.java
2026-01-28 12:28:40,679 - Knowledge - INFO - Worker kw6 processing /app/data/T0015/311196/b7970fw/internet-banking-concept-microservices-303209/internet-banking-user-service/src/test/resources/application.yml
2026-01-28 12:28:40,884 - Knowledge - INFO - Worker kw3 processing /app/data/T0015/311196/b7970fw/internet-banking-concept-microservices-303209/core-banking-service/src/main/java/com/javatodev/finance/repository/UtilityAccountRepository.java
2026-01-28 12:28:41,174 - Knowledge - INFO - Fast-tracked /app/data/T0015/311196/b7970fw/internet-banking-concept-microservices-303209/core-banking-service/src/main/java/com/javatodev/finance/service/UserService.java (ext=.java, size=1034)
2026-01-28 12:28:41,389 - Knowledge - INFO - Async storing batch of 5 embeddings
2026-01-28 12:28:41,499 - Knowledge - INFO - Worker kw12 processing /app/data/T0015/311196/b7970fw/internet-banking-concept-microservices-303209/internet-banking-fund-transfer-service/src/main/java/com/javatodev/finance/model/TransactionStatus.java
2026-01-28 12:28:41,546 - Knowledge - INFO - process ingested knowledge for /app/data/T0015/311196/b7970fw/internet-banking-concept-microservices-303209/internet-banking-fund-transfer-service/src/main/java/com/javatodev/finance/model/dto/FundTransfer.java
2026-01-28 12:28:41,605 - Knowledge - INFO - [kw4] Queue=3, InProgress=0, PendingWorkers=20/20, Completed=87/146 (59.6%)
2026-01-28 12:28:41,609 - Knowledge - INFO - Fast-tracked /app/data/T0015/311196/b7970fw/internet-banking-concept-microservices-303209/core-banking-service/src/main/resources/db/migration/V1.0.20210427174638__create_base_table_structure.sql (ext=.sql, size=1350)
2026-01-28 12:28:41,745 - Knowledge - INFO - Async storing batch of 4 embeddings
2026-01-28 12:28:41,865 - Knowledge - INFO - Worker kw13 processing /app/data/T0015/311196/b7970fw/internet-banking-concept-microservices-303209/internet-banking-utility-payment-service/src/main/java/com/javatodev/finance/exception/SimpleBankingGlobalException.java
2026-01-28 12:28:41,954 - Knowledge - INFO - Worker kw15 processing /app/data/T0015/311196/b7970fw/internet-banking-concept-microservices-303209/core-banking-service/src/main/java/com/javatodev/finance/service/AccountService.java
2026-01-28 12:28:42,039 - Knowledge - INFO - Worker kw11 processing /app/data/T0015/311196/b7970fw/internet-banking-concept-microservices-303209/internet-banking-utility-payment-service/settings.gradle
2026-01-28 12:28:42,114 - Knowledge - INFO - Fast-tracked /app/data/T0015/311196/b7970fw/internet-banking-concept-microservices-303209/internet-banking-api-gateway/src/main/java/com/javatodev/finance/configuration/security/SecurityConfiguration.java (ext=.java, size=1117)
2026-01-28 12:28:42,250 - Knowledge - INFO - Processing batch of 4 files
2026-01-28 12:28:42,369 - Knowledge - INFO - Fast-tracked /app/data/T0015/311196/b7970fw/internet-banking-concept-microservices-303209/internet-banking-user-service/src/main/java/com/javatodev/finance/exception/UserAlreadyRegisteredException.java (ext=.java, size=236)
2026-01-28 12:28:42,476 - Knowledge - INFO - Fast-tracked /app/data/T0015/311196/b7970fw/internet-banking-concept-microservices-303209/core-banking-service/src/main/java/com/javatodev/finance/CoreBankingServiceApplication.java (ext=.java, size=438)
2026-01-28 12:28:42,604 - Knowledge - INFO - Fast-tracked /app/data/T0015/311196/b7970fw/internet-banking-concept-microservices-303209/internet-banking-user-service/src/test/resources/application.yml (ext=.yml, size=723)
2026-01-28 12:28:42,707 - Knowledge - INFO - Fast-tracked /app/data/T0015/311196/b7970fw/internet-banking-concept-microservices-303209/core-banking-service/src/main/java/com/javatodev/finance/repository/UtilityAccountRepository.java (ext=.java, size=366)
2026-01-28 12:28:42,801 - Knowledge - INFO - Worker kw9 processing /app/data/T0015/311196/b7970fw/internet-banking-concept-microservices-303209/internet-banking-fund-transfer-service/src/test/resources/application.yml
2026-01-28 12:28:42,897 - Knowledge - INFO - Worker kw8 processing /app/data/T0015/311196/b7970fw/internet-banking-concept-microservices-303209/internet-banking-user-service/src/main/java/com/javatodev/finance/model/repository/UserRepository.java
2026-01-28 12:28:42,973 - Knowledge - INFO - Fast-tracked /app/data/T0015/311196/b7970fw/internet-banking-concept-microservices-303209/internet-banking-fund-transfer-service/src/main/java/com/javatodev/finance/model/TransactionStatus.java (ext=.java, size=113)
2026-01-28 12:28:43,056 - Knowledge - INFO - process ingested knowledge for /app/data/T0015/311196/b7970fw/internet-banking-concept-microservices-303209/internet-banking-user-service/src/main/java/com/javatodev/finance/model/mapper/UserMapper.java
2026-01-28 12:28:43,137 - Knowledge - INFO - Batch sizing: calculated=3, max_allowed=10, queue=3, active_workers=17/20
2026-01-28 12:28:43,233 - Knowledge - INFO - Worker kw7 processing /app/data/T0015/311196/b7970fw/internet-banking-concept-microservices-303209/internet-banking-utility-payment-service/src/main/java/com/javatodev/finance/model/TransactionStatus.java
2026-01-28 12:28:43,354 - Knowledge - INFO - Worker kw16 processing /app/data/T0015/311196/b7970fw/internet-banking-concept-microservices-303209/core-banking-service/src/main/java/com/javatodev/finance/model/mapper/BankAccountMapper.java
2026-01-28 12:28:43,410 - Knowledge - INFO - [LLM_CALL] Completed: UserService.java:chunk1, Duration: 6681ms, PromptTokens: 2618, CompletionTokens: 691, Cost: $0.00054
2026-01-28 12:28:43,417 - Knowledge - INFO - Fast-tracked /app/data/T0015/311196/b7970fw/internet-banking-concept-microservices-303209/internet-banking-utility-payment-service/src/main/java/com/javatodev/finance/exception/SimpleBankingGlobalException.java (ext=.java, size=423)
2026-01-28 12:28:43,503 - Knowledge - INFO - Fast-tracked /app/data/T0015/311196/b7970fw/internet-banking-concept-microservices-303209/core-banking-service/src/main/java/com/javatodev/finance/service/AccountService.java (ext=.java, size=1775)
2026-01-28 12:28:43,622 - Knowledge - INFO - Fast-tracked /app/data/T0015/311196/b7970fw/internet-banking-concept-microservices-303209/internet-banking-utility-payment-service/settings.gradle (ext=.gradle, size=62)
2026-01-28 12:28:43,695 - Knowledge - INFO - Worker kw10 processing /app/data/T0015/311196/b7970fw/internet-banking-concept-microservices-303209/internet-banking-user-service/src/main/java/com/javatodev/finance/model/dto/Status.java
2026-01-28 12:28:43,779 - Knowledge - INFO - process ingested knowledge for /app/data/T0015/311196/b7970fw/internet-banking-concept-microservices-303209/core-banking-service/src/main/java/com/javatodev/finance/model/dto/Transaction.java
2026-01-28 12:28:43,868 - Knowledge - INFO - Async storage completed for 5 embeddings
2026-01-28 12:28:43,972 - Knowledge - INFO - Async storage completed for 5 embeddings
2026-01-28 12:28:44,076 - Knowledge - INFO - Async storage completed for 5 embeddings
2026-01-28 12:28:44,157 - Knowledge - INFO - Worker kw3 processing /app/data/T0015/311196/b7970fw/internet-banking-concept-microservices-303209/internet-banking-user-service/src/main/java/com/javatodev/finance/model/mapper/BaseMapper.java
2026-01-28 12:28:44,241 - Knowledge - INFO - Fast-tracked /app/data/T0015/311196/b7970fw/internet-banking-concept-microservices-303209/internet-banking-fund-transfer-service/src/test/resources/application.yml (ext=.yml, size=520)
2026-01-28 12:28:44,350 - Knowledge - INFO - Fast-tracked /app/data/T0015/311196/b7970fw/internet-banking-concept-microservices-303209/internet-banking-user-service/src/main/java/com/javatodev/finance/model/repository/UserRepository.java (ext=.java, size=242)
2026-01-28 12:28:44,413 - Knowledge - INFO - Worker kw12 processing /app/data/T0015/311196/b7970fw/internet-banking-concept-microservices-303209/internet-banking-config-server/build.gradle
2026-01-28 12:28:44,686 - Knowledge - INFO - Fast-tracked /app/data/T0015/311196/b7970fw/internet-banking-concept-microservices-303209/internet-banking-utility-payment-service/src/main/java/com/javatodev/finance/model/TransactionStatus.java (ext=.java, size=113)
2026-01-28 12:28:44,771 - Knowledge - INFO - Fast-tracked /app/data/T0015/311196/b7970fw/internet-banking-concept-microservices-303209/core-banking-service/src/main/java/com/javatodev/finance/model/mapper/BankAccountMapper.java (ext=.java, size=834)
2026-01-28 12:28:44,851 - Knowledge - INFO - done ingest for /app/data/T0015/311196/b7970fw/internet-banking-concept-microservices-303209/internet-banking-user-service/src/main/java/com/javatodev/finance/service/UserService.java
2026-01-28 12:28:44,851 - Knowledge - INFO - [WEBSOCKET] Sent: Type=progress_update, Size: 291, Duration: 0ms
2026-01-28 12:28:44,935 - Knowledge - INFO - Worker kw13 processing /app/data/T0015/311196/b7970fw/internet-banking-concept-microservices-303209/internet-banking-user-service/src/main/java/com/javatodev/finance/exception/SimpleBankingGlobalException.java
2026-01-28 12:28:45,015 - Knowledge - INFO - Worker kw15 processing /app/data/T0015/311196/b7970fw/internet-banking-concept-microservices-303209/internet-banking-fund-transfer-service/src/main/java/com/javatodev/finance/exception/SimpleBankingGlobalException.java
2026-01-28 12:28:45,096 - Knowledge - INFO - Worker kw11 processing /app/data/T0015/311196/b7970fw/internet-banking-concept-microservices-303209/internet-banking-user-service/settings.gradle
2026-01-28 12:28:45,185 - Knowledge - INFO - Fast-tracked /app/data/T0015/311196/b7970fw/internet-banking-concept-microservices-303209/internet-banking-user-service/src/main/java/com/javatodev/finance/model/dto/Status.java (ext=.java, size=108)
2026-01-28 12:28:45,340 - Knowledge - INFO - process ingested knowledge for /app/data/T0015/311196/b7970fw/internet-banking-concept-microservices-303209/core-banking-service/src/main/java/com/javatodev/finance/repository/BankAccountRepository.java
2026-01-28 12:28:45,666 - Knowledge - INFO - Fast-tracked /app/data/T0015/311196/b7970fw/internet-banking-concept-microservices-303209/internet-banking-user-service/src/main/java/com/javatodev/finance/model/mapper/BaseMapper.java (ext=.java, size=1330)
2026-01-28 12:28:45,739 - Knowledge - INFO - Worker kw9 processing /app/data/T0015/311196/b7970fw/internet-banking-concept-microservices-303209/core-banking-service/src/main/java/com/javatodev/finance/controller/UserController.java
2026-01-28 12:28:45,823 - Knowledge - INFO - Worker kw8 processing /app/data/T0015/311196/b7970fw/internet-banking-concept-microservices-303209/core-banking-service/src/main/java/com/javatodev/finance/exception/SimpleBankingGlobalException.java
2026-01-28 12:28:45,945 - Knowledge - INFO - Fast-tracked /app/data/T0015/311196/b7970fw/internet-banking-concept-microservices-303209/internet-banking-config-server/build.gradle (ext=.gradle, size=746)
2026-01-28 12:28:46,027 - Knowledge - INFO - Worker kw7 processing /app/data/T0015/311196/b7970fw/internet-banking-concept-microservices-303209/internet-banking-fund-transfer-service/src/main/java/com/javatodev/finance/InternetBankingFundTransferServiceApplication.java
2026-01-28 12:28:46,113 - Knowledge - INFO - Worker kw16 processing /app/data/T0015/311196/b7970fw/internet-banking-concept-microservices-303209/internet-banking-user-service/src/main/java/com/javatodev/finance/controller/UserController.java
2026-01-28 12:28:46,280 - Knowledge - INFO - Processing batch of 4 files
2026-01-28 12:28:46,281 - Knowledge - INFO - Processing batch of 4 files
2026-01-28 12:28:46,281 - Knowledge - INFO - Processing batch of 4 files
2026-01-28 12:28:46,281 - Knowledge - INFO - Processing batch of 4 files
2026-01-28 12:28:46,281 - Knowledge - INFO - [WEBSOCKET] Sent: Type=unknown, Size: ?, Duration: 1430ms
2026-01-28 12:28:46,362 - Knowledge - INFO - Fast-tracked /app/data/T0015/311196/b7970fw/internet-banking-concept-microservices-303209/internet-banking-user-service/src/main/java/com/javatodev/finance/exception/SimpleBankingGlobalException.java (ext=.java, size=423)
2026-01-28 12:28:46,457 - Knowledge - INFO - Fast-tracked /app/data/T0015/311196/b7970fw/internet-banking-concept-microservices-303209/internet-banking-fund-transfer-service/src/main/java/com/javatodev/finance/exception/SimpleBankingGlobalException.java (ext=.java, size=423)
2026-01-28 12:28:46,547 - Knowledge - INFO - Fast-tracked /app/data/T0015/311196/b7970fw/internet-banking-concept-microservices-303209/internet-banking-user-service/settings.gradle (ext=.gradle, size=51)
2026-01-28 12:28:46,620 - Knowledge - INFO - Worker kw10 processing /app/data/T0015/311196/b7970fw/internet-banking-concept-microservices-303209/internet-banking-user-service/src/main/java/com/javatodev/finance/configuration/CustomFeignClientConfiguration.java
2026-01-28 12:28:46,702 - Knowledge - INFO - process ingested knowledge for /app/data/T0015/311196/b7970fw/internet-banking-concept-microservices-303209/internet-banking-utility-payment-service/src/main/java/com/javatodev/finance/model/rest/response/UtilityPaymentResponse.java
2026-01-28 12:28:46,784 - Knowledge - INFO - Async storage completed for 5 embeddings
2026-01-28 12:28:46,858 - Knowledge - INFO - Fast-tracked /app/data/T0015/311196/b7970fw/internet-banking-concept-microservices-303209/core-banking-service/src/main/java/com/javatodev/finance/controller/UserController.java (ext=.java, size=1026)
2026-01-28 12:28:46,937 - Knowledge - INFO - Fast-tracked /app/data/T0015/311196/b7970fw/internet-banking-concept-microservices-303209/core-banking-service/src/main/java/com/javatodev/finance/exception/SimpleBankingGlobalException.java (ext=.java, size=423)
2026-01-28 12:28:47,015 - Knowledge - INFO - Worker kw12 processing /app/data/T0015/311196/b7970fw/internet-banking-concept-microservices-303209/internet-banking-utility-payment-service/src/main/java/com/javatodev/finance/InternetBankingUtilityPaymentServiceApplication.java
2026-01-28 12:28:47,106 - Knowledge - INFO - Fast-tracked /app/data/T0015/311196/b7970fw/internet-banking-concept-microservices-303209/internet-banking-fund-transfer-service/src/main/java/com/javatodev/finance/InternetBankingFundTransferServiceApplication.java (ext=.java, size=553)
2026-01-28 12:28:47,196 - Knowledge - INFO - Fast-tracked /app/data/T0015/311196/b7970fw/internet-banking-concept-microservices-303209/internet-banking-user-service/src/main/java/com/javatodev/finance/controller/UserController.java (ext=.java, size=1732)
2026-01-28 12:28:47,289 - Knowledge - INFO - process ingested knowledge for /app/data/T0015/311196/b7970fw/internet-banking-concept-microservices-303209/core-banking-service/src/main/java/com/javatodev/finance/model/TransactionType.java
2026-01-28 12:28:47,367 - Knowledge - INFO - process ingested knowledge for /app/data/T0015/311196/b7970fw/internet-banking-concept-microservices-303209/core-banking-service/src/main/java/com/javatodev/finance/model/mapper/UserMapper.java
2026-01-28 12:28:47,470 - Knowledge - INFO - process ingested knowledge for /app/data/T0015/311196/b7970fw/internet-banking-concept-microservices-303209/internet-banking-user-service/src/main/java/com/javatodev/finance/exception/InvalidEmailException.java
2026-01-28 12:28:47,557 - Knowledge - INFO - process ingested knowledge for /app/data/T0015/311196/b7970fw/internet-banking-concept-microservices-303209/internet-banking-fund-transfer-service/src/main/java/com/javatodev/finance/model/dto/response/AccountResponse.java
2026-01-28 12:28:47,685 - Knowledge - INFO - Progress: 62.3% | Files: 107/146 | Rate: 0.20 files/sec | Queue: 0
2026-01-28 12:28:47,764 - Knowledge - INFO - Worker kw13 processing /app/data/T0015/311196/b7970fw/internet-banking-concept-microservices-303209/core-banking-service/settings.gradle
2026-01-28 12:28:47,887 - Knowledge - INFO - Worker kw15 processing /app/data/T0015/311196/b7970fw/internet-banking-concept-microservices-303209/internet-banking-fund-transfer-service/src/main/java/com/javatodev/finance/configuration/CustomFeignClientConfiguration.java
2026-01-28 12:28:47,964 - Knowledge - INFO - Worker kw11 processing /app/data/T0015/311196/b7970fw/internet-banking-concept-microservices-303209/internet-banking-fund-transfer-service/settings.gradle
2026-01-28 12:28:48,081 - Knowledge - INFO - Fast-tracked /app/data/T0015/311196/b7970fw/internet-banking-concept-microservices-303209/internet-banking-user-service/src/main/java/com/javatodev/finance/configuration/CustomFeignClientConfiguration.java (ext=.java, size=482)
2026-01-28 12:28:48,155 - Knowledge - INFO - process ingested knowledge for /app/data/T0015/311196/b7970fw/internet-banking-concept-microservices-303209/internet-banking-utility-payment-service/src/main/java/com/javatodev/finance/exception/GlobalExceptionHandler.java
2026-01-28 12:28:48,240 - Knowledge - INFO - Processing batch of 4 files
2026-01-28 12:28:48,319 - Knowledge - INFO - Async storage completed for 5 embeddings
2026-01-28 12:28:48,401 - Knowledge - INFO - Worker kw8 processing /app/data/T0015/311196/b7970fw/internet-banking-concept-microservices-303209/internet-banking-fund-transfer-service/src/main/java/com/javatodev/finance/service/rest/client/BankingCoreFeignClient.java
2026-01-28 12:28:48,483 - Knowledge - INFO - Fast-tracked /app/data/T0015/311196/b7970fw/internet-banking-concept-microservices-303209/internet-banking-utility-payment-service/src/main/java/com/javatodev/finance/InternetBankingUtilityPaymentServiceApplication.java (ext=.java, size=545)
2026-01-28 12:28:48,583 - Knowledge - INFO - Worker kw7 processing /app/data/T0015/311196/b7970fw/internet-banking-concept-microservices-303209/core-banking-service/src/test/java/com/javatodev/finance/CoreBankingServiceApplicationTests.java
2026-01-28 12:28:48,657 - Knowledge - INFO - Worker kw16 processing /app/data/T0015/311196/b7970fw/internet-banking-concept-microservices-303209/core-banking-service/src/main/java/com/javatodev/finance/model/entity/BankAccountEntity.java
2026-01-28 12:28:48,764 - Knowledge - INFO - process ingested knowledge for /app/data/T0015/311196/b7970fw/internet-banking-concept-microservices-303209/internet-banking-user-service/src/main/java/com/javatodev/finance/exception/GlobalExceptionHandler.java
2026-01-28 12:28:48,870 - Knowledge - INFO - process ingested knowledge for /app/data/T0015/311196/b7970fw/internet-banking-concept-microservices-303209/internet-banking-fund-transfer-service/src/main/java/com/javatodev/finance/exception/GlobalExceptionHandler.java
2026-01-28 12:28:48,943 - Knowledge - INFO - process ingested knowledge for /app/data/T0015/311196/b7970fw/internet-banking-concept-microservices-303209/README.md
2026-01-28 12:28:49,067 - Knowledge - INFO - process ingested knowledge for /app/data/T0015/311196/b7970fw/internet-banking-concept-microservices-303209/core-banking-service/src/main/java/com/javatodev/finance/exception/GlobalExceptionHandler.java
2026-01-28 12:28:49,278 - Knowledge - INFO - Fast-tracked /app/data/T0015/311196/b7970fw/internet-banking-concept-microservices-303209/core-banking-service/settings.gradle (ext=.gradle, size=42)
2026-01-28 12:28:49,366 - Knowledge - INFO - Fast-tracked /app/data/T0015/311196/b7970fw/internet-banking-concept-microservices-303209/internet-banking-fund-transfer-service/src/main/java/com/javatodev/finance/configuration/CustomFeignClientConfiguration.java (ext=.java, size=367)
2026-01-28 12:28:49,473 - Knowledge - INFO - Fast-tracked /app/data/T0015/311196/b7970fw/internet-banking-concept-microservices-303209/internet-banking-fund-transfer-service/settings.gradle (ext=.gradle, size=60)
2026-01-28 12:28:49,577 - Knowledge - INFO - Worker kw10 processing /app/data/T0015/311196/b7970fw/internet-banking-concept-microservices-303209/internet-banking-utility-payment-service/src/main/java/com/javatodev/finance/configuration/CustomFeignClientConfiguration.java
2026-01-28 12:28:49,734 - Knowledge - INFO - process ingested knowledge for /app/data/T0015/311196/b7970fw/internet-banking-concept-microservices-303209/internet-banking-fund-transfer-service/src/main/java/com/javatodev/finance/model/mapper/BaseMapper.java
2026-01-28 12:28:49,817 - Knowledge - INFO - Processing batch of 4 files
2026-01-28 12:28:49,887 - Knowledge - INFO - Fast-tracked /app/data/T0015/311196/b7970fw/internet-banking-concept-microservices-303209/internet-banking-fund-transfer-service/src/main/java/com/javatodev/finance/service/rest/client/BankingCoreFeignClient.java (ext=.java, size=1156)
2026-01-28 12:28:49,978 - Knowledge - INFO - Async storage completed for 4 embeddings
2026-01-28 12:28:50,036 - Knowledge - INFO - [WEBSOCKET] Sent: Type=progress_update, Size: 292, Duration: 0ms
2026-01-28 12:28:50,103 - Knowledge - INFO - Fast-tracked /app/data/T0015/311196/b7970fw/internet-banking-concept-microservices-303209/core-banking-service/src/test/java/com/javatodev/finance/CoreBankingServiceApplicationTests.java (ext=.java, size=234)
2026-01-28 12:28:50,178 - Knowledge - INFO - Fast-tracked /app/data/T0015/311196/b7970fw/internet-banking-concept-microservices-303209/core-banking-service/src/main/java/com/javatodev/finance/model/entity/BankAccountEntity.java (ext=.java, size=750)
2026-01-28 12:28:50,292 - Knowledge - INFO - process ingested knowledge for /app/data/T0015/311196/b7970fw/internet-banking-concept-microservices-303209/core-banking-service/src/main/java/com/javatodev/finance/model/entity/UserEntity.java
2026-01-28 12:28:50,384 - Knowledge - INFO - process ingested knowledge for /app/data/T0015/311196/b7970fw/internet-banking-concept-microservices-303209/postman_collection/BANKING_CORE_MICROSERVICES_PROJECT.postman_environment.json
2026-01-28 12:28:50,507 - Knowledge - INFO - process ingested knowledge for /app/data/T0015/311196/b7970fw/internet-banking-concept-microservices-303209/internet-banking-utility-payment-service/src/test/resources/application.yml
2026-01-28 12:28:50,578 - Knowledge - INFO - process ingested knowledge for /app/data/T0015/311196/b7970fw/internet-banking-concept-microservices-303209/internet-banking-user-service/src/main/java/com/javatodev/finance/service/UserService.java
2026-01-28 12:28:50,659 - Knowledge - INFO - Worker kw13 processing /app/data/T0015/311196/b7970fw/internet-banking-concept-microservices-303209/core-banking-service/src/main/java/com/javatodev/finance/repository/UserRepository.java
2026-01-28 12:28:50,781 - Knowledge - INFO - Worker kw15 processing /app/data/T0015/311196/b7970fw/internet-banking-concept-microservices-303209/core-banking-service/src/main/java/com/javatodev/finance/model/entity/UtilityAccountEntity.java
2026-01-28 12:28:50,907 - Knowledge - INFO - Worker kw11 processing /app/data/T0015/311196/b7970fw/internet-banking-concept-microservices-303209/core-banking-service/src/main/java/com/javatodev/finance/model/mapper/UtilityAccountMapper.java
2026-01-28 12:28:51,000 - Knowledge - INFO - Fast-tracked /app/data/T0015/311196/b7970fw/internet-banking-concept-microservices-303209/internet-banking-utility-payment-service/src/main/java/com/javatodev/finance/configuration/CustomFeignClientConfiguration.java (ext=.java, size=292)
2026-01-28 12:28:51,067 - Knowledge - INFO - process ingested knowledge for /app/data/T0015/311196/b7970fw/internet-banking-concept-microservices-303209/internet-banking-user-service/src/main/java/com/javatodev/finance/exception/GlobalErrorCode.java
2026-01-28 12:28:51,154 - Knowledge - INFO - process ingested knowledge for /app/data/T0015/311196/b7970fw/internet-banking-concept-microservices-303209/internet-banking-utility-payment-service/src/main/java/com/javatodev/finance/model/mapper/BaseMapper.java
2026-01-28 12:28:51,240 - Knowledge - INFO - Worker kw8 processing /app/data/T0015/311196/b7970fw/internet-banking-concept-microservices-303209/internet-banking-config-server/src/main/resources/application.yml
2026-01-28 12:28:51,432 - Knowledge - INFO - Processing batch of 4 files
2026-01-28 12:28:51,433 - Knowledge - INFO - [WEBSOCKET] Sent: Type=unknown, Size: ?, Duration: 1397ms
2026-01-28 12:28:51,520 - Knowledge - INFO - Async storage completed for 5 embeddings
2026-01-28 12:28:51,598 - Knowledge - INFO - Async storage completed for 4 embeddings
2026-01-28 12:28:51,680 - Knowledge - INFO - process ingested knowledge for /app/data/T0015/311196/b7970fw/internet-banking-concept-microservices-303209/internet-banking-user-service/src/main/java/com/javatodev/finance/exception/UserAlreadyRegisteredException.java
2026-01-28 12:28:51,795 - Knowledge - INFO - process ingested knowledge for /app/data/T0015/311196/b7970fw/internet-banking-concept-microservices-303209/core-banking-service/src/main/java/com/javatodev/finance/CoreBankingServiceApplication.java
2026-01-28 12:28:51,881 - Knowledge - INFO - process ingested knowledge for /app/data/T0015/311196/b7970fw/internet-banking-concept-microservices-303209/internet-banking-user-service/src/test/resources/application.yml
2026-01-28 12:28:51,979 - Knowledge - INFO - process ingested knowledge for /app/data/T0015/311196/b7970fw/internet-banking-concept-microservices-303209/internet-banking-utility-payment-service/src/main/java/com/javatodev/finance/model/rest/request/UtilityPaymentRequest.java
2026-01-28 12:28:52,083 - Knowledge - INFO - Fast-tracked /app/data/T0015/311196/b7970fw/internet-banking-concept-microservices-303209/core-banking-service/src/main/java/com/javatodev/finance/repository/UserRepository.java (ext=.java, size=346)
2026-01-28 12:28:52,180 - Knowledge - INFO - Fast-tracked /app/data/T0015/311196/b7970fw/internet-banking-concept-microservices-303209/core-banking-service/src/main/java/com/javatodev/finance/model/entity/UtilityAccountEntity.java (ext=.java, size=376)
2026-01-28 12:28:52,283 - Knowledge - INFO - Fast-tracked /app/data/T0015/311196/b7970fw/internet-banking-concept-microservices-303209/core-banking-service/src/main/java/com/javatodev/finance/model/mapper/UtilityAccountMapper.java (ext=.java, size=856)
2026-01-28 12:28:52,370 - Knowledge - INFO - Async storage completed for 5 embeddings
2026-01-28 12:28:52,443 - Knowledge - INFO - process ingested knowledge for /app/data/T0015/311196/b7970fw/internet-banking-concept-microservices-303209/core-banking-service/src/main/java/com/javatodev/finance/repository/UtilityAccountRepository.java
2026-01-28 12:28:52,525 - Knowledge - INFO - process ingested knowledge for /app/data/T0015/311196/b7970fw/internet-banking-concept-microservices-303209/core-banking-service/src/main/java/com/javatodev/finance/service/UserService.java
2026-01-28 12:28:52,633 - Knowledge - INFO - Fast-tracked /app/data/T0015/311196/b7970fw/internet-banking-concept-microservices-303209/internet-banking-config-server/src/main/resources/application.yml (ext=.yml, size=225)
2026-01-28 12:28:52,752 - Knowledge - INFO - process ingested knowledge for /app/data/T0015/311196/b7970fw/internet-banking-concept-microservices-303209/internet-banking-api-gateway/settings.gradle
2026-01-28 12:28:52,830 - Knowledge - INFO - Progress: 78.8% | Files: 119/146 | Rate: 0.23 files/sec | Queue: 0
2026-01-28 12:28:52,914 - Knowledge - INFO - Processing batch of 4 files
2026-01-28 12:28:53,008 - Knowledge - INFO - Processing batch of 3 files
2026-01-28 12:28:53,481 - Knowledge - INFO - Async storage completed for 4 embeddings
2026-01-28 12:28:53,565 - Knowledge - INFO - Async storage completed for 4 embeddings
2026-01-28 12:28:53,662 - Knowledge - INFO - Async storage completed for 5 embeddings
2026-01-28 12:28:53,678 - Knowledge - INFO - [WEBSOCKET] Sent: Type=progress_update, Size: 292, Duration: 0ms
2026-01-28 12:28:53,951 - Knowledge - INFO - process ingested knowledge for /app/data/T0015/311196/b7970fw/internet-banking-concept-microservices-303209/internet-banking-user-service/src/main/java/com/javatodev/finance/model/mapper/BaseMapper.java
2026-01-28 12:28:53,989 - Knowledge - INFO - Async storage completed for 5 embeddings
2026-01-28 12:28:54,214 - Knowledge - INFO - process ingested knowledge for /app/data/T0015/311196/b7970fw/internet-banking-concept-microservices-303209/internet-banking-fund-transfer-service/src/main/java/com/javatodev/finance/model/TransactionStatus.java
2026-01-28 12:28:54,214 - Knowledge - INFO - process ingested knowledge for /app/data/T0015/311196/b7970fw/internet-banking-concept-microservices-303209/internet-banking-fund-transfer-service/src/test/resources/application.yml
2026-01-28 12:28:54,293 - Knowledge - INFO - process ingested knowledge for /app/data/T0015/311196/b7970fw/internet-banking-concept-microservices-303209/core-banking-service/src/main/resources/db/migration/V1.0.20210427174638__create_base_table_structure.sql
2026-01-28 12:28:54,373 - Knowledge - INFO - process ingested knowledge for /app/data/T0015/311196/b7970fw/internet-banking-concept-microservices-303209/core-banking-service/src/main/java/com/javatodev/finance/model/mapper/BankAccountMapper.java
2026-01-28 12:28:54,712 - Knowledge - INFO - Processing batch of 4 files
2026-01-28 12:28:54,713 - Knowledge - INFO - Processing batch of 4 files
2026-01-28 12:28:54,713 - Knowledge - INFO - Processing batch of 4 files
2026-01-28 12:28:54,713 - Knowledge - INFO - Processing batch of 4 files
2026-01-28 12:28:54,714 - Knowledge - INFO - [WEBSOCKET] Sent: Type=unknown, Size: ?, Duration: 1036ms
2026-01-28 12:28:55,005 - Knowledge - INFO - process ingested knowledge for /app/data/T0015/311196/b7970fw/internet-banking-concept-microservices-303209/internet-banking-config-server/build.gradle
2026-01-28 12:28:55,101 - Knowledge - INFO - process ingested knowledge for /app/data/T0015/311196/b7970fw/internet-banking-concept-microservices-303209/core-banking-service/src/main/java/com/javatodev/finance/controller/UserController.java
2026-01-28 12:28:55,200 - Knowledge - INFO - process ingested knowledge for /app/data/T0015/311196/b7970fw/internet-banking-concept-microservices-303209/internet-banking-utility-payment-service/src/main/java/com/javatodev/finance/model/TransactionStatus.java
2026-01-28 12:28:55,264 - Knowledge - INFO - process ingested knowledge for /app/data/T0015/311196/b7970fw/internet-banking-concept-microservices-303209/internet-banking-user-service/src/main/java/com/javatodev/finance/controller/UserController.java
2026-01-28 12:28:55,389 - Knowledge - INFO - process ingested knowledge for /app/data/T0015/311196/b7970fw/internet-banking-concept-microservices-303209/internet-banking-api-gateway/src/main/java/com/javatodev/finance/configuration/security/SecurityConfiguration.java
2026-01-28 12:28:55,465 - Knowledge - INFO - process ingested knowledge for /app/data/T0015/311196/b7970fw/internet-banking-concept-microservices-303209/internet-banking-utility-payment-service/src/main/java/com/javatodev/finance/exception/SimpleBankingGlobalException.java
2026-01-28 12:28:55,546 - Knowledge - INFO - process ingested knowledge for /app/data/T0015/311196/b7970fw/internet-banking-concept-microservices-303209/core-banking-service/src/main/java/com/javatodev/finance/service/AccountService.java
2026-01-28 12:28:55,633 - Knowledge - INFO - process ingested knowledge for /app/data/T0015/311196/b7970fw/internet-banking-concept-microservices-303209/internet-banking-utility-payment-service/settings.gradle
2026-01-28 12:28:55,757 - Knowledge - INFO - Progress: 86.3% | Files: 146/146 | Rate: 0.27 files/sec | Queue: 0
2026-01-28 12:28:55,757 - Knowledge - INFO - Processing batch of 4 files
2026-01-28 12:28:55,845 - Knowledge - INFO - process ingested knowledge for /app/data/T0015/311196/b7970fw/internet-banking-concept-microservices-303209/internet-banking-utility-payment-service/src/main/java/com/javatodev/finance/InternetBankingUtilityPaymentServiceApplication.java
2026-01-28 12:28:56,010 - Knowledge - INFO - process ingested knowledge for /app/data/T0015/311196/b7970fw/internet-banking-concept-microservices-303209/internet-banking-fund-transfer-service/src/main/java/com/javatodev/finance/InternetBankingFundTransferServiceApplication.java
2026-01-28 12:28:56,106 - Knowledge - INFO - process ingested knowledge for /app/data/T0015/311196/b7970fw/internet-banking-concept-microservices-303209/core-banking-service/src/main/java/com/javatodev/finance/model/entity/BankAccountEntity.java
2026-01-28 12:28:56,196 - Knowledge - INFO - process ingested knowledge for /app/data/T0015/311196/b7970fw/internet-banking-concept-microservices-303209/internet-banking-user-service/src/main/java/com/javatodev/finance/model/dto/Status.java
2026-01-28 12:28:56,276 - Knowledge - INFO - process ingested knowledge for /app/data/T0015/311196/b7970fw/internet-banking-concept-microservices-303209/internet-banking-user-service/src/main/java/com/javatodev/finance/exception/SimpleBankingGlobalException.java
2026-01-28 12:28:56,363 - Knowledge - INFO - process ingested knowledge for /app/data/T0015/311196/b7970fw/internet-banking-concept-microservices-303209/internet-banking-fund-transfer-service/src/main/java/com/javatodev/finance/exception/SimpleBankingGlobalException.java
2026-01-28 12:28:56,438 - Knowledge - INFO - process ingested knowledge for /app/data/T0015/311196/b7970fw/internet-banking-concept-microservices-303209/internet-banking-user-service/settings.gradle
2026-01-28 12:28:56,605 - Knowledge - INFO - process ingested knowledge for /app/data/T0015/311196/b7970fw/internet-banking-concept-microservices-303209/internet-banking-user-service/src/main/java/com/javatodev/finance/model/repository/UserRepository.java
2026-01-28 12:28:56,773 - Knowledge - INFO - process ingested knowledge for /app/data/T0015/311196/b7970fw/internet-banking-concept-microservices-303209/core-banking-service/src/test/java/com/javatodev/finance/CoreBankingServiceApplicationTests.java
2026-01-28 12:28:57,060 - Knowledge - INFO - process ingested knowledge for /app/data/T0015/311196/b7970fw/internet-banking-concept-microservices-303209/internet-banking-user-service/src/main/java/com/javatodev/finance/configuration/CustomFeignClientConfiguration.java
2026-01-28 12:28:57,125 - Knowledge - INFO - [WEBSOCKET] Sent: Type=progress_update, Size: 293, Duration: 0ms
2026-01-28 12:28:57,126 - Knowledge - INFO - process ingested knowledge for /app/data/T0015/311196/b7970fw/internet-banking-concept-microservices-303209/core-banking-service/settings.gradle
2026-01-28 12:28:57,206 - Knowledge - INFO - process ingested knowledge for /app/data/T0015/311196/b7970fw/internet-banking-concept-microservices-303209/internet-banking-fund-transfer-service/src/main/java/com/javatodev/finance/configuration/CustomFeignClientConfiguration.java
2026-01-28 12:28:57,253 - Knowledge - INFO - process ingested knowledge for /app/data/T0015/311196/b7970fw/internet-banking-concept-microservices-303209/internet-banking-fund-transfer-service/settings.gradle
2026-01-28 12:28:57,349 - Knowledge - INFO - process ingested knowledge for /app/data/T0015/311196/b7970fw/internet-banking-concept-microservices-303209/core-banking-service/src/main/java/com/javatodev/finance/exception/SimpleBankingGlobalException.java
2026-01-28 12:28:57,490 - Knowledge - INFO - process ingested knowledge for /app/data/T0015/311196/b7970fw/internet-banking-concept-microservices-303209/internet-banking-utility-payment-service/src/main/java/com/javatodev/finance/configuration/CustomFeignClientConfiguration.java
2026-01-28 12:28:57,567 - Knowledge - INFO - [WEBSOCKET] Sent: Type=unknown, Size: ?, Duration: 442ms
2026-01-28 12:28:57,665 - Knowledge - INFO - process ingested knowledge for /app/data/T0015/311196/b7970fw/internet-banking-concept-microservices-303209/core-banking-service/src/main/java/com/javatodev/finance/repository/UserRepository.java
2026-01-28 12:28:57,762 - Knowledge - INFO - process ingested knowledge for /app/data/T0015/311196/b7970fw/internet-banking-concept-microservices-303209/core-banking-service/src/main/java/com/javatodev/finance/model/entity/UtilityAccountEntity.java
2026-01-28 12:28:57,840 - Knowledge - INFO - process ingested knowledge for /app/data/T0015/311196/b7970fw/internet-banking-concept-microservices-303209/core-banking-service/src/main/java/com/javatodev/finance/model/mapper/UtilityAccountMapper.java
2026-01-28 12:28:57,941 - Knowledge - INFO - process ingested knowledge for /app/data/T0015/311196/b7970fw/internet-banking-concept-microservices-303209/internet-banking-fund-transfer-service/src/main/java/com/javatodev/finance/service/rest/client/BankingCoreFeignClient.java
2026-01-28 12:28:58,175 - Knowledge - INFO - Progress: 100.0% | Files: 146/146 | Rate: 0.27 files/sec | Queue: 0
2026-01-28 12:28:58,750 - Knowledge - INFO - process ingested knowledge for /app/data/T0015/311196/b7970fw/internet-banking-concept-microservices-303209/internet-banking-config-server/src/main/resources/application.yml
2026-01-28 12:28:59,375 - Knowledge - INFO - Knowledge creation complete
2026-01-28 12:28:59,533 - Knowledge - INFO - ==================================================
2026-01-28 12:28:59,734 - Knowledge - INFO - KNOWLEDGE GRAPH GENERATION PERFORMANCE SUMMARY
2026-01-28 12:28:59,896 - Knowledge - INFO - ==================================================
2026-01-28 12:29:00,095 - Knowledge - INFO - Total processing time: 537.22 seconds (8.95 minutes)
2026-01-28 12:29:00,250 - Knowledge - INFO - Files processed: 0
2026-01-28 12:29:00,436 - Knowledge - INFO - Processing rate: 0.00 files/second
2026-01-28 12:29:00,633 - Knowledge - INFO - 
[TIME_BREAKDOWN]
2026-01-28 12:29:00,852 - Knowledge - INFO - File Reading: 0.00s (0.0%)
2026-01-28 12:29:01,014 - Knowledge - INFO - LLM Processing: 23.29s (4.3%)
2026-01-28 12:29:01,170 - Knowledge - INFO - MongoDB Operations: 13.43s (2.5%)
2026-01-28 12:29:01,330 - Knowledge - INFO - Redis Operations: 42.99s (8.0%)
2026-01-28 12:29:01,516 - Knowledge - INFO - WebSocket Communication: 14.45s (2.7%)
2026-01-28 12:29:01,735 - Knowledge - INFO - Other Overhead: 443.07s (82.5%)
2026-01-28 12:29:01,892 - Knowledge - INFO - 
[LLM_STATS]
2026-01-28 12:29:02,083 - Knowledge - INFO - Total LLM calls: 2
2026-01-28 12:29:02,265 - Knowledge - INFO - Average LLM response time: 11645ms
2026-01-28 12:29:02,418 - Knowledge - INFO - Average prompt tokens: 2724.0
2026-01-28 12:29:02,622 - Knowledge - INFO - Average completion tokens: 1103.5
2026-01-28 12:29:02,781 - Knowledge - INFO - Total prompt tokens: 5448
2026-01-28 12:29:02,969 - Knowledge - INFO - Total completion tokens: 2207
2026-01-28 12:29:03,142 - Knowledge - INFO - Total LLM cost: $0.0014
2026-01-28 12:29:03,306 - Knowledge - INFO - 
[DATABASE_STATS]
2026-01-28 12:29:03,485 - Knowledge - INFO - MongoDB operations: 146
2026-01-28 12:29:03,660 - Knowledge - INFO -   persist: 146
2026-01-28 12:29:03,815 - Knowledge - INFO - Redis operations: 146
2026-01-28 12:29:03,968 - Knowledge - INFO -   store_embedding: 146
2026-01-28 12:29:04,130 - Knowledge - INFO - 
[COMMUNICATION_STATS]
2026-01-28 12:29:04,301 - Knowledge - INFO - WebSocket messages sent: 21
2026-01-28 12:29:04,485 - Knowledge - INFO - Average message size: 147.0 bytes
2026-01-28 12:29:04,652 - Knowledge - INFO - 
[WORKER_STATS]
2026-01-28 12:29:04,837 - Knowledge - INFO - 
[FILE_TYPE_STATS]
2026-01-28 12:29:05,007 - Knowledge - INFO - 
[SLOWEST_FILES]
2026-01-28 12:29:05,192 - Knowledge - INFO - ==================================================
2026-01-28 12:29:05,353 - Knowledge - INFO - ==================================================
2026-01-28 12:29:05,550 - Knowledge - INFO - KNOWLEDGE GRAPH GENERATION PERFORMANCE SUMMARY
2026-01-28 12:29:05,725 - Knowledge - INFO - ==================================================
2026-01-28 12:29:05,893 - Knowledge - INFO - Total processing time: 543.13 seconds (9.05 minutes)
2026-01-28 12:29:06,042 - Knowledge - INFO - Files processed: 146 of 146
2026-01-28 12:29:06,274 - Knowledge - INFO - Processing rate: 0.27 files/second
2026-01-28 12:29:06,450 - Knowledge - INFO - WebSocket messages sent: 10
2026-01-28 12:29:06,668 - Knowledge - INFO - MongoDB operations: 146
2026-01-28 12:29:06,820 - Knowledge - INFO - Average MongoDB ops per file: 1.00
2026-01-28 12:29:06,992 - Knowledge - INFO - LLM costs: $0.0014
2026-01-28 12:29:07,155 - Knowledge - INFO - Prompt tokens: 5448
2026-01-28 12:29:07,316 - Knowledge - INFO - Completion tokens: 2207
2026-01-28 12:29:07,489 - Knowledge - INFO - Updating org costs, total cost: 0.0014276
2026-01-28 12:29:08,788 - Knowledge - INFO - [WEBSOCKET] Sent: Type=progress_update, Size: 289, Duration: 0ms
2026-01-28 12:29:08,966 - Knowledge - INFO - Saving knowledge to Redis...
2026-01-28 12:29:09,247 - Knowledge - INFO - Knowledge saved to Redis successfully
